Dex Num,Name,Super Effective (attacking),Not Very Effective (attacking)
#001,Bulbasaur,"['water', 'fairy']","['fire', 'poison', 'flying', 'bug', 'ghost', 'dragon', 'steel']"
#002,Ivysaur,"['water', 'fairy']","['fire', 'poison', 'flying', 'bug', 'ghost', 'dragon', 'steel']"
#003,Venusaur,"['water', 'fairy']","['fire', 'poison', 'flying', 'bug', 'ghost', 'dragon', 'steel']"
#004,Charmander,"['grass', 'ice', 'bug', 'steel']","['fire', 'water', 'rock', 'dragon']"
#005,Charmeleon,"['grass', 'ice', 'bug', 'steel']","['fire', 'water', 'rock', 'dragon']"
#006,Charizard,"['grass', 'ice', 'fighting', 'bug']","['fire', 'water', 'electric', 'rock', 'dragon']"
#007,Squirtle,"['fire', 'ground', 'rock']","['water', 'grass', 'dragon']"
#008,Wartortle,"['fire', 'ground', 'rock']","['water', 'grass', 'dragon']"
#009,Blastoise,"['fire', 'ground', 'rock']","['water', 'grass', 'dragon']"
#010,Caterpie,"['grass', 'psychic', 'dark']","['fire', 'fighting', 'poison', 'flying', 'ghost', 'steel', 'fairy']"
#011,Metapod,"['grass', 'psychic', 'dark']","['fire', 'fighting', 'poison', 'flying', 'ghost', 'steel', 'fairy']"
#012,Butterfree,"['grass', 'psychic', 'bug', 'dark']","['fire', 'electric', 'poison', 'flying', 'rock', 'ghost', 'steel', 'fairy']"
#013,Weedle,"['grass', 'psychic', 'dark']","['fire', 'fighting', 'poison', 'ground', 'flying', 'rock', 'ghost', 'steel']"
#014,Kakuna,"['grass', 'psychic', 'dark']","['fire', 'fighting', 'poison', 'ground', 'flying', 'rock', 'ghost', 'steel']"
#015,Beedrill,"['grass', 'psychic', 'dark']","['fire', 'fighting', 'poison', 'ground', 'flying', 'rock', 'ghost', 'steel']"
#016,Pidgey,"['grass', 'fighting', 'bug']","['electric', 'rock', 'ghost', 'steel']"
#017,Pidgeotto,"['grass', 'fighting', 'bug']","['electric', 'rock', 'ghost', 'steel']"
#018,Pidgeot,"['grass', 'fighting', 'bug']","['electric', 'rock', 'ghost', 'steel']"
#019,Rattata,[],"['rock', 'ghost', 'steel']"
#020,Raticate,[],"['rock', 'ghost', 'steel']"
#021,Spearow,"['grass', 'fighting', 'bug']","['electric', 'rock', 'ghost', 'steel']"
#022,Fearow,"['grass', 'fighting', 'bug']","['electric', 'rock', 'ghost', 'steel']"
#023,Ekans,"['grass', 'fairy']","['poison', 'ground', 'rock', 'ghost', 'steel']"
#024,Arbok,"['grass', 'fairy']","['poison', 'ground', 'rock', 'ghost', 'steel']"
#025,Pikachu,"['water', 'flying']","['electric', 'grass', 'ground', 'dragon']"
#026,Raichu,"['water', 'flying']","['electric', 'grass', 'ground', 'dragon']"
#027,Sandshrew,"['fire', 'electric', 'poison', 'rock', 'steel']","['grass', 'flying', 'bug']"
#028,Sandslash,"['fire', 'electric', 'poison', 'rock', 'steel']","['grass', 'flying', 'bug']"
#029,Nidoran♀,"['grass', 'fairy']","['poison', 'ground', 'rock', 'ghost', 'steel']"
#030,Nidorina,"['grass', 'fairy']","['poison', 'ground', 'rock', 'ghost', 'steel']"
#031,Nidoqueen,"['fire', 'electric', 'fairy']","['ground', 'flying', 'bug', 'ghost', 'steel']"
#032,Nidoran♂,"['grass', 'fairy']","['poison', 'ground', 'rock', 'ghost', 'steel']"
#033,Nidorino,"['grass', 'fairy']","['poison', 'ground', 'rock', 'ghost', 'steel']"
#034,Nidoking,"['fire', 'electric', 'fairy']","['ground', 'flying', 'bug', 'ghost', 'steel']"
#035,Clefairy,"['fighting', 'dragon', 'dark']","['normal', 'poison', 'steel']"
#036,Clefable,"['fighting', 'dragon', 'dark']","['normal', 'poison', 'steel']"
#037,Vulpix,"['grass', 'ice', 'bug', 'steel']","['fire', 'water', 'rock', 'dragon']"
#038,Ninetales,"['grass', 'ice', 'bug', 'steel']","['fire', 'water', 'rock', 'dragon']"
#039,Jigglypuff,"['fighting', 'dragon', 'dark']","['normal', 'poison', 'rock', 'ghost', 'steel']"
#040,Wigglytuff,"['fighting', 'dragon', 'dark']","['normal', 'poison', 'rock', 'ghost', 'steel']"
#041,Zubat,"['grass', 'fighting', 'bug', 'fairy']","['electric', 'poison', 'ground', 'rock', 'ghost', 'steel']"
#042,Golbat,"['grass', 'fighting', 'bug', 'fairy']","['electric', 'poison', 'ground', 'rock', 'ghost', 'steel']"
#043,Oddish,"['water', 'fairy']","['fire', 'poison', 'flying', 'bug', 'ghost', 'dragon', 'steel']"
#044,Gloom,"['water', 'fairy']","['fire', 'poison', 'flying', 'bug', 'ghost', 'dragon', 'steel']"
#045,Vileplume,"['water', 'fairy']","['fire', 'poison', 'flying', 'bug', 'ghost', 'dragon', 'steel']"
#046,Paras,"['water', 'ground', 'psychic', 'rock', 'dark']","['fire', 'fighting', 'poison', 'flying', 'bug', 'ghost', 'dragon', 'steel', 'fairy']"
#047,Parasect,"['water', 'ground', 'psychic', 'rock', 'dark']","['fire', 'fighting', 'poison', 'flying', 'bug', 'ghost', 'dragon', 'steel', 'fairy']"
#048,Venonat,"['grass', 'psychic', 'dark']","['fire', 'fighting', 'poison', 'ground', 'flying', 'rock', 'ghost', 'steel']"
#049,Venomoth,"['grass', 'psychic', 'dark']","['fire', 'fighting', 'poison', 'ground', 'flying', 'rock', 'ghost', 'steel']"
#050,Diglett,"['fire', 'electric', 'poison', 'rock', 'steel']","['grass', 'flying', 'bug']"
#051,Dugtrio,"['fire', 'electric', 'poison', 'rock', 'steel']","['grass', 'flying', 'bug']"
#052,Meowth,[],"['rock', 'ghost', 'steel']"
#053,Persian,[],"['rock', 'ghost', 'steel']"
#054,Psyduck,"['fire', 'ground', 'rock']","['water', 'grass', 'dragon']"
#055,Golduck,"['fire', 'ground', 'rock']","['water', 'grass', 'dragon']"
#056,Mankey,"['normal', 'ice', 'rock', 'dark', 'steel']","['poison', 'flying', 'psychic', 'bug', 'ghost', 'fairy']"
#057,Primeape,"['normal', 'ice', 'rock', 'dark', 'steel']","['poison', 'flying', 'psychic', 'bug', 'ghost', 'fairy']"
#058,Growlithe,"['grass', 'ice', 'bug', 'steel']","['fire', 'water', 'rock', 'dragon']"
#059,Arcanine,"['grass', 'ice', 'bug', 'steel']","['fire', 'water', 'rock', 'dragon']"
#060,Poliwag,"['fire', 'ground', 'rock']","['water', 'grass', 'dragon']"
#061,Poliwhirl,"['fire', 'ground', 'rock']","['water', 'grass', 'dragon']"
#062,Poliwrath,"['normal', 'fire', 'ice', 'ground', 'rock', 'dark', 'steel']","['water', 'grass', 'poison', 'flying', 'psychic', 'bug', 'ghost', 'dragon', 'fairy']"
#063,Abra,"['fighting', 'poison']","['psychic', 'dark', 'steel']"
#064,Kadabra,"['fighting', 'poison']","['psychic', 'dark', 'steel']"
#065,Alakazam,"['fighting', 'poison']","['psychic', 'dark', 'steel']"
#066,Machop,"['normal', 'ice', 'rock', 'dark', 'steel']","['poison', 'flying', 'psychic', 'bug', 'ghost', 'fairy']"
#067,Machoke,"['normal', 'ice', 'rock', 'dark', 'steel']","['poison', 'flying', 'psychic', 'bug', 'ghost', 'fairy']"
#068,Machamp,"['normal', 'ice', 'rock', 'dark', 'steel']","['poison', 'flying', 'psychic', 'bug', 'ghost', 'fairy']"
#069,Bellsprout,"['water', 'fairy']","['fire', 'poison', 'flying', 'bug', 'ghost', 'dragon', 'steel']"
#070,Weepinbell,"['water', 'fairy']","['fire', 'poison', 'flying', 'bug', 'ghost', 'dragon', 'steel']"
#071,Victreebel,"['water', 'fairy']","['fire', 'poison', 'flying', 'bug', 'ghost', 'dragon', 'steel']"
#072,Tentacool,"['fire', 'fairy']","['water', 'poison', 'ghost', 'dragon', 'steel']"
#073,Tentacruel,"['fire', 'fairy']","['water', 'poison', 'ghost', 'dragon', 'steel']"
#074,Geodude,"['fire', 'electric', 'ice', 'poison', 'rock']","['grass', 'fighting', 'ground', 'flying']"
#075,Graveler,"['fire', 'electric', 'ice', 'poison', 'rock']","['grass', 'fighting', 'ground', 'flying']"
#076,Golem,"['fire', 'electric', 'ice', 'poison', 'rock']","['grass', 'fighting', 'ground', 'flying']"
#077,Ponyta,"['grass', 'ice', 'bug', 'steel']","['fire', 'water', 'rock', 'dragon']"
#078,Rapidash,"['grass', 'ice', 'bug', 'steel']","['fire', 'water', 'rock', 'dragon']"
#079,Slowpoke,"['fire', 'fighting', 'poison', 'ground', 'rock']","['water', 'grass', 'psychic', 'dragon', 'dark', 'steel']"
#080,Slowbro,"['fire', 'fighting', 'poison', 'ground', 'rock']","['water', 'grass', 'psychic', 'dragon', 'dark', 'steel']"
#081,Magnemite,"['ice', 'flying', 'rock', 'fairy']","['fire', 'electric', 'grass', 'ground', 'dragon', 'steel']"
#082,Magneton,"['ice', 'flying', 'rock', 'fairy']","['fire', 'electric', 'grass', 'ground', 'dragon', 'steel']"
#083,Farfetch'd,"['grass', 'fighting', 'bug']","['electric', 'rock', 'ghost', 'steel']"
#084,Doduo,"['grass', 'fighting', 'bug']","['electric', 'rock', 'ghost', 'steel']"
#085,Dodrio,"['grass', 'fighting', 'bug']","['electric', 'rock', 'ghost', 'steel']"
#086,Seel,"['fire', 'ground', 'rock']","['water', 'grass', 'dragon']"
#087,Dewgong,"['ground', 'flying', 'rock']","['water', 'ice', 'steel']"
#088,Grimer,"['grass', 'fairy']","['poison', 'ground', 'rock', 'ghost', 'steel']"
#089,Muk,"['grass', 'fairy']","['poison', 'ground', 'rock', 'ghost', 'steel']"
#090,Shellder,"['fire', 'ground', 'rock']","['water', 'grass', 'dragon']"
#091,Cloyster,"['ground', 'flying', 'rock']","['water', 'ice', 'steel']"
#092,Gastly,"['grass', 'psychic', 'fairy']","['normal', 'poison', 'ground', 'rock', 'dark', 'steel']"
#093,Haunter,"['grass', 'psychic', 'fairy']","['normal', 'poison', 'ground', 'rock', 'dark', 'steel']"
#094,Gengar,"['grass', 'psychic', 'fairy']","['normal', 'poison', 'ground', 'rock', 'dark', 'steel']"
#095,Onix,"['fire', 'electric', 'ice', 'poison', 'rock']","['grass', 'fighting', 'ground', 'flying']"
#096,Drowzee,"['fighting', 'poison']","['psychic', 'dark', 'steel']"
#097,Hypno,"['fighting', 'poison']","['psychic', 'dark', 'steel']"
#098,Krabby,"['fire', 'ground', 'rock']","['water', 'grass', 'dragon']"
#099,Kingler,"['fire', 'ground', 'rock']","['water', 'grass', 'dragon']"
#100,Voltorb,"['water', 'flying']","['electric', 'grass', 'ground', 'dragon']"
#101,Electrode,"['water', 'flying']","['electric', 'grass', 'ground', 'dragon']"
#102,Exeggcute,"['water', 'fighting', 'ground', 'rock']","['fire', 'grass', 'flying', 'psychic', 'bug', 'dragon', 'dark', 'steel']"
#103,Exeggutor,"['water', 'fighting', 'ground', 'rock']","['fire', 'grass', 'flying', 'psychic', 'bug', 'dragon', 'dark', 'steel']"
#104,Cubone,"['fire', 'electric', 'poison', 'rock', 'steel']","['grass', 'flying', 'bug']"
#105,Marowak,"['fire', 'electric', 'poison', 'rock', 'steel']","['grass', 'flying', 'bug']"
#106,Hitmonlee,"['normal', 'ice', 'rock', 'dark', 'steel']","['poison', 'flying', 'psychic', 'bug', 'ghost', 'fairy']"
#107,Hitmonchan,"['normal', 'ice', 'rock', 'dark', 'steel']","['poison', 'flying', 'psychic', 'bug', 'ghost', 'fairy']"
#108,Lickitung,[],"['rock', 'ghost', 'steel']"
#109,Koffing,"['grass', 'fairy']","['poison', 'ground', 'rock', 'ghost', 'steel']"
#110,Weezing,"['grass', 'fairy']","['poison', 'ground', 'rock', 'ghost', 'steel']"
#111,Rhyhorn,"['fire', 'electric', 'ice', 'poison', 'rock']","['grass', 'fighting', 'ground', 'flying']"
#112,Rhydon,"['fire', 'electric', 'ice', 'poison', 'rock']","['grass', 'fighting', 'ground', 'flying']"
#113,Chansey,[],"['rock', 'ghost', 'steel']"
#114,Tangela,"['water', 'ground', 'rock']","['fire', 'grass', 'poison', 'flying', 'bug', 'dragon', 'steel']"
#115,Kangaskhan,[],"['rock', 'ghost', 'steel']"
#116,Horsea,"['fire', 'ground', 'rock']","['water', 'grass', 'dragon']"
#117,Seadra,"['fire', 'ground', 'rock']","['water', 'grass', 'dragon']"
#118,Goldeen,"['fire', 'ground', 'rock']","['water', 'grass', 'dragon']"
#119,Seaking,"['fire', 'ground', 'rock']","['water', 'grass', 'dragon']"
#120,Staryu,"['fire', 'ground', 'rock']","['water', 'grass', 'dragon']"
#121,Starmie,"['fire', 'fighting', 'poison', 'ground', 'rock']","['water', 'grass', 'psychic', 'dragon', 'dark', 'steel']"
#122,Mr. Mime,"['fighting', 'dragon']","['normal', 'psychic', 'dark', 'steel']"
#123,Scyther,"['grass', 'psychic', 'bug', 'dark']","['fire', 'electric', 'poison', 'flying', 'rock', 'ghost', 'steel', 'fairy']"
#124,Jynx,"['grass', 'fighting', 'poison', 'ground', 'flying', 'dragon']","['fire', 'water', 'ice', 'psychic', 'dark', 'steel']"
#125,Electabuzz,"['water', 'flying']","['electric', 'grass', 'ground', 'dragon']"
#126,Magmar,"['grass', 'ice', 'bug', 'steel']","['fire', 'water', 'rock', 'dragon']"
#127,Pinsir,"['grass', 'psychic', 'dark']","['fire', 'fighting', 'poison', 'flying', 'ghost', 'steel', 'fairy']"
#128,Tauros,[],"['rock', 'ghost', 'steel']"
#129,Magikarp,"['fire', 'ground', 'rock']","['water', 'grass', 'dragon']"
#130,Gyarados,"['fire', 'fighting', 'ground', 'bug']","['water', 'electric', 'dragon', 'steel']"
#131,Lapras,"['ground', 'flying', 'rock']","['water', 'ice', 'steel']"
#132,Ditto,[],"['rock', 'ghost', 'steel']"
#133,Eevee,[],"['rock', 'ghost', 'steel']"
#134,Vaporeon,"['fire', 'ground', 'rock']","['water', 'grass', 'dragon']"
#135,Jolteon,"['water', 'flying']","['electric', 'grass', 'ground', 'dragon']"
#136,Flareon,"['grass', 'ice', 'bug', 'steel']","['fire', 'water', 'rock', 'dragon']"
#137,Porygon,[],"['rock', 'ghost', 'steel']"
#138,Omanyte,"['fire', 'ice', 'flying', 'bug', 'rock']","['water', 'grass', 'fighting', 'dragon', 'steel']"
#139,Omastar,"['fire', 'ice', 'flying', 'bug', 'rock']","['water', 'grass', 'fighting', 'dragon', 'steel']"
#140,Kabuto,"['fire', 'ice', 'flying', 'bug', 'rock']","['water', 'grass', 'fighting', 'dragon', 'steel']"
#141,Kabutops,"['fire', 'ice', 'flying', 'bug', 'rock']","['water', 'grass', 'fighting', 'dragon', 'steel']"
#142,Aerodactyl,"['fire', 'grass', 'ice', 'flying', 'bug']","['electric', 'ground', 'rock', 'steel']"
#143,Snorlax,[],"['rock', 'ghost', 'steel']"
#144,Articuno,"['grass', 'fighting', 'ground', 'flying', 'bug', 'dragon']","['fire', 'water', 'electric', 'ice', 'rock', 'steel']"
#145,Zapdos,"['water', 'fighting', 'flying', 'bug']","['electric', 'ground', 'rock', 'dragon', 'steel']"
#146,Moltres,"['grass', 'ice', 'fighting', 'bug']","['fire', 'water', 'electric', 'rock', 'dragon']"
#147,Dratini,['dragon'],"['steel', 'fairy']"
#148,Dragonair,['dragon'],"['steel', 'fairy']"
#149,Dragonite,"['grass', 'fighting', 'bug', 'dragon']","['electric', 'rock', 'steel', 'fairy']"
#150,Mewtwo,"['fighting', 'poison']","['psychic', 'dark', 'steel']"
#151,Mew,"['fighting', 'poison']","['psychic', 'dark', 'steel']"
#152,Chikorita,"['water', 'ground', 'rock']","['fire', 'grass', 'poison', 'flying', 'bug', 'dragon', 'steel']"
#153,Bayleef,"['water', 'ground', 'rock']","['fire', 'grass', 'poison', 'flying', 'bug', 'dragon', 'steel']"
#154,Meganium,"['water', 'ground', 'rock']","['fire', 'grass', 'poison', 'flying', 'bug', 'dragon', 'steel']"
#155,Cyndaquil,"['grass', 'ice', 'bug', 'steel']","['fire', 'water', 'rock', 'dragon']"
#156,Quilava,"['grass', 'ice', 'bug', 'steel']","['fire', 'water', 'rock', 'dragon']"
#157,Typhlosion,"['grass', 'ice', 'bug', 'steel']","['fire', 'water', 'rock', 'dragon']"
#158,Totodile,"['fire', 'ground', 'rock']","['water', 'grass', 'dragon']"
#159,Croconaw,"['fire', 'ground', 'rock']","['water', 'grass', 'dragon']"
#160,Feraligatr,"['fire', 'ground', 'rock']","['water', 'grass', 'dragon']"
#161,Sentret,[],"['rock', 'ghost', 'steel']"
#162,Furret,[],"['rock', 'ghost', 'steel']"
#163,Hoothoot,"['grass', 'fighting', 'bug']","['electric', 'rock', 'ghost', 'steel']"
#164,Noctowl,"['grass', 'fighting', 'bug']","['electric', 'rock', 'ghost', 'steel']"
#165,Ledyba,"['grass', 'psychic', 'bug', 'dark']","['fire', 'electric', 'poison', 'flying', 'rock', 'ghost', 'steel', 'fairy']"
#166,Ledian,"['grass', 'psychic', 'bug', 'dark']","['fire', 'electric', 'poison', 'flying', 'rock', 'ghost', 'steel', 'fairy']"
#167,Spinarak,"['grass', 'psychic', 'dark']","['fire', 'fighting', 'poison', 'ground', 'flying', 'rock', 'ghost', 'steel']"
#168,Ariados,"['grass', 'psychic', 'dark']","['fire', 'fighting', 'poison', 'ground', 'flying', 'rock', 'ghost', 'steel']"
#169,Crobat,"['grass', 'fighting', 'bug', 'fairy']","['electric', 'poison', 'ground', 'rock', 'ghost', 'steel']"
#170,Chinchou,"['fire', 'flying', 'rock']","['electric', 'grass', 'ground', 'dragon']"
#171,Lanturn,"['fire', 'flying', 'rock']","['electric', 'grass', 'ground', 'dragon']"
#172,Pichu,"['water', 'flying']","['electric', 'grass', 'ground', 'dragon']"
#173,Cleffa,"['fighting', 'dragon', 'dark']","['normal', 'poison', 'steel']"
#174,Igglybuff,"['fighting', 'dragon', 'dark']","['normal', 'poison', 'rock', 'ghost', 'steel']"
#175,Togepi,"['fighting', 'dragon', 'dark']","['normal', 'poison', 'steel']"
#176,Togetic,"['grass', 'fighting', 'bug', 'dragon', 'dark']","['normal', 'electric', 'poison', 'rock', 'steel']"
#177,Natu,"['grass', 'fighting', 'poison', 'bug']","['electric', 'psychic', 'rock', 'dark', 'steel']"
#178,Xatu,"['grass', 'fighting', 'poison', 'bug']","['electric', 'psychic', 'rock', 'dark', 'steel']"
#179,Mareep,"['water', 'flying']","['electric', 'grass', 'ground', 'dragon']"
#180,Flaaffy,"['water', 'flying']","['electric', 'grass', 'ground', 'dragon']"
#181,Ampharos,"['water', 'flying']","['electric', 'grass', 'ground', 'dragon']"
#182,Bellossom,"['water', 'ground', 'rock']","['fire', 'grass', 'poison', 'flying', 'bug', 'dragon', 'steel']"
#183,Marill,"['fire', 'fighting', 'ground', 'rock', 'dark']","['normal', 'water', 'grass', 'poison', 'steel']"
#184,Azumarill,"['fire', 'fighting', 'ground', 'rock', 'dark']","['normal', 'water', 'grass', 'poison', 'steel']"
#185,Sudowoodo,"['fire', 'ice', 'flying', 'bug']","['fighting', 'ground', 'steel']"
#186,Politoed,"['fire', 'ground', 'rock']","['water', 'grass', 'dragon']"
#187,Hoppip,"['water', 'fighting', 'ground']","['fire', 'electric', 'poison', 'flying', 'dragon', 'steel']"
#188,Skiploom,"['water', 'fighting', 'ground']","['fire', 'electric', 'poison', 'flying', 'dragon', 'steel']"
#189,Jumpluff,"['water', 'fighting', 'ground']","['fire', 'electric', 'poison', 'flying', 'dragon', 'steel']"
#190,Aipom,[],"['rock', 'ghost', 'steel']"
#191,Sunkern,"['water', 'ground', 'rock']","['fire', 'grass', 'poison', 'flying', 'bug', 'dragon', 'steel']"
#192,Sunflora,"['water', 'ground', 'rock']","['fire', 'grass', 'poison', 'flying', 'bug', 'dragon', 'steel']"
#193,Yanma,"['grass', 'psychic', 'bug', 'dark']","['fire', 'electric', 'poison', 'flying', 'rock', 'ghost', 'steel', 'fairy']"
#194,Wooper,"['fire', 'electric', 'poison', 'ground', 'rock', 'steel']","['water', 'grass', 'flying', 'bug', 'dragon']"
#195,Quagsire,"['fire', 'electric', 'poison', 'ground', 'rock', 'steel']","['water', 'grass', 'flying', 'bug', 'dragon']"
#196,Espeon,"['fighting', 'poison']","['psychic', 'dark', 'steel']"
#197,Umbreon,"['psychic', 'ghost']","['fighting', 'dark', 'fairy']"
#198,Murkrow,"['grass', 'psychic', 'bug', 'ghost']","['electric', 'rock', 'dark', 'steel', 'fairy']"
#199,Slowking,"['fire', 'fighting', 'poison', 'ground', 'rock']","['water', 'grass', 'psychic', 'dragon', 'dark', 'steel']"
#200,Misdreavus,"['psychic', 'ghost']","['normal', 'dark']"
#201,Unown,"['fighting', 'poison']","['psychic', 'dark', 'steel']"
#202,Wobbuffet,"['fighting', 'poison']","['psychic', 'dark', 'steel']"
#203,Girafarig,"['fighting', 'poison']","['psychic', 'rock', 'ghost', 'dark', 'steel']"
#204,Pineco,"['grass', 'psychic', 'dark']","['fire', 'fighting', 'poison', 'flying', 'ghost', 'steel', 'fairy']"
#205,Forretress,"['grass', 'ice', 'psychic', 'rock', 'dark']","['fire', 'water', 'electric', 'fighting', 'poison', 'flying', 'ghost', 'steel']"
#206,Dunsparce,[],"['rock', 'ghost', 'steel']"
#207,Gligar,"['fire', 'fighting', 'poison']",['flying']
#208,Steelix,"['ice', 'poison', 'rock', 'fairy']","['water', 'grass', 'flying', 'bug']"
#209,Snubbull,"['fighting', 'dragon', 'dark']","['normal', 'poison', 'steel']"
#210,Granbull,"['fighting', 'dragon', 'dark']","['normal', 'poison', 'steel']"
#211,Qwilfish,"['fire', 'fairy']","['water', 'poison', 'ghost', 'dragon', 'steel']"
#212,Scizor,"['grass', 'ice', 'psychic', 'rock', 'dark']","['fire', 'water', 'electric', 'fighting', 'poison', 'flying', 'ghost', 'steel']"
#213,Shuckle,"['grass', 'ice', 'psychic', 'bug', 'dark']","['fighting', 'poison', 'ground', 'ghost', 'steel', 'fairy']"
#214,Heracross,"['normal', 'grass', 'ice', 'rock', 'dark']","['fire', 'fighting', 'poison', 'flying', 'bug', 'ghost', 'fairy']"
#215,Sneasel,"['grass', 'ground', 'flying', 'psychic', 'ghost', 'dragon']","['fire', 'water', 'ice', 'fighting', 'dark', 'steel', 'fairy']"
#216,Teddiursa,[],"['rock', 'ghost', 'steel']"
#217,Ursaring,[],"['rock', 'ghost', 'steel']"
#218,Slugma,"['grass', 'ice', 'bug', 'steel']","['fire', 'water', 'rock', 'dragon']"
#219,Magcargo,"['grass', 'ice', 'flying', 'bug']","['water', 'fighting', 'ground', 'rock', 'dragon']"
#220,Swinub,"['electric', 'poison', 'ground', 'rock', 'dragon']","['water', 'ice', 'flying', 'bug']"
#221,Piloswine,"['electric', 'poison', 'ground', 'rock', 'dragon']","['water', 'ice', 'flying', 'bug']"
#222,Corsola,"['fire', 'ice', 'flying', 'bug', 'rock']","['water', 'grass', 'fighting', 'dragon', 'steel']"
#223,Remoraid,"['fire', 'ground', 'rock']","['water', 'grass', 'dragon']"
#224,Octillery,"['fire', 'ground', 'rock']","['water', 'grass', 'dragon']"
#225,Delibird,"['grass', 'fighting', 'ground', 'flying', 'bug', 'dragon']","['fire', 'water', 'electric', 'ice', 'rock', 'steel']"
#226,Mantine,"['fire', 'fighting', 'ground', 'bug']","['water', 'electric', 'dragon', 'steel']"
#227,Skarmory,"['grass', 'ice', 'fighting', 'bug', 'fairy']","['fire', 'water', 'electric', 'steel']"
#228,Houndour,"['grass', 'ice', 'psychic', 'bug', 'ghost', 'steel']","['fire', 'water', 'fighting', 'rock', 'dragon', 'dark', 'fairy']"
#229,Houndoom,"['grass', 'ice', 'psychic', 'bug', 'ghost', 'steel']","['fire', 'water', 'fighting', 'rock', 'dragon', 'dark', 'fairy']"
#230,Kingdra,"['fire', 'ground', 'rock']","['water', 'grass', 'steel', 'fairy']"
#231,Phanpy,"['fire', 'electric', 'poison', 'rock', 'steel']","['grass', 'flying', 'bug']"
#232,Donphan,"['fire', 'electric', 'poison', 'rock', 'steel']","['grass', 'flying', 'bug']"
#233,Porygon2,[],"['rock', 'ghost', 'steel']"
#234,Stantler,[],"['rock', 'ghost', 'steel']"
#235,Smeargle,[],"['rock', 'ghost', 'steel']"
#236,Tyrogue,"['normal', 'ice', 'rock', 'dark', 'steel']","['poison', 'flying', 'psychic', 'bug', 'ghost', 'fairy']"
#237,Hitmontop,"['normal', 'ice', 'rock', 'dark', 'steel']","['poison', 'flying', 'psychic', 'bug', 'ghost', 'fairy']"
#238,Smoochum,"['grass', 'fighting', 'poison', 'ground', 'flying', 'dragon']","['fire', 'water', 'ice', 'psychic', 'dark', 'steel']"
#239,Elekid,"['water', 'flying']","['electric', 'grass', 'ground', 'dragon']"
#240,Magby,"['grass', 'ice', 'bug', 'steel']","['fire', 'water', 'rock', 'dragon']"
#241,Miltank,[],"['rock', 'ghost', 'steel']"
#242,Blissey,[],"['rock', 'ghost', 'steel']"
#243,Raikou,"['water', 'flying']","['electric', 'grass', 'ground', 'dragon']"
#244,Entei,"['grass', 'ice', 'bug', 'steel']","['fire', 'water', 'rock', 'dragon']"
#245,Suicune,"['fire', 'ground', 'rock']","['water', 'grass', 'dragon']"
#246,Larvitar,"['fire', 'electric', 'ice', 'poison', 'rock']","['grass', 'fighting', 'ground', 'flying']"
#247,Pupitar,"['fire', 'electric', 'ice', 'poison', 'rock']","['grass', 'fighting', 'ground', 'flying']"
#248,Tyranitar,"['fire', 'ice', 'flying', 'psychic', 'bug', 'ghost']","['fighting', 'ground', 'dark', 'steel', 'fairy']"
#249,Lugia,"['grass', 'fighting', 'poison', 'bug']","['electric', 'psychic', 'rock', 'dark', 'steel']"
#250,Ho-Oh,"['grass', 'ice', 'fighting', 'bug']","['fire', 'water', 'electric', 'rock', 'dragon']"
#251,Celebi,"['water', 'fighting', 'ground', 'rock']","['fire', 'grass', 'flying', 'psychic', 'bug', 'dragon', 'dark', 'steel']"
#252,Treecko,"['water', 'ground', 'rock']","['fire', 'grass', 'poison', 'flying', 'bug', 'dragon', 'steel']"
#253,Grovyle,"['water', 'ground', 'rock']","['fire', 'grass', 'poison', 'flying', 'bug', 'dragon', 'steel']"
#254,Sceptile,"['water', 'ground', 'rock']","['fire', 'grass', 'poison', 'flying', 'bug', 'dragon', 'steel']"
#255,Torchic,"['grass', 'ice', 'bug', 'steel']","['fire', 'water', 'rock', 'dragon']"
#256,Combusken,"['normal', 'grass', 'ice', 'dark', 'steel']","['fire', 'water', 'poison', 'flying', 'psychic', 'ghost', 'dragon', 'fairy']"
#257,Blaziken,"['normal', 'grass', 'ice', 'dark', 'steel']","['fire', 'water', 'poison', 'flying', 'psychic', 'ghost', 'dragon', 'fairy']"
#258,Mudkip,"['fire', 'ground', 'rock']","['water', 'grass', 'dragon']"
#259,Marshtomp,"['fire', 'electric', 'poison', 'ground', 'rock', 'steel']","['water', 'grass', 'flying', 'bug', 'dragon']"
#260,Swampert,"['fire', 'electric', 'poison', 'ground', 'rock', 'steel']","['water', 'grass', 'flying', 'bug', 'dragon']"
#261,Poochyena,"['psychic', 'ghost']","['fighting', 'dark', 'fairy']"
#262,Mightyena,"['psychic', 'ghost']","['fighting', 'dark', 'fairy']"
#263,Zigzagoon,[],"['rock', 'ghost', 'steel']"
#264,Linoone,[],"['rock', 'ghost', 'steel']"
#265,Wurmple,"['grass', 'psychic', 'dark']","['fire', 'fighting', 'poison', 'flying', 'ghost', 'steel', 'fairy']"
#266,Silcoon,"['grass', 'psychic', 'dark']","['fire', 'fighting', 'poison', 'flying', 'ghost', 'steel', 'fairy']"
#267,Beautifly,"['grass', 'psychic', 'bug', 'dark']","['fire', 'electric', 'poison', 'flying', 'rock', 'ghost', 'steel', 'fairy']"
#268,Cascoon,"['grass', 'psychic', 'dark']","['fire', 'fighting', 'poison', 'flying', 'ghost', 'steel', 'fairy']"
#269,Dustox,"['grass', 'psychic', 'dark']","['fire', 'fighting', 'poison', 'ground', 'flying', 'rock', 'ghost', 'steel']"
#270,Lotad,"['ground', 'rock']","['grass', 'poison', 'flying', 'bug', 'dragon', 'steel']"
#271,Lombre,"['ground', 'rock']","['grass', 'poison', 'flying', 'bug', 'dragon', 'steel']"
#272,Ludicolo,"['ground', 'rock']","['grass', 'poison', 'flying', 'bug', 'dragon', 'steel']"
#273,Seedot,"['water', 'ground', 'rock']","['fire', 'grass', 'poison', 'flying', 'bug', 'dragon', 'steel']"
#274,Nuzleaf,"['water', 'ground', 'psychic', 'rock', 'ghost']","['fire', 'grass', 'fighting', 'poison', 'flying', 'bug', 'dragon', 'dark', 'steel', 'fairy']"
#275,Shiftry,"['water', 'ground', 'psychic', 'rock', 'ghost']","['fire', 'grass', 'fighting', 'poison', 'flying', 'bug', 'dragon', 'dark', 'steel', 'fairy']"
#276,Taillow,"['grass', 'fighting', 'bug']","['electric', 'rock', 'ghost', 'steel']"
#277,Swellow,"['grass', 'fighting', 'bug']","['electric', 'rock', 'ghost', 'steel']"
#278,Wingull,"['fire', 'fighting', 'ground', 'bug']","['water', 'electric', 'dragon', 'steel']"
#279,Pelipper,"['fire', 'fighting', 'ground', 'bug']","['water', 'electric', 'dragon', 'steel']"
#280,Ralts,"['fighting', 'dragon']","['normal', 'psychic', 'dark', 'steel']"
#281,Kirlia,"['fighting', 'dragon']","['normal', 'psychic', 'dark', 'steel']"
#282,Gardevoir,"['fighting', 'dragon']","['normal', 'psychic', 'dark', 'steel']"
#283,Surskit,"['ground', 'psychic', 'rock', 'dark']","['water', 'fighting', 'poison', 'flying', 'ghost', 'dragon', 'steel', 'fairy']"
#284,Masquerain,"['grass', 'psychic', 'bug', 'dark']","['fire', 'electric', 'poison', 'flying', 'rock', 'ghost', 'steel', 'fairy']"
#285,Shroomish,"['water', 'ground', 'rock']","['fire', 'grass', 'poison', 'flying', 'bug', 'dragon', 'steel']"
#286,Breloom,"['normal', 'water', 'ice', 'ground', 'rock', 'dark']","['fire', 'grass', 'poison', 'flying', 'psychic', 'bug', 'ghost', 'dragon', 'fairy']"
#287,Slakoth,[],"['rock', 'ghost', 'steel']"
#288,Vigoroth,[],"['rock', 'ghost', 'steel']"
#289,Slaking,[],"['rock', 'ghost', 'steel']"
#290,Nincada,"['electric', 'psychic', 'rock', 'dark']","['fighting', 'flying', 'bug', 'ghost', 'fairy']"
#291,Ninjask,"['grass', 'psychic', 'bug', 'dark']","['fire', 'electric', 'poison', 'flying', 'rock', 'ghost', 'steel', 'fairy']"
#292,Shedinja,"['grass', 'psychic']","['normal', 'fire', 'fighting', 'poison', 'flying', 'steel', 'fairy']"
#293,Whismur,[],"['rock', 'ghost', 'steel']"
#294,Loudred,[],"['rock', 'ghost', 'steel']"
#295,Exploud,[],"['rock', 'ghost', 'steel']"
#296,Makuhita,"['normal', 'ice', 'rock', 'dark', 'steel']","['poison', 'flying', 'psychic', 'bug', 'ghost', 'fairy']"
#297,Hariyama,"['normal', 'ice', 'rock', 'dark', 'steel']","['poison', 'flying', 'psychic', 'bug', 'ghost', 'fairy']"
#298,Azurill,"['fighting', 'dragon', 'dark']","['normal', 'poison', 'rock', 'ghost', 'steel']"
#299,Nosepass,"['fire', 'ice', 'flying', 'bug']","['fighting', 'ground', 'steel']"
#300,Skitty,[],"['rock', 'ghost', 'steel']"
#301,Delcatty,[],"['rock', 'ghost', 'steel']"
#302,Sableye,"['psychic', 'ghost']","['normal', 'fighting', 'dark', 'fairy']"
#303,Mawile,"['ice', 'fighting', 'rock', 'dragon', 'dark', 'fairy']","['normal', 'fire', 'water', 'electric', 'poison', 'steel']"
#304,Aron,"['ice', 'flying', 'bug', 'rock', 'fairy']","['water', 'electric', 'fighting', 'ground', 'steel']"
#305,Lairon,"['ice', 'flying', 'bug', 'rock', 'fairy']","['water', 'electric', 'fighting', 'ground', 'steel']"
#306,Aggron,"['ice', 'flying', 'bug', 'rock', 'fairy']","['water', 'electric', 'fighting', 'ground', 'steel']"
#307,Meditite,"['normal', 'ice', 'fighting', 'rock']","['flying', 'psychic', 'bug', 'ghost', 'dark', 'fairy']"
#308,Medicham,"['normal', 'ice', 'fighting', 'rock']","['flying', 'psychic', 'bug', 'ghost', 'dark', 'fairy']"
#309,Electrike,"['water', 'flying']","['electric', 'grass', 'ground', 'dragon']"
#310,Manectric,"['water', 'flying']","['electric', 'grass', 'ground', 'dragon']"
#311,Plusle,"['water', 'flying']","['electric', 'grass', 'ground', 'dragon']"
#312,Minun,"['water', 'flying']","['electric', 'grass', 'ground', 'dragon']"
#313,Volbeat,"['grass', 'psychic', 'dark']","['fire', 'fighting', 'poison', 'flying', 'ghost', 'steel', 'fairy']"
#314,Illumise,"['grass', 'psychic', 'dark']","['fire', 'fighting', 'poison', 'flying', 'ghost', 'steel', 'fairy']"
#315,Roselia,"['water', 'fairy']","['fire', 'poison', 'flying', 'bug', 'ghost', 'dragon', 'steel']"
#316,Gulpin,"['grass', 'fairy']","['poison', 'ground', 'rock', 'ghost', 'steel']"
#317,Swalot,"['grass', 'fairy']","['poison', 'ground', 'rock', 'ghost', 'steel']"
#318,Carvanha,"['fire', 'ground', 'psychic', 'rock', 'ghost']","['water', 'grass', 'fighting', 'dragon', 'dark', 'fairy']"
#319,Sharpedo,"['fire', 'ground', 'psychic', 'rock', 'ghost']","['water', 'grass', 'fighting', 'dragon', 'dark', 'fairy']"
#320,Wailmer,"['fire', 'ground', 'rock']","['water', 'grass', 'dragon']"
#321,Wailord,"['fire', 'ground', 'rock']","['water', 'grass', 'dragon']"
#322,Numel,"['electric', 'ice', 'poison', 'steel']","['water', 'flying', 'dragon']"
#323,Camerupt,"['electric', 'ice', 'poison', 'steel']","['water', 'flying', 'dragon']"
#324,Torkoal,"['grass', 'ice', 'bug', 'steel']","['fire', 'water', 'rock', 'dragon']"
#325,Spoink,"['fighting', 'poison']","['psychic', 'dark', 'steel']"
#326,Grumpig,"['fighting', 'poison']","['psychic', 'dark', 'steel']"
#327,Spinda,[],"['rock', 'ghost', 'steel']"
#328,Trapinch,"['fire', 'electric', 'poison', 'rock', 'steel']","['grass', 'flying', 'bug']"
#329,Vibrava,"['fire', 'electric', 'poison', 'rock', 'dragon']","['grass', 'flying', 'bug', 'fairy']"
#330,Flygon,"['fire', 'electric', 'poison', 'rock', 'dragon']","['grass', 'flying', 'bug', 'fairy']"
#331,Cacnea,"['water', 'ground', 'rock']","['fire', 'grass', 'poison', 'flying', 'bug', 'dragon', 'steel']"
#332,Cacturne,"['water', 'ground', 'psychic', 'rock', 'ghost']","['fire', 'grass', 'fighting', 'poison', 'flying', 'bug', 'dragon', 'dark', 'steel', 'fairy']"
#333,Swablu,"['grass', 'fighting', 'bug']","['electric', 'rock', 'ghost', 'steel']"
#334,Altaria,"['grass', 'fighting', 'bug', 'dragon']","['electric', 'rock', 'steel', 'fairy']"
#335,Zangoose,[],"['rock', 'ghost', 'steel']"
#336,Seviper,"['grass', 'fairy']","['poison', 'ground', 'rock', 'ghost', 'steel']"
#337,Lunatone,"['fire', 'ice', 'poison', 'flying', 'bug']","['ground', 'psychic', 'dark', 'steel']"
#338,Solrock,"['fire', 'ice', 'poison', 'flying', 'bug']","['ground', 'psychic', 'dark', 'steel']"
#339,Barboach,"['fire', 'electric', 'poison', 'ground', 'rock', 'steel']","['water', 'grass', 'flying', 'bug', 'dragon']"
#340,Whiscash,"['fire', 'electric', 'poison', 'ground', 'rock', 'steel']","['water', 'grass', 'flying', 'bug', 'dragon']"
#341,Corphish,"['fire', 'ground', 'rock']","['water', 'grass', 'dragon']"
#342,Crawdaunt,"['fire', 'ground', 'psychic', 'rock', 'ghost']","['water', 'grass', 'fighting', 'dragon', 'dark', 'fairy']"
#343,Baltoy,"['fire', 'electric', 'fighting', 'poison', 'rock']","['grass', 'flying', 'psychic', 'bug', 'dark']"
#344,Claydol,"['fire', 'electric', 'fighting', 'poison', 'rock']","['grass', 'flying', 'psychic', 'bug', 'dark']"
#345,Lileep,"['water', 'ice', 'rock']","['grass', 'fighting', 'poison', 'dragon', 'steel']"
#346,Cradily,"['water', 'ice', 'rock']","['grass', 'fighting', 'poison', 'dragon', 'steel']"
#347,Anorith,"['grass', 'ice', 'psychic', 'bug', 'dark']","['fighting', 'poison', 'ground', 'ghost', 'steel', 'fairy']"
#348,Armaldo,"['grass', 'ice', 'psychic', 'bug', 'dark']","['fighting', 'poison', 'ground', 'ghost', 'steel', 'fairy']"
#349,Feebas,"['fire', 'ground', 'rock']","['water', 'grass', 'dragon']"
#350,Milotic,"['fire', 'ground', 'rock']","['water', 'grass', 'dragon']"
#351,Castform,[],"['rock', 'ghost', 'steel']"
#352,Kecleon,[],"['rock', 'ghost', 'steel']"
#353,Shuppet,"['psychic', 'ghost']","['normal', 'dark']"
#354,Banette,"['psychic', 'ghost']","['normal', 'dark']"
#355,Duskull,"['psychic', 'ghost']","['normal', 'dark']"
#356,Dusclops,"['psychic', 'ghost']","['normal', 'dark']"
#357,Tropius,"['water', 'fighting', 'ground']","['fire', 'electric', 'poison', 'flying', 'dragon', 'steel']"
#358,Chimecho,"['fighting', 'poison']","['psychic', 'dark', 'steel']"
#359,Absol,"['psychic', 'ghost']","['fighting', 'dark', 'fairy']"
#360,Wynaut,"['fighting', 'poison']","['psychic', 'dark', 'steel']"
#361,Snorunt,"['grass', 'ground', 'flying', 'dragon']","['fire', 'water', 'ice', 'steel']"
#362,Glalie,"['grass', 'ground', 'flying', 'dragon']","['fire', 'water', 'ice', 'steel']"
#363,Spheal,"['ground', 'flying', 'rock']","['water', 'ice', 'steel']"
#364,Sealeo,"['ground', 'flying', 'rock']","['water', 'ice', 'steel']"
#365,Walrein,"['ground', 'flying', 'rock']","['water', 'ice', 'steel']"
#366,Clamperl,"['fire', 'ground', 'rock']","['water', 'grass', 'dragon']"
#367,Huntail,"['fire', 'ground', 'rock']","['water', 'grass', 'dragon']"
#368,Gorebyss,"['fire', 'ground', 'rock']","['water', 'grass', 'dragon']"
#369,Relicanth,"['fire', 'ice', 'flying', 'bug', 'rock']","['water', 'grass', 'fighting', 'dragon', 'steel']"
#370,Luvdisc,"['fire', 'ground', 'rock']","['water', 'grass', 'dragon']"
#371,Bagon,['dragon'],"['steel', 'fairy']"
#372,Shelgon,['dragon'],"['steel', 'fairy']"
#373,Salamence,"['grass', 'fighting', 'bug', 'dragon']","['electric', 'rock', 'steel', 'fairy']"
#374,Beldum,"['ice', 'fighting', 'poison', 'rock', 'fairy']","['fire', 'water', 'electric', 'psychic', 'dark', 'steel']"
#375,Metang,"['ice', 'fighting', 'poison', 'rock', 'fairy']","['fire', 'water', 'electric', 'psychic', 'dark', 'steel']"
#376,Metagross,"['ice', 'fighting', 'poison', 'rock', 'fairy']","['fire', 'water', 'electric', 'psychic', 'dark', 'steel']"
#377,Regirock,"['fire', 'ice', 'flying', 'bug']","['fighting', 'ground', 'steel']"
#378,Regice,"['grass', 'ground', 'flying', 'dragon']","['fire', 'water', 'ice', 'steel']"
#379,Registeel,"['ice', 'rock', 'fairy']","['fire', 'water', 'electric', 'steel']"
#380,Latias,"['fighting', 'poison', 'dragon']","['psychic', 'dark', 'steel', 'fairy']"
#381,Latios,"['fighting', 'poison', 'dragon']","['psychic', 'dark', 'steel', 'fairy']"
#382,Kyogre,"['fire', 'ground', 'rock']","['water', 'grass', 'dragon']"
#383,Groudon,"['fire', 'electric', 'poison', 'rock', 'steel']","['grass', 'flying', 'bug']"
#384,Rayquaza,"['grass', 'fighting', 'bug', 'dragon']","['electric', 'rock', 'steel', 'fairy']"
#385,Jirachi,"['ice', 'fighting', 'poison', 'rock', 'fairy']","['fire', 'water', 'electric', 'psychic', 'dark', 'steel']"
#386,Deoxys,"['fighting', 'poison']","['psychic', 'dark', 'steel']"
#387,Turtwig,"['water', 'ground', 'rock']","['fire', 'grass', 'poison', 'flying', 'bug', 'dragon', 'steel']"
#388,Grotle,"['water', 'ground', 'rock']","['fire', 'grass', 'poison', 'flying', 'bug', 'dragon', 'steel']"
#389,Torterra,"['water', 'electric', 'ground', 'rock']","['grass', 'flying', 'bug', 'dragon']"
#390,Chimchar,"['grass', 'ice', 'bug', 'steel']","['fire', 'water', 'rock', 'dragon']"
#391,Monferno,"['normal', 'grass', 'ice', 'dark', 'steel']","['fire', 'water', 'poison', 'flying', 'psychic', 'ghost', 'dragon', 'fairy']"
#392,Infernape,"['normal', 'grass', 'ice', 'dark', 'steel']","['fire', 'water', 'poison', 'flying', 'psychic', 'ghost', 'dragon', 'fairy']"
#393,Piplup,"['fire', 'ground', 'rock']","['water', 'grass', 'dragon']"
#394,Prinplup,"['fire', 'ground', 'rock']","['water', 'grass', 'dragon']"
#395,Empoleon,"['ice', 'ground', 'rock', 'fairy']","['water', 'electric', 'grass', 'dragon', 'steel']"
#396,Starly,"['grass', 'fighting', 'bug']","['electric', 'rock', 'ghost', 'steel']"
#397,Staravia,"['grass', 'fighting', 'bug']","['electric', 'rock', 'ghost', 'steel']"
#398,Staraptor,"['grass', 'fighting', 'bug']","['electric', 'rock', 'ghost', 'steel']"
#399,Bidoof,[],"['rock', 'ghost', 'steel']"
#400,Bibarel,"['fire', 'ground']","['water', 'grass', 'ghost', 'dragon', 'steel']"
#401,Kricketot,"['grass', 'psychic', 'dark']","['fire', 'fighting', 'poison', 'flying', 'ghost', 'steel', 'fairy']"
#402,Kricketune,"['grass', 'psychic', 'dark']","['fire', 'fighting', 'poison', 'flying', 'ghost', 'steel', 'fairy']"
#403,Shinx,"['water', 'flying']","['electric', 'grass', 'ground', 'dragon']"
#404,Luxio,"['water', 'flying']","['electric', 'grass', 'ground', 'dragon']"
#405,Luxray,"['water', 'flying']","['electric', 'grass', 'ground', 'dragon']"
#406,Budew,"['water', 'fairy']","['fire', 'poison', 'flying', 'bug', 'ghost', 'dragon', 'steel']"
#407,Roserade,"['water', 'fairy']","['fire', 'poison', 'flying', 'bug', 'ghost', 'dragon', 'steel']"
#408,Cranidos,"['fire', 'ice', 'flying', 'bug']","['fighting', 'ground', 'steel']"
#409,Rampardos,"['fire', 'ice', 'flying', 'bug']","['fighting', 'ground', 'steel']"
#410,Shieldon,"['ice', 'flying', 'bug', 'rock', 'fairy']","['water', 'electric', 'fighting', 'ground', 'steel']"
#411,Bastiodon,"['ice', 'flying', 'bug', 'rock', 'fairy']","['water', 'electric', 'fighting', 'ground', 'steel']"
#412,Burmy,"['grass', 'psychic', 'dark']","['fire', 'fighting', 'poison', 'flying', 'ghost', 'steel', 'fairy']"
#413,Wormadam,"['water', 'ground', 'psychic', 'rock', 'dark']","['fire', 'fighting', 'poison', 'flying', 'bug', 'ghost', 'dragon', 'steel', 'fairy']"
#414,Mothim,"['grass', 'psychic', 'bug', 'dark']","['fire', 'electric', 'poison', 'flying', 'rock', 'ghost', 'steel', 'fairy']"
#415,Combee,"['grass', 'psychic', 'bug', 'dark']","['fire', 'electric', 'poison', 'flying', 'rock', 'ghost', 'steel', 'fairy']"
#416,Vespiquen,"['grass', 'psychic', 'bug', 'dark']","['fire', 'electric', 'poison', 'flying', 'rock', 'ghost', 'steel', 'fairy']"
#417,Pachirisu,"['water', 'flying']","['electric', 'grass', 'ground', 'dragon']"
#418,Buizel,"['fire', 'ground', 'rock']","['water', 'grass', 'dragon']"
#419,Floatzel,"['fire', 'ground', 'rock']","['water', 'grass', 'dragon']"
#420,Cherubi,"['water', 'ground', 'rock']","['fire', 'grass', 'poison', 'flying', 'bug', 'dragon', 'steel']"
#421,Cherrim,"['water', 'ground', 'rock']","['fire', 'grass', 'poison', 'flying', 'bug', 'dragon', 'steel']"
#422,Shellos,"['fire', 'ground', 'rock']","['water', 'grass', 'dragon']"
#423,Gastrodon,"['fire', 'electric', 'poison', 'ground', 'rock', 'steel']","['water', 'grass', 'flying', 'bug', 'dragon']"
#424,Ambipom,[],"['rock', 'ghost', 'steel']"
#425,Drifloon,"['grass', 'fighting', 'psychic', 'bug', 'ghost']","['normal', 'electric', 'rock', 'dark', 'steel']"
#426,Drifblim,"['grass', 'fighting', 'psychic', 'bug', 'ghost']","['normal', 'electric', 'rock', 'dark', 'steel']"
#427,Buneary,[],"['rock', 'ghost', 'steel']"
#428,Lopunny,[],"['rock', 'ghost', 'steel']"
#429,Mismagius,"['psychic', 'ghost']","['normal', 'dark']"
#430,Honchkrow,"['grass', 'psychic', 'bug', 'ghost']","['electric', 'rock', 'dark', 'steel', 'fairy']"
#431,Glameow,[],"['rock', 'ghost', 'steel']"
#432,Purugly,[],"['rock', 'ghost', 'steel']"
#433,Chingling,"['fighting', 'poison']","['psychic', 'dark', 'steel']"
#434,Stunky,"['grass', 'psychic']","['fighting', 'poison', 'ground', 'rock', 'dark', 'steel']"
#435,Skuntank,"['grass', 'psychic']","['fighting', 'poison', 'ground', 'rock', 'dark', 'steel']"
#436,Bronzor,"['ice', 'fighting', 'poison', 'rock', 'fairy']","['fire', 'water', 'electric', 'psychic', 'dark', 'steel']"
#437,Bronzong,"['ice', 'fighting', 'poison', 'rock', 'fairy']","['fire', 'water', 'electric', 'psychic', 'dark', 'steel']"
#438,Bonsly,"['fire', 'ice', 'flying', 'bug']","['fighting', 'ground', 'steel']"
#439,Mime Jr.,"['fighting', 'dragon']","['normal', 'psychic', 'dark', 'steel']"
#440,Happiny,[],"['rock', 'ghost', 'steel']"
#441,Chatot,"['grass', 'fighting', 'bug']","['electric', 'rock', 'ghost', 'steel']"
#442,Spiritomb,"['psychic', 'ghost']","['normal', 'fighting', 'dark', 'fairy']"
#443,Gible,"['fire', 'electric', 'poison', 'rock', 'dragon']","['grass', 'flying', 'bug', 'fairy']"
#444,Gabite,"['fire', 'electric', 'poison', 'rock', 'dragon']","['grass', 'flying', 'bug', 'fairy']"
#445,Garchomp,"['fire', 'electric', 'poison', 'rock', 'dragon']","['grass', 'flying', 'bug', 'fairy']"
#446,Munchlax,[],"['rock', 'ghost', 'steel']"
#447,Riolu,"['normal', 'ice', 'rock', 'dark', 'steel']","['poison', 'flying', 'psychic', 'bug', 'ghost', 'fairy']"
#448,Lucario,"['normal', 'ice', 'rock', 'dark']","['fire', 'water', 'electric', 'poison', 'flying', 'psychic', 'bug', 'ghost']"
#449,Hippopotas,"['fire', 'electric', 'poison', 'rock', 'steel']","['grass', 'flying', 'bug']"
#450,Hippowdon,"['fire', 'electric', 'poison', 'rock', 'steel']","['grass', 'flying', 'bug']"
#451,Skorupi,"['grass', 'psychic', 'dark']","['fire', 'fighting', 'poison', 'ground', 'flying', 'rock', 'ghost', 'steel']"
#452,Drapion,"['grass', 'psychic']","['fighting', 'poison', 'ground', 'rock', 'dark', 'steel']"
#453,Croagunk,"['normal', 'grass', 'ice', 'dark']","['poison', 'ground', 'flying', 'psychic', 'bug', 'ghost', 'steel']"
#454,Toxicroak,"['normal', 'grass', 'ice', 'dark']","['poison', 'ground', 'flying', 'psychic', 'bug', 'ghost', 'steel']"
#455,Carnivine,"['water', 'ground', 'rock']","['fire', 'grass', 'poison', 'flying', 'bug', 'dragon', 'steel']"
#456,Finneon,"['fire', 'ground', 'rock']","['water', 'grass', 'dragon']"
#457,Lumineon,"['fire', 'ground', 'rock']","['water', 'grass', 'dragon']"
#458,Mantyke,"['fire', 'fighting', 'ground', 'bug']","['water', 'electric', 'dragon', 'steel']"
#459,Snover,"['ground', 'rock']","['fire', 'ice', 'poison', 'bug', 'steel']"
#460,Abomasnow,"['ground', 'rock']","['fire', 'ice', 'poison', 'bug', 'steel']"
#461,Weavile,"['grass', 'ground', 'flying', 'psychic', 'ghost', 'dragon']","['fire', 'water', 'ice', 'fighting', 'dark', 'steel', 'fairy']"
#462,Magnezone,"['ice', 'flying', 'rock', 'fairy']","['fire', 'electric', 'grass', 'ground', 'dragon', 'steel']"
#463,Lickilicky,[],"['rock', 'ghost', 'steel']"
#464,Rhyperior,"['fire', 'electric', 'ice', 'poison', 'rock']","['grass', 'fighting', 'ground', 'flying']"
#465,Tangrowth,"['water', 'ground', 'rock']","['fire', 'grass', 'poison', 'flying', 'bug', 'dragon', 'steel']"
#466,Electivire,"['water', 'flying']","['electric', 'grass', 'ground', 'dragon']"
#467,Magmortar,"['grass', 'ice', 'bug', 'steel']","['fire', 'water', 'rock', 'dragon']"
#468,Togekiss,"['grass', 'fighting', 'bug', 'dragon', 'dark']","['normal', 'electric', 'poison', 'rock', 'steel']"
#469,Yanmega,"['grass', 'psychic', 'bug', 'dark']","['fire', 'electric', 'poison', 'flying', 'rock', 'ghost', 'steel', 'fairy']"
#470,Leafeon,"['water', 'ground', 'rock']","['fire', 'grass', 'poison', 'flying', 'bug', 'dragon', 'steel']"
#471,Glaceon,"['grass', 'ground', 'flying', 'dragon']","['fire', 'water', 'ice', 'steel']"
#472,Gliscor,"['fire', 'fighting', 'poison']",['flying']
#473,Mamoswine,"['electric', 'poison', 'ground', 'rock', 'dragon']","['water', 'ice', 'flying', 'bug']"
#474,Porygon-Z,[],"['rock', 'ghost', 'steel']"
#475,Gallade,"['normal', 'ice', 'fighting', 'rock']","['flying', 'psychic', 'bug', 'ghost', 'dark', 'fairy']"
#476,Probopass,"['ice', 'flying', 'bug', 'rock', 'fairy']","['water', 'electric', 'fighting', 'ground', 'steel']"
#477,Dusknoir,"['psychic', 'ghost']","['normal', 'dark']"
#478,Froslass,"['grass', 'ground', 'flying', 'psychic', 'ghost', 'dragon']","['normal', 'fire', 'water', 'ice', 'dark', 'steel']"
#479,Rotom,"['water', 'flying', 'psychic', 'ghost']","['normal', 'electric', 'grass', 'ground', 'dragon', 'dark']"
#480,Uxie,"['fighting', 'poison']","['psychic', 'dark', 'steel']"
#481,Mesprit,"['fighting', 'poison']","['psychic', 'dark', 'steel']"
#482,Azelf,"['fighting', 'poison']","['psychic', 'dark', 'steel']"
#483,Dialga,"['ice', 'rock', 'dragon']","['fire', 'water', 'electric', 'steel', 'fairy']"
#484,Palkia,"['fire', 'ground', 'rock']","['water', 'grass', 'steel', 'fairy']"
#485,Heatran,"['grass', 'ice', 'bug', 'fairy']","['fire', 'water', 'electric', 'dragon']"
#486,Regigigas,[],"['rock', 'ghost', 'steel']"
#487,Giratina,"['psychic', 'ghost', 'dragon']","['normal', 'dark', 'steel', 'fairy']"
#488,Cresselia,"['fighting', 'poison']","['psychic', 'dark', 'steel']"
#489,Phione,"['fire', 'ground', 'rock']","['water', 'grass', 'dragon']"
#490,Manaphy,"['fire', 'ground', 'rock']","['water', 'grass', 'dragon']"
#491,Darkrai,"['psychic', 'ghost']","['fighting', 'dark', 'fairy']"
#492,Shaymin,"['water', 'ground', 'rock']","['fire', 'grass', 'poison', 'flying', 'bug', 'dragon', 'steel']"
#493,Arceus,[],"['rock', 'ghost', 'steel']"
#494,Victini,"['grass', 'ice', 'fighting', 'poison', 'bug']","['fire', 'water', 'psychic', 'rock', 'dragon', 'dark']"
#495,Snivy,"['water', 'ground', 'rock']","['fire', 'grass', 'poison', 'flying', 'bug', 'dragon', 'steel']"
#496,Servine,"['water', 'ground', 'rock']","['fire', 'grass', 'poison', 'flying', 'bug', 'dragon', 'steel']"
#497,Serperior,"['water', 'ground', 'rock']","['fire', 'grass', 'poison', 'flying', 'bug', 'dragon', 'steel']"
#498,Tepig,"['grass', 'ice', 'bug', 'steel']","['fire', 'water', 'rock', 'dragon']"
#499,Pignite,"['normal', 'grass', 'ice', 'dark', 'steel']","['fire', 'water', 'poison', 'flying', 'psychic', 'ghost', 'dragon', 'fairy']"
#500,Emboar,"['normal', 'grass', 'ice', 'dark', 'steel']","['fire', 'water', 'poison', 'flying', 'psychic', 'ghost', 'dragon', 'fairy']"
#501,Oshawott,"['fire', 'ground', 'rock']","['water', 'grass', 'dragon']"
#502,Dewott,"['fire', 'ground', 'rock']","['water', 'grass', 'dragon']"
#503,Samurott,"['fire', 'ground', 'rock']","['water', 'grass', 'dragon']"
#504,Patrat,[],"['rock', 'ghost', 'steel']"
#505,Watchog,[],"['rock', 'ghost', 'steel']"
#506,Lillipup,[],"['rock', 'ghost', 'steel']"
#507,Herdier,[],"['rock', 'ghost', 'steel']"
#508,Stoutland,[],"['rock', 'ghost', 'steel']"
#509,Purrloin,"['psychic', 'ghost']","['fighting', 'dark', 'fairy']"
#510,Liepard,"['psychic', 'ghost']","['fighting', 'dark', 'fairy']"
#511,Pansage,"['water', 'ground', 'rock']","['fire', 'grass', 'poison', 'flying', 'bug', 'dragon', 'steel']"
#512,Simisage,"['water', 'ground', 'rock']","['fire', 'grass', 'poison', 'flying', 'bug', 'dragon', 'steel']"
#513,Pansear,"['grass', 'ice', 'bug', 'steel']","['fire', 'water', 'rock', 'dragon']"
#514,Simisear,"['grass', 'ice', 'bug', 'steel']","['fire', 'water', 'rock', 'dragon']"
#515,Panpour,"['fire', 'ground', 'rock']","['water', 'grass', 'dragon']"
#516,Simipour,"['fire', 'ground', 'rock']","['water', 'grass', 'dragon']"
#517,Munna,"['fighting', 'poison']","['psychic', 'dark', 'steel']"
#518,Musharna,"['fighting', 'poison']","['psychic', 'dark', 'steel']"
#519,Pidove,"['grass', 'fighting', 'bug']","['electric', 'rock', 'ghost', 'steel']"
#520,Tranquill,"['grass', 'fighting', 'bug']","['electric', 'rock', 'ghost', 'steel']"
#521,Unfezant,"['grass', 'fighting', 'bug']","['electric', 'rock', 'ghost', 'steel']"
#522,Blitzle,"['water', 'flying']","['electric', 'grass', 'ground', 'dragon']"
#523,Zebstrika,"['water', 'flying']","['electric', 'grass', 'ground', 'dragon']"
#524,Roggenrola,"['fire', 'ice', 'flying', 'bug']","['fighting', 'ground', 'steel']"
#525,Boldore,"['fire', 'ice', 'flying', 'bug']","['fighting', 'ground', 'steel']"
#526,Gigalith,"['fire', 'ice', 'flying', 'bug']","['fighting', 'ground', 'steel']"
#527,Woobat,"['grass', 'fighting', 'poison', 'bug']","['electric', 'psychic', 'rock', 'dark', 'steel']"
#528,Swoobat,"['grass', 'fighting', 'poison', 'bug']","['electric', 'psychic', 'rock', 'dark', 'steel']"
#529,Drilbur,"['fire', 'electric', 'poison', 'rock', 'steel']","['grass', 'flying', 'bug']"
#530,Excadrill,"['ice', 'poison', 'rock', 'fairy']","['water', 'grass', 'flying', 'bug']"
#531,Audino,[],"['rock', 'ghost', 'steel']"
#532,Timburr,"['normal', 'ice', 'rock', 'dark', 'steel']","['poison', 'flying', 'psychic', 'bug', 'ghost', 'fairy']"
#533,Gurdurr,"['normal', 'ice', 'rock', 'dark', 'steel']","['poison', 'flying', 'psychic', 'bug', 'ghost', 'fairy']"
#534,Conkeldurr,"['normal', 'ice', 'rock', 'dark', 'steel']","['poison', 'flying', 'psychic', 'bug', 'ghost', 'fairy']"
#535,Tympole,"['fire', 'ground', 'rock']","['water', 'grass', 'dragon']"
#536,Palpitoad,"['fire', 'electric', 'poison', 'ground', 'rock', 'steel']","['water', 'grass', 'flying', 'bug', 'dragon']"
#537,Seismitoad,"['fire', 'electric', 'poison', 'ground', 'rock', 'steel']","['water', 'grass', 'flying', 'bug', 'dragon']"
#538,Throh,"['normal', 'ice', 'rock', 'dark', 'steel']","['poison', 'flying', 'psychic', 'bug', 'ghost', 'fairy']"
#539,Sawk,"['normal', 'ice', 'rock', 'dark', 'steel']","['poison', 'flying', 'psychic', 'bug', 'ghost', 'fairy']"
#540,Sewaddle,"['water', 'ground', 'psychic', 'rock', 'dark']","['fire', 'fighting', 'poison', 'flying', 'bug', 'ghost', 'dragon', 'steel', 'fairy']"
#541,Swadloon,"['water', 'ground', 'psychic', 'rock', 'dark']","['fire', 'fighting', 'poison', 'flying', 'bug', 'ghost', 'dragon', 'steel', 'fairy']"
#542,Leavanny,"['water', 'ground', 'psychic', 'rock', 'dark']","['fire', 'fighting', 'poison', 'flying', 'bug', 'ghost', 'dragon', 'steel', 'fairy']"
#543,Venipede,"['grass', 'psychic', 'dark']","['fire', 'fighting', 'poison', 'ground', 'flying', 'rock', 'ghost', 'steel']"
#544,Whirlipede,"['grass', 'psychic', 'dark']","['fire', 'fighting', 'poison', 'ground', 'flying', 'rock', 'ghost', 'steel']"
#545,Scolipede,"['grass', 'psychic', 'dark']","['fire', 'fighting', 'poison', 'ground', 'flying', 'rock', 'ghost', 'steel']"
#546,Cottonee,"['water', 'fighting', 'ground', 'rock', 'dark']","['normal', 'fire', 'grass', 'poison', 'flying', 'bug', 'steel']"
#547,Whimsicott,"['water', 'fighting', 'ground', 'rock', 'dark']","['normal', 'fire', 'grass', 'poison', 'flying', 'bug', 'steel']"
#548,Petilil,"['water', 'ground', 'rock']","['fire', 'grass', 'poison', 'flying', 'bug', 'dragon', 'steel']"
#549,Lilligant,"['water', 'ground', 'rock']","['fire', 'grass', 'poison', 'flying', 'bug', 'dragon', 'steel']"
#550,Basculin,"['fire', 'ground', 'rock']","['water', 'grass', 'dragon']"
#551,Sandile,"['fire', 'electric', 'poison', 'psychic', 'rock', 'ghost', 'steel']","['grass', 'fighting', 'flying', 'bug', 'dark', 'fairy']"
#552,Krokorok,"['fire', 'electric', 'poison', 'psychic', 'rock', 'ghost', 'steel']","['grass', 'fighting', 'flying', 'bug', 'dark', 'fairy']"
#553,Krookodile,"['fire', 'electric', 'poison', 'psychic', 'rock', 'ghost', 'steel']","['grass', 'fighting', 'flying', 'bug', 'dark', 'fairy']"
#554,Darumaka,"['grass', 'ice', 'bug', 'steel']","['fire', 'water', 'rock', 'dragon']"
#555,Darmanitan,"['grass', 'ice', 'bug', 'steel']","['fire', 'water', 'rock', 'dragon']"
#556,Maractus,"['water', 'ground', 'rock']","['fire', 'grass', 'poison', 'flying', 'bug', 'dragon', 'steel']"
#557,Dwebble,"['grass', 'ice', 'psychic', 'bug', 'dark']","['fighting', 'poison', 'ground', 'ghost', 'steel', 'fairy']"
#558,Crustle,"['grass', 'ice', 'psychic', 'bug', 'dark']","['fighting', 'poison', 'ground', 'ghost', 'steel', 'fairy']"
#559,Scraggy,"['normal', 'ice', 'rock', 'steel']","['fighting', 'poison', 'flying', 'bug', 'ghost', 'fairy']"
#560,Scrafty,"['normal', 'ice', 'rock', 'steel']","['fighting', 'poison', 'flying', 'bug', 'ghost', 'fairy']"
#561,Sigilyph,"['grass', 'fighting', 'poison', 'bug']","['electric', 'psychic', 'rock', 'dark', 'steel']"
#562,Yamask,"['psychic', 'ghost']","['normal', 'dark']"
#563,Cofagrigus,"['psychic', 'ghost']","['normal', 'dark']"
#564,Tirtouga,"['fire', 'ice', 'flying', 'bug', 'rock']","['water', 'grass', 'fighting', 'dragon', 'steel']"
#565,Carracosta,"['fire', 'ice', 'flying', 'bug', 'rock']","['water', 'grass', 'fighting', 'dragon', 'steel']"
#566,Archen,"['fire', 'grass', 'ice', 'flying', 'bug']","['electric', 'ground', 'rock', 'steel']"
#567,Archeops,"['fire', 'grass', 'ice', 'flying', 'bug']","['electric', 'ground', 'rock', 'steel']"
#568,Trubbish,"['grass', 'fairy']","['poison', 'ground', 'rock', 'ghost', 'steel']"
#569,Garbodor,"['grass', 'fairy']","['poison', 'ground', 'rock', 'ghost', 'steel']"
#570,Zorua,"['psychic', 'ghost']","['fighting', 'dark', 'fairy']"
#571,Zoroark,"['psychic', 'ghost']","['fighting', 'dark', 'fairy']"
#572,Minccino,[],"['rock', 'ghost', 'steel']"
#573,Cinccino,[],"['rock', 'ghost', 'steel']"
#574,Gothita,"['fighting', 'poison']","['psychic', 'dark', 'steel']"
#575,Gothorita,"['fighting', 'poison']","['psychic', 'dark', 'steel']"
#576,Gothitelle,"['fighting', 'poison']","['psychic', 'dark', 'steel']"
#577,Solosis,"['fighting', 'poison']","['psychic', 'dark', 'steel']"
#578,Duosion,"['fighting', 'poison']","['psychic', 'dark', 'steel']"
#579,Reuniclus,"['fighting', 'poison']","['psychic', 'dark', 'steel']"
#580,Ducklett,"['fire', 'fighting', 'ground', 'bug']","['water', 'electric', 'dragon', 'steel']"
#581,Swanna,"['fire', 'fighting', 'ground', 'bug']","['water', 'electric', 'dragon', 'steel']"
#582,Vanillite,"['grass', 'ground', 'flying', 'dragon']","['fire', 'water', 'ice', 'steel']"
#583,Vanillish,"['grass', 'ground', 'flying', 'dragon']","['fire', 'water', 'ice', 'steel']"
#584,Vanilluxe,"['grass', 'ground', 'flying', 'dragon']","['fire', 'water', 'ice', 'steel']"
#585,Deerling,"['water', 'ground']","['fire', 'grass', 'poison', 'flying', 'bug', 'ghost', 'dragon', 'steel']"
#586,Sawsbuck,"['water', 'ground']","['fire', 'grass', 'poison', 'flying', 'bug', 'ghost', 'dragon', 'steel']"
#587,Emolga,"['water', 'fighting', 'flying', 'bug']","['electric', 'ground', 'rock', 'dragon', 'steel']"
#588,Karrablast,"['grass', 'psychic', 'dark']","['fire', 'fighting', 'poison', 'flying', 'ghost', 'steel', 'fairy']"
#589,Escavalier,"['grass', 'ice', 'psychic', 'rock', 'dark']","['fire', 'water', 'electric', 'fighting', 'poison', 'flying', 'ghost', 'steel']"
#590,Foongus,"['water', 'fairy']","['fire', 'poison', 'flying', 'bug', 'ghost', 'dragon', 'steel']"
#591,Amoonguss,"['water', 'fairy']","['fire', 'poison', 'flying', 'bug', 'ghost', 'dragon', 'steel']"
#592,Frillish,"['fire', 'ground', 'psychic', 'rock', 'ghost']","['normal', 'water', 'grass', 'dragon', 'dark']"
#593,Jellicent,"['fire', 'ground', 'psychic', 'rock', 'ghost']","['normal', 'water', 'grass', 'dragon', 'dark']"
#594,Alomomola,"['fire', 'ground', 'rock']","['water', 'grass', 'dragon']"
#595,Joltik,"['water', 'psychic', 'dark']","['fire', 'electric', 'fighting', 'poison', 'ground', 'ghost', 'dragon', 'steel', 'fairy']"
#596,Galvantula,"['water', 'psychic', 'dark']","['fire', 'electric', 'fighting', 'poison', 'ground', 'ghost', 'dragon', 'steel', 'fairy']"
#597,Ferroseed,"['ice', 'ground', 'rock', 'fairy']","['fire', 'electric', 'grass', 'poison', 'flying', 'bug', 'dragon', 'steel']"
#598,Ferrothorn,"['ice', 'ground', 'rock', 'fairy']","['fire', 'electric', 'grass', 'poison', 'flying', 'bug', 'dragon', 'steel']"
#599,Klink,"['ice', 'rock', 'fairy']","['fire', 'water', 'electric', 'steel']"
#600,Klang,"['ice', 'rock', 'fairy']","['fire', 'water', 'electric', 'steel']"
#601,Klinklang,"['ice', 'rock', 'fairy']","['fire', 'water', 'electric', 'steel']"
#602,Tynamo,"['water', 'flying']","['electric', 'grass', 'ground', 'dragon']"
#603,Eelektrik,"['water', 'flying']","['electric', 'grass', 'ground', 'dragon']"
#604,Eelektross,"['water', 'flying']","['electric', 'grass', 'ground', 'dragon']"
#605,Elgyem,"['fighting', 'poison']","['psychic', 'dark', 'steel']"
#606,Beheeyem,"['fighting', 'poison']","['psychic', 'dark', 'steel']"
#607,Litwick,"['grass', 'ice', 'psychic', 'bug', 'ghost', 'steel']","['normal', 'fire', 'water', 'rock', 'dragon', 'dark']"
#608,Lampent,"['grass', 'ice', 'psychic', 'bug', 'ghost', 'steel']","['normal', 'fire', 'water', 'rock', 'dragon', 'dark']"
#609,Chandelure,"['grass', 'ice', 'psychic', 'bug', 'ghost', 'steel']","['normal', 'fire', 'water', 'rock', 'dragon', 'dark']"
#610,Axew,['dragon'],"['steel', 'fairy']"
#611,Fraxure,['dragon'],"['steel', 'fairy']"
#612,Haxorus,['dragon'],"['steel', 'fairy']"
#613,Cubchoo,"['grass', 'ground', 'flying', 'dragon']","['fire', 'water', 'ice', 'steel']"
#614,Beartic,"['grass', 'ground', 'flying', 'dragon']","['fire', 'water', 'ice', 'steel']"
#615,Cryogonal,"['grass', 'ground', 'flying', 'dragon']","['fire', 'water', 'ice', 'steel']"
#616,Shelmet,"['grass', 'psychic', 'dark']","['fire', 'fighting', 'poison', 'flying', 'ghost', 'steel', 'fairy']"
#617,Accelgor,"['grass', 'psychic', 'dark']","['fire', 'fighting', 'poison', 'flying', 'ghost', 'steel', 'fairy']"
#618,Stunfisk,"['fire', 'water', 'poison', 'rock', 'steel']","['grass', 'ground', 'flying', 'bug', 'dragon']"
#619,Mienfoo,"['normal', 'ice', 'rock', 'dark', 'steel']","['poison', 'flying', 'psychic', 'bug', 'ghost', 'fairy']"
#620,Mienshao,"['normal', 'ice', 'rock', 'dark', 'steel']","['poison', 'flying', 'psychic', 'bug', 'ghost', 'fairy']"
#621,Druddigon,['dragon'],"['steel', 'fairy']"
#622,Golett,"['fire', 'electric', 'poison', 'psychic', 'rock', 'ghost', 'steel']","['normal', 'grass', 'flying', 'bug', 'dark']"
#623,Golurk,"['fire', 'electric', 'poison', 'psychic', 'rock', 'ghost', 'steel']","['normal', 'grass', 'flying', 'bug', 'dark']"
#624,Pawniard,"['ice', 'psychic', 'rock', 'ghost']","['fire', 'water', 'electric', 'fighting', 'dark', 'steel']"
#625,Bisharp,"['ice', 'psychic', 'rock', 'ghost']","['fire', 'water', 'electric', 'fighting', 'dark', 'steel']"
#626,Bouffalant,[],"['rock', 'ghost', 'steel']"
#627,Rufflet,"['grass', 'fighting', 'bug']","['electric', 'rock', 'ghost', 'steel']"
#628,Braviary,"['grass', 'fighting', 'bug']","['electric', 'rock', 'ghost', 'steel']"
#629,Vullaby,"['grass', 'psychic', 'bug', 'ghost']","['electric', 'rock', 'dark', 'steel', 'fairy']"
#630,Mandibuzz,"['grass', 'psychic', 'bug', 'ghost']","['electric', 'rock', 'dark', 'steel', 'fairy']"
#631,Heatmor,"['grass', 'ice', 'bug', 'steel']","['fire', 'water', 'rock', 'dragon']"
#632,Durant,"['grass', 'ice', 'psychic', 'rock', 'dark']","['fire', 'water', 'electric', 'fighting', 'poison', 'flying', 'ghost', 'steel']"
#633,Deino,"['psychic', 'ghost', 'dragon']","['fighting', 'dark', 'steel', 'fairy']"
#634,Zweilous,"['psychic', 'ghost', 'dragon']","['fighting', 'dark', 'steel', 'fairy']"
#635,Hydreigon,"['psychic', 'ghost', 'dragon']","['fighting', 'dark', 'steel', 'fairy']"
#636,Larvesta,"['grass', 'ice', 'psychic', 'bug', 'dark']","['fire', 'water', 'fighting', 'poison', 'flying', 'rock', 'ghost', 'dragon', 'fairy']"
#637,Volcarona,"['grass', 'ice', 'psychic', 'bug', 'dark']","['fire', 'water', 'fighting', 'poison', 'flying', 'rock', 'ghost', 'dragon', 'fairy']"
#638,Cobalion,"['normal', 'ice', 'rock', 'dark']","['fire', 'water', 'electric', 'poison', 'flying', 'psychic', 'bug', 'ghost']"
#639,Terrakion,"['normal', 'fire', 'ice', 'rock', 'dark']","['fighting', 'poison', 'ground', 'psychic', 'ghost', 'fairy']"
#640,Virizion,"['normal', 'water', 'ice', 'ground', 'rock', 'dark']","['fire', 'grass', 'poison', 'flying', 'psychic', 'bug', 'ghost', 'dragon', 'fairy']"
#641,Tornadus,"['grass', 'fighting', 'bug']","['electric', 'rock', 'steel']"
#642,Thundurus,"['water', 'fighting', 'flying', 'bug']","['electric', 'ground', 'rock', 'dragon', 'steel']"
#643,Reshiram,"['grass', 'ice', 'bug']","['fire', 'water', 'rock', 'fairy']"
#644,Zekrom,"['water', 'flying']","['electric', 'grass', 'ground', 'steel', 'fairy']"
#645,Landorus,"['fire', 'fighting', 'poison']",['flying']
#646,Kyurem,"['grass', 'ground', 'flying', 'dragon']","['fire', 'water', 'ice', 'steel', 'fairy']"
#647,Keldeo,"['normal', 'fire', 'ice', 'ground', 'rock', 'dark', 'steel']","['water', 'grass', 'poison', 'flying', 'psychic', 'bug', 'ghost', 'dragon', 'fairy']"
#648,Meloetta,"['fighting', 'poison']","['psychic', 'rock', 'ghost', 'dark', 'steel']"
#649,Genesect,"['grass', 'ice', 'psychic', 'rock', 'dark']","['fire', 'water', 'electric', 'fighting', 'poison', 'flying', 'ghost', 'steel']"
#650,Chespin,"['water', 'ground', 'rock']","['fire', 'grass', 'poison', 'flying', 'bug', 'dragon', 'steel']"
#651,Quilladin,"['water', 'ground', 'rock']","['fire', 'grass', 'poison', 'flying', 'bug', 'dragon', 'steel']"
#652,Chesnaught,"['normal', 'water', 'ice', 'ground', 'rock', 'dark']","['fire', 'grass', 'poison', 'flying', 'psychic', 'bug', 'ghost', 'dragon', 'fairy']"
#653,Fennekin,"['grass', 'ice', 'bug', 'steel']","['fire', 'water', 'rock', 'dragon']"
#654,Braixen,"['grass', 'ice', 'bug', 'steel']","['fire', 'water', 'rock', 'dragon']"
#655,Delphox,"['grass', 'ice', 'fighting', 'poison', 'bug']","['fire', 'water', 'psychic', 'rock', 'dragon', 'dark']"
#656,Froakie,"['fire', 'ground', 'rock']","['water', 'grass', 'dragon']"
#657,Frogadier,"['fire', 'ground', 'rock']","['water', 'grass', 'dragon']"
#658,Greninja,"['fire', 'ground', 'psychic', 'rock', 'ghost']","['water', 'grass', 'fighting', 'dragon', 'dark', 'fairy']"
#659,Bunnelby,[],"['rock', 'ghost', 'steel']"
#660,Diggersby,"['fire', 'electric', 'poison']","['grass', 'flying', 'bug', 'ghost']"
#661,Fletchling,"['grass', 'fighting', 'bug']","['electric', 'rock', 'ghost', 'steel']"
#662,Fletchinder,"['grass', 'ice', 'fighting', 'bug']","['fire', 'water', 'electric', 'rock', 'dragon']"
#663,Talonflame,"['grass', 'ice', 'fighting', 'bug']","['fire', 'water', 'electric', 'rock', 'dragon']"
#664,Scatterbug,"['grass', 'psychic', 'dark']","['fire', 'fighting', 'poison', 'flying', 'ghost', 'steel', 'fairy']"
#665,Spewpa,"['grass', 'psychic', 'dark']","['fire', 'fighting', 'poison', 'flying', 'ghost', 'steel', 'fairy']"
#666,Vivillon,"['grass', 'psychic', 'bug', 'dark']","['fire', 'electric', 'poison', 'flying', 'rock', 'ghost', 'steel', 'fairy']"
#667,Litleo,"['grass', 'ice', 'bug']","['fire', 'water', 'rock', 'ghost', 'dragon']"
#668,Pyroar,"['grass', 'ice', 'bug']","['fire', 'water', 'rock', 'ghost', 'dragon']"
#669,Flabébé,"['fighting', 'dragon', 'dark']","['normal', 'poison', 'steel']"
#670,Floette,"['fighting', 'dragon', 'dark']","['normal', 'poison', 'steel']"
#671,Florges,"['fighting', 'dragon', 'dark']","['normal', 'poison', 'steel']"
#672,Skiddo,"['water', 'ground', 'rock']","['fire', 'grass', 'poison', 'flying', 'bug', 'dragon', 'steel']"
#673,Gogoat,"['water', 'ground', 'rock']","['fire', 'grass', 'poison', 'flying', 'bug', 'dragon', 'steel']"
#674,Pancham,"['normal', 'ice', 'rock', 'dark', 'steel']","['poison', 'flying', 'psychic', 'bug', 'ghost', 'fairy']"
#675,Pangoro,"['normal', 'ice', 'rock', 'steel']","['fighting', 'poison', 'flying', 'bug', 'ghost', 'fairy']"
#676,Furfrou,[],"['rock', 'ghost', 'steel']"
#677,Espurr,"['fighting', 'poison']","['psychic', 'dark', 'steel']"
#678,Meowstic,"['fighting', 'poison']","['psychic', 'dark', 'steel']"
#679,Honedge,"['ice', 'psychic', 'rock', 'ghost', 'fairy']","['normal', 'fire', 'water', 'electric', 'dark', 'steel']"
#680,Doublade,"['ice', 'psychic', 'rock', 'ghost', 'fairy']","['normal', 'fire', 'water', 'electric', 'dark', 'steel']"
#681,Aegislash,"['ice', 'psychic', 'rock', 'ghost', 'fairy']","['normal', 'fire', 'water', 'electric', 'dark', 'steel']"
#682,Spritzee,"['fighting', 'dragon', 'dark']","['normal', 'poison', 'steel']"
#683,Aromatisse,"['fighting', 'dragon', 'dark']","['normal', 'poison', 'steel']"
#684,Swirlix,"['fighting', 'dragon', 'dark']","['normal', 'poison', 'steel']"
#685,Slurpuff,"['fighting', 'dragon', 'dark']","['normal', 'poison', 'steel']"
#686,Inkay,"['poison', 'ghost']","['dark', 'steel', 'fairy']"
#687,Malamar,"['poison', 'ghost']","['dark', 'steel', 'fairy']"
#688,Binacle,"['fire', 'ice', 'flying', 'bug', 'rock']","['water', 'grass', 'fighting', 'dragon', 'steel']"
#689,Barbaracle,"['fire', 'ice', 'flying', 'bug', 'rock']","['water', 'grass', 'fighting', 'dragon', 'steel']"
#690,Skrelp,"['fire', 'fairy']","['water', 'poison', 'ghost', 'dragon', 'steel']"
#691,Dragalge,"['grass', 'dragon']","['poison', 'ground', 'rock', 'ghost', 'steel', 'fairy']"
#692,Clauncher,"['fire', 'ground', 'rock']","['water', 'grass', 'dragon']"
#693,Clawitzer,"['fire', 'ground', 'rock']","['water', 'grass', 'dragon']"
#694,Helioptile,"['water', 'flying']","['electric', 'grass', 'ground', 'rock', 'ghost', 'dragon', 'steel']"
#695,Heliolisk,"['water', 'flying']","['electric', 'grass', 'ground', 'rock', 'ghost', 'dragon', 'steel']"
#696,Tyrunt,"['fire', 'ice', 'flying', 'bug', 'dragon']","['fighting', 'ground', 'steel', 'fairy']"
#697,Tyrantrum,"['fire', 'ice', 'flying', 'bug', 'dragon']","['fighting', 'ground', 'steel', 'fairy']"
#698,Amaura,"['grass', 'flying', 'bug', 'dragon']","['water', 'fighting', 'steel']"
#699,Aurorus,"['grass', 'flying', 'bug', 'dragon']","['water', 'fighting', 'steel']"
#700,Sylveon,"['fighting', 'dragon', 'dark']","['normal', 'poison', 'steel']"
#701,Hawlucha,"['normal', 'grass', 'ice', 'fighting', 'dark']","['electric', 'poison', 'flying', 'psychic', 'ghost', 'fairy']"
#702,Dedenne,"['water', 'fighting', 'flying', 'dark']","['normal', 'electric', 'grass', 'poison', 'ground', 'steel']"
#703,Carbink,"['fire', 'ice', 'flying', 'bug', 'dragon', 'dark']","['normal', 'poison', 'ground', 'steel']"
#704,Goomy,['dragon'],"['steel', 'fairy']"
#705,Sliggoo,['dragon'],"['steel', 'fairy']"
#706,Goodra,['dragon'],"['steel', 'fairy']"
#707,Klefki,"['ice', 'fighting', 'rock', 'dragon', 'dark', 'fairy']","['normal', 'fire', 'water', 'electric', 'poison', 'steel']"
#708,Phantump,"['water', 'ground', 'psychic', 'rock', 'ghost']","['normal', 'fire', 'grass', 'poison', 'flying', 'bug', 'dragon', 'dark', 'steel']"
#709,Trevenant,"['water', 'ground', 'psychic', 'rock', 'ghost']","['normal', 'fire', 'grass', 'poison', 'flying', 'bug', 'dragon', 'dark', 'steel']"
#710,Pumpkaboo,"['water', 'ground', 'psychic', 'rock', 'ghost']","['normal', 'fire', 'grass', 'poison', 'flying', 'bug', 'dragon', 'dark', 'steel']"
#711,Gourgeist,"['water', 'ground', 'psychic', 'rock', 'ghost']","['normal', 'fire', 'grass', 'poison', 'flying', 'bug', 'dragon', 'dark', 'steel']"
#712,Bergmite,"['grass', 'ground', 'flying', 'dragon']","['fire', 'water', 'ice', 'steel']"
#713,Avalugg,"['grass', 'ground', 'flying', 'dragon']","['fire', 'water', 'ice', 'steel']"
#714,Noibat,"['grass', 'fighting', 'bug', 'dragon']","['electric', 'rock', 'steel', 'fairy']"
#715,Noivern,"['grass', 'fighting', 'bug', 'dragon']","['electric', 'rock', 'steel', 'fairy']"
#716,Xerneas,"['fighting', 'dragon', 'dark']","['normal', 'poison', 'steel']"
#717,Yveltal,"['grass', 'psychic', 'bug', 'ghost']","['electric', 'rock', 'dark', 'steel', 'fairy']"
#718,Zygarde,"['fire', 'electric', 'poison', 'rock', 'dragon']","['grass', 'flying', 'bug', 'fairy']"
#719,Diancie,"['fire', 'ice', 'flying', 'bug', 'dragon', 'dark']","['normal', 'poison', 'ground', 'steel']"
#720,Hoopa,"['fighting', 'poison', 'ghost']","['normal', 'dark', 'steel']"
#721,Volcanion,"['ice', 'ground', 'bug', 'steel']","['water', 'dragon']"
#722,Rowlet,"['water', 'fighting', 'ground']","['fire', 'electric', 'poison', 'flying', 'dragon', 'steel']"
#723,Dartrix,"['water', 'fighting', 'ground']","['fire', 'electric', 'poison', 'flying', 'dragon', 'steel']"
#724,Decidueye,"['water', 'ground', 'psychic', 'rock', 'ghost']","['normal', 'fire', 'grass', 'poison', 'flying', 'bug', 'dragon', 'dark', 'steel']"
#725,Litten,"['grass', 'ice', 'bug', 'steel']","['fire', 'water', 'rock', 'dragon']"
#726,Torracat,"['grass', 'ice', 'bug', 'steel']","['fire', 'water', 'rock', 'dragon']"
#727,Incineroar,"['grass', 'ice', 'psychic', 'bug', 'ghost', 'steel']","['fire', 'water', 'fighting', 'rock', 'dragon', 'dark', 'fairy']"
#728,Popplio,"['fire', 'ground', 'rock']","['water', 'grass', 'dragon']"
#729,Brionne,"['fire', 'ground', 'rock']","['water', 'grass', 'dragon']"
#730,Primarina,"['fire', 'fighting', 'ground', 'rock', 'dark']","['normal', 'water', 'grass', 'poison', 'steel']"
#731,Pikipek,"['grass', 'fighting', 'bug']","['electric', 'rock', 'ghost', 'steel']"
#732,Trumbeak,"['grass', 'fighting', 'bug']","['electric', 'rock', 'ghost', 'steel']"
#733,Toucannon,"['grass', 'fighting', 'bug']","['electric', 'rock', 'ghost', 'steel']"
#734,Yungoos,[],"['rock', 'ghost', 'steel']"
#735,Gumshoos,[],"['rock', 'ghost', 'steel']"
#736,Grubbin,"['grass', 'psychic', 'dark']","['fire', 'fighting', 'poison', 'flying', 'ghost', 'steel', 'fairy']"
#737,Charjabug,"['water', 'psychic', 'dark']","['fire', 'electric', 'fighting', 'poison', 'ground', 'ghost', 'dragon', 'steel', 'fairy']"
#738,Vikavolt,"['water', 'psychic', 'dark']","['fire', 'electric', 'fighting', 'poison', 'ground', 'ghost', 'dragon', 'steel', 'fairy']"
#739,Crabrawler,"['normal', 'ice', 'rock', 'dark', 'steel']","['poison', 'flying', 'psychic', 'bug', 'ghost', 'fairy']"
#740,Crabominable,"['normal', 'grass', 'ground', 'rock', 'dragon', 'dark']","['fire', 'water', 'poison', 'psychic', 'bug', 'ghost', 'fairy']"
#741,Oricorio,"['grass', 'ice', 'fighting', 'bug']","['fire', 'water', 'electric', 'rock', 'dragon']"
#742,Cutiefly,"['grass', 'psychic', 'dragon', 'dark']","['normal', 'fire', 'poison', 'flying', 'ghost', 'steel', 'fairy']"
#743,Ribombee,"['grass', 'psychic', 'dragon', 'dark']","['normal', 'fire', 'poison', 'flying', 'ghost', 'steel', 'fairy']"
#744,Rockruff,"['fire', 'ice', 'flying', 'bug']","['fighting', 'ground', 'steel']"
#745,Lycanroc,"['fire', 'ice', 'flying', 'bug']","['fighting', 'ground', 'steel']"
#746,Wishiwashi,"['fire', 'ground', 'rock']","['water', 'grass', 'dragon']"
#747,Mareanie,"['fire', 'fairy']","['water', 'poison', 'ghost', 'dragon', 'steel']"
#748,Toxapex,"['fire', 'fairy']","['water', 'poison', 'ghost', 'dragon', 'steel']"
#749,Mudbray,"['fire', 'electric', 'poison', 'rock', 'steel']","['grass', 'flying', 'bug']"
#750,Mudsdale,"['fire', 'electric', 'poison', 'rock', 'steel']","['grass', 'flying', 'bug']"
#751,Dewpider,"['ground', 'psychic', 'rock', 'dark']","['water', 'fighting', 'poison', 'flying', 'ghost', 'dragon', 'steel', 'fairy']"
#752,Araquanid,"['ground', 'psychic', 'rock', 'dark']","['water', 'fighting', 'poison', 'flying', 'ghost', 'dragon', 'steel', 'fairy']"
#753,Fomantis,"['water', 'ground', 'rock']","['fire', 'grass', 'poison', 'flying', 'bug', 'dragon', 'steel']"
#754,Lurantis,"['water', 'ground', 'rock']","['fire', 'grass', 'poison', 'flying', 'bug', 'dragon', 'steel']"
#755,Morelull,"['water', 'fighting', 'ground', 'rock', 'dark']","['normal', 'fire', 'grass', 'poison', 'flying', 'bug', 'steel']"
#756,Shiinotic,"['water', 'fighting', 'ground', 'rock', 'dark']","['normal', 'fire', 'grass', 'poison', 'flying', 'bug', 'steel']"
#757,Salandit,"['grass', 'ice', 'bug', 'fairy']","['fire', 'water', 'poison', 'ground', 'rock', 'ghost', 'dragon', 'steel']"
#758,Salazzle,"['grass', 'ice', 'bug', 'fairy']","['fire', 'water', 'poison', 'ground', 'rock', 'ghost', 'dragon', 'steel']"
#759,Stufful,"['normal', 'ice', 'dark']","['poison', 'flying', 'psychic', 'bug', 'ghost', 'fairy']"
#760,Bewear,"['normal', 'ice', 'dark']","['poison', 'flying', 'psychic', 'bug', 'ghost', 'fairy']"
#761,Bounsweet,"['water', 'ground', 'rock']","['fire', 'grass', 'poison', 'flying', 'bug', 'dragon', 'steel']"
#762,Steenee,"['water', 'ground', 'rock']","['fire', 'grass', 'poison', 'flying', 'bug', 'dragon', 'steel']"
#763,Tsareena,"['water', 'ground', 'rock']","['fire', 'grass', 'poison', 'flying', 'bug', 'dragon', 'steel']"
#764,Comfey,"['fighting', 'dragon', 'dark']","['normal', 'poison', 'steel']"
#765,Oranguru,"['fighting', 'poison']","['psychic', 'rock', 'ghost', 'dark', 'steel']"
#766,Passimian,"['normal', 'ice', 'rock', 'dark', 'steel']","['poison', 'flying', 'psychic', 'bug', 'ghost', 'fairy']"
#767,Wimpod,"['ground', 'psychic', 'rock', 'dark']","['water', 'fighting', 'poison', 'flying', 'ghost', 'dragon', 'steel', 'fairy']"
#768,Golisopod,"['ground', 'psychic', 'rock', 'dark']","['water', 'fighting', 'poison', 'flying', 'ghost', 'dragon', 'steel', 'fairy']"
#769,Sandygast,"['fire', 'electric', 'poison', 'psychic', 'rock', 'ghost', 'steel']","['normal', 'grass', 'flying', 'bug', 'dark']"
#770,Palossand,"['fire', 'electric', 'poison', 'psychic', 'rock', 'ghost', 'steel']","['normal', 'grass', 'flying', 'bug', 'dark']"
#771,Pyukumuku,"['fire', 'ground', 'rock']","['water', 'grass', 'dragon']"
#772,Type: Null,[],"['rock', 'ghost', 'steel']"
#773,Silvally,[],"['rock', 'ghost', 'steel']"
#774,Minior,"['fire', 'grass', 'ice', 'flying', 'bug']","['electric', 'ground', 'rock', 'steel']"
#775,Komala,[],"['rock', 'ghost', 'steel']"
#776,Turtonator,"['grass', 'ice', 'bug']","['fire', 'water', 'rock', 'fairy']"
#777,Togedemaru,"['ice', 'flying', 'rock', 'fairy']","['fire', 'electric', 'grass', 'ground', 'dragon', 'steel']"
#778,Mimikyu,"['fighting', 'psychic', 'ghost', 'dragon']","['normal', 'poison', 'steel']"
#779,Bruxish,"['fire', 'fighting', 'poison', 'ground', 'rock']","['water', 'grass', 'psychic', 'dragon', 'dark', 'steel']"
#780,Drampa,['dragon'],"['rock', 'ghost', 'steel', 'fairy']"
#781,Dhelmise,"['water', 'ground', 'psychic', 'rock', 'ghost']","['normal', 'fire', 'grass', 'poison', 'flying', 'bug', 'dragon', 'dark', 'steel']"
#782,Jangmo-o,['dragon'],"['steel', 'fairy']"
#783,Hakamo-o,"['normal', 'ice', 'rock', 'dragon', 'dark']","['poison', 'flying', 'psychic', 'bug', 'ghost', 'fairy']"
#784,Kommo-o,"['normal', 'ice', 'rock', 'dragon', 'dark']","['poison', 'flying', 'psychic', 'bug', 'ghost', 'fairy']"
#785,Tapu Koko,"['water', 'fighting', 'flying', 'dark']","['normal', 'electric', 'grass', 'poison', 'ground', 'steel']"
#786,Tapu Lele,"['fighting', 'dragon']","['normal', 'psychic', 'dark', 'steel']"
#787,Tapu Bulu,"['water', 'fighting', 'ground', 'rock', 'dark']","['normal', 'fire', 'grass', 'poison', 'flying', 'bug', 'steel']"
#788,Tapu Fini,"['fire', 'fighting', 'ground', 'rock', 'dark']","['normal', 'water', 'grass', 'poison', 'steel']"
#789,Cosmog,"['fighting', 'poison']","['psychic', 'dark', 'steel']"
#790,Cosmoem,"['fighting', 'poison']","['psychic', 'dark', 'steel']"
#791,Solgaleo,"['ice', 'fighting', 'poison', 'rock', 'fairy']","['fire', 'water', 'electric', 'psychic', 'dark', 'steel']"
#792,Lunala,"['fighting', 'poison', 'ghost']","['normal', 'dark', 'steel']"
#793,Nihilego,"['fire', 'grass', 'ice', 'flying', 'bug', 'fairy']","['fighting', 'poison', 'ground', 'rock', 'ghost', 'steel']"
#794,Buzzwole,"['normal', 'grass', 'ice', 'rock', 'dark']","['fire', 'fighting', 'poison', 'flying', 'bug', 'ghost', 'fairy']"
#795,Pheromosa,"['normal', 'grass', 'ice', 'rock', 'dark']","['fire', 'fighting', 'poison', 'flying', 'bug', 'ghost', 'fairy']"
#796,Xurkitree,"['water', 'flying']","['electric', 'grass', 'ground', 'dragon']"
#797,Celesteela,"['grass', 'ice', 'fighting', 'bug', 'fairy']","['fire', 'water', 'electric', 'steel']"
#798,Kartana,"['ice', 'ground', 'rock', 'fairy']","['fire', 'electric', 'grass', 'poison', 'flying', 'bug', 'dragon', 'steel']"
#799,Guzzlord,"['psychic', 'ghost', 'dragon']","['fighting', 'dark', 'steel', 'fairy']"
#800,Necrozma,"['fighting', 'poison']","['psychic', 'dark', 'steel']"
#801,Magearna,"['ice', 'fighting', 'rock', 'dragon', 'dark', 'fairy']","['normal', 'fire', 'water', 'electric', 'poison', 'steel']"
#802,Marshadow,"['ice', 'rock', 'steel']","['normal', 'poison', 'flying', 'bug', 'ghost', 'fairy']"
#803,Poipole,"['grass', 'fairy']","['poison', 'ground', 'rock', 'ghost', 'steel']"
#804,Naganadel,"['grass', 'dragon']","['poison', 'ground', 'rock', 'ghost', 'steel', 'fairy']"
#805,Stakataka,"['ice', 'flying', 'bug', 'rock', 'fairy']","['water', 'electric', 'fighting', 'ground', 'steel']"
#806,Blacephalon,"['grass', 'ice', 'psychic', 'bug', 'ghost', 'steel']","['normal', 'fire', 'water', 'rock', 'dragon', 'dark']"
#807,Zeraora,"['water', 'flying']","['electric', 'grass', 'ground', 'dragon']"
#808,Meltan,"['ice', 'rock', 'fairy']","['fire', 'water', 'electric', 'steel']"
#809,Melmetal,"['ice', 'rock', 'fairy']","['fire', 'water', 'electric', 'steel']"
#810,Grookey,"['water', 'ground', 'rock']","['fire', 'grass', 'poison', 'flying', 'bug', 'dragon', 'steel']"
#811,Thwackey,"['water', 'ground', 'rock']","['fire', 'grass', 'poison', 'flying', 'bug', 'dragon', 'steel']"
#812,Rillaboom,"['water', 'ground', 'rock']","['fire', 'grass', 'poison', 'flying', 'bug', 'dragon', 'steel']"
#813,Scorbunny,"['grass', 'ice', 'bug', 'steel']","['fire', 'water', 'rock', 'dragon']"
#814,Raboot,"['grass', 'ice', 'bug', 'steel']","['fire', 'water', 'rock', 'dragon']"
#815,Cinderace,"['grass', 'ice', 'bug', 'steel']","['fire', 'water', 'rock', 'dragon']"
#816,Sobble,"['fire', 'ground', 'rock']","['water', 'grass', 'dragon']"
#817,Drizzile,"['fire', 'ground', 'rock']","['water', 'grass', 'dragon']"
#818,Inteleon,"['fire', 'ground', 'rock']","['water', 'grass', 'dragon']"
#819,Skwovet,[],"['rock', 'ghost', 'steel']"
#820,Greedent,[],"['rock', 'ghost', 'steel']"
#821,Rookidee,"['grass', 'fighting', 'bug']","['electric', 'rock', 'steel']"
#822,Corvisquire,"['grass', 'fighting', 'bug']","['electric', 'rock', 'steel']"
#823,Corviknight,"['grass', 'ice', 'fighting', 'bug', 'fairy']","['fire', 'water', 'electric', 'steel']"
#824,Blipbug,"['grass', 'psychic', 'dark']","['fire', 'fighting', 'poison', 'flying', 'ghost', 'steel', 'fairy']"
#825,Dottler,['grass'],"['fire', 'flying', 'ghost', 'dark', 'steel', 'fairy']"
#826,Orbeetle,['grass'],"['fire', 'flying', 'ghost', 'dark', 'steel', 'fairy']"
#827,Nickit,"['psychic', 'ghost']","['fighting', 'dark', 'fairy']"
#828,Thievul,"['psychic', 'ghost']","['fighting', 'dark', 'fairy']"
#829,Gossifleur,"['water', 'ground', 'rock']","['fire', 'grass', 'poison', 'flying', 'bug', 'dragon', 'steel']"
#830,Eldegoss,"['water', 'ground', 'rock']","['fire', 'grass', 'poison', 'flying', 'bug', 'dragon', 'steel']"
#831,Wooloo,[],"['rock', 'ghost', 'steel']"
#832,Dubwool,[],"['rock', 'ghost', 'steel']"
#833,Chewtle,"['fire', 'ground', 'rock']","['water', 'grass', 'dragon']"
#834,Drednaw,"['fire', 'ice', 'flying', 'bug', 'rock']","['water', 'grass', 'fighting', 'dragon', 'steel']"
#835,Yamper,"['water', 'flying']","['electric', 'grass', 'ground', 'dragon']"
#836,Boltund,"['water', 'flying']","['electric', 'grass', 'ground', 'dragon']"
#837,Rolycoly,"['fire', 'ice', 'flying', 'bug']","['fighting', 'ground', 'steel']"
#838,Carkol,"['grass', 'ice', 'flying', 'bug']","['water', 'fighting', 'ground', 'rock', 'dragon']"
#839,Coalossal,"['grass', 'ice', 'flying', 'bug']","['water', 'fighting', 'ground', 'rock', 'dragon']"
#840,Applin,"['water', 'ground', 'rock']","['fire', 'grass', 'poison', 'flying', 'bug', 'steel', 'fairy']"
#841,Flapple,"['water', 'ground', 'rock']","['fire', 'grass', 'poison', 'flying', 'bug', 'steel', 'fairy']"
#842,Appletun,"['water', 'ground', 'rock']","['fire', 'grass', 'poison', 'flying', 'bug', 'steel', 'fairy']"
#843,Silicobra,"['fire', 'electric', 'poison', 'rock', 'steel']","['grass', 'flying', 'bug']"
#844,Sandaconda,"['fire', 'electric', 'poison', 'rock', 'steel']","['grass', 'flying', 'bug']"
#845,Cramorant,"['fire', 'fighting', 'ground', 'bug']","['water', 'electric', 'dragon', 'steel']"
#846,Arrokuda,"['fire', 'ground', 'rock']","['water', 'grass', 'dragon']"
#847,Barraskewda,"['fire', 'ground', 'rock']","['water', 'grass', 'dragon']"
#848,Toxel,"['water', 'flying', 'fairy']","['electric', 'poison', 'ground', 'rock', 'ghost', 'dragon', 'steel']"
#849,Toxtricity,"['water', 'flying', 'fairy']","['electric', 'poison', 'ground', 'rock', 'ghost', 'dragon', 'steel']"
#850,Sizzlipede,"['grass', 'ice', 'psychic', 'bug', 'dark']","['fire', 'water', 'fighting', 'poison', 'flying', 'rock', 'ghost', 'dragon', 'fairy']"
#851,Centiskorch,"['grass', 'ice', 'psychic', 'bug', 'dark']","['fire', 'water', 'fighting', 'poison', 'flying', 'rock', 'ghost', 'dragon', 'fairy']"
#852,Clobbopus,"['normal', 'ice', 'rock', 'dark', 'steel']","['poison', 'flying', 'psychic', 'bug', 'ghost', 'fairy']"
#853,Grapploct,"['normal', 'ice', 'rock', 'dark', 'steel']","['poison', 'flying', 'psychic', 'bug', 'ghost', 'fairy']"
#854,Sinistea,"['psychic', 'ghost']","['normal', 'dark']"
#855,Polteageist,"['psychic', 'ghost']","['normal', 'dark']"
#856,Hatenna,"['fighting', 'poison']","['psychic', 'dark', 'steel']"
#857,Hattrem,"['fighting', 'poison']","['psychic', 'dark', 'steel']"
#858,Hatterene,"['fighting', 'dragon']","['normal', 'psychic', 'dark', 'steel']"
#859,Impidimp,"['psychic', 'ghost', 'dragon']","['normal', 'poison', 'steel', 'fairy']"
#860,Morgrem,"['psychic', 'ghost', 'dragon']","['normal', 'poison', 'steel', 'fairy']"
#861,Grimmsnarl,"['psychic', 'ghost', 'dragon']","['normal', 'poison', 'steel', 'fairy']"
#862,Obstagoon,['psychic'],"['fighting', 'rock', 'ghost', 'dark', 'steel', 'fairy']"
#863,Perrserker,"['ice', 'rock', 'fairy']","['fire', 'water', 'electric', 'steel']"
#864,Cursola,"['psychic', 'ghost']","['normal', 'dark']"
#865,Sirfetch'd,"['normal', 'ice', 'rock', 'dark', 'steel']","['poison', 'flying', 'psychic', 'bug', 'ghost', 'fairy']"
#866,Mr. Rime,"['grass', 'fighting', 'poison', 'ground', 'flying', 'dragon']","['fire', 'water', 'ice', 'psychic', 'dark', 'steel']"
#867,Runerigus,"['fire', 'electric', 'poison', 'psychic', 'rock', 'ghost', 'steel']","['normal', 'grass', 'flying', 'bug', 'dark']"
#868,Milcery,"['fighting', 'dragon', 'dark']","['normal', 'poison', 'steel']"
#869,Alcremie,"['fighting', 'dragon', 'dark']","['normal', 'poison', 'steel']"
#870,Falinks,"['normal', 'ice', 'rock', 'dark', 'steel']","['poison', 'flying', 'psychic', 'bug', 'ghost', 'fairy']"
#871,Pincurchin,"['water', 'flying']","['electric', 'grass', 'ground', 'dragon']"
#872,Snom,"['grass', 'ground', 'psychic', 'dragon', 'dark']","['fire', 'water', 'ice', 'fighting', 'poison', 'ghost', 'steel', 'fairy']"
#873,Frosmoth,"['grass', 'ground', 'psychic', 'dragon', 'dark']","['fire', 'water', 'ice', 'fighting', 'poison', 'ghost', 'steel', 'fairy']"
#874,Stonjourner,"['fire', 'ice', 'flying', 'bug']","['fighting', 'ground', 'steel']"
#875,Eiscue,"['grass', 'ground', 'flying', 'dragon']","['fire', 'water', 'ice', 'steel']"
#876,Indeedee,"['fighting', 'poison']","['psychic', 'rock', 'ghost', 'dark', 'steel']"
#877,Morpeko,"['water', 'flying', 'psychic', 'ghost']","['electric', 'grass', 'fighting', 'ground', 'dragon', 'dark', 'fairy']"
#878,Cufant,"['ice', 'rock', 'fairy']","['fire', 'water', 'electric', 'steel']"
#879,Copperajah,"['ice', 'rock', 'fairy']","['fire', 'water', 'electric', 'steel']"
#880,Dracozolt,"['water', 'flying']","['electric', 'grass', 'ground', 'steel', 'fairy']"
#881,Arctozolt,['flying'],"['fire', 'electric', 'ice', 'ground', 'steel']"
#882,Dracovish,"['fire', 'ground', 'rock']","['water', 'grass', 'steel', 'fairy']"
#883,Arctovish,"['ground', 'flying', 'rock']","['water', 'ice', 'steel']"
#884,Duraludon,"['ice', 'rock', 'dragon']","['fire', 'water', 'electric', 'steel', 'fairy']"
#885,Dreepy,"['psychic', 'ghost', 'dragon']","['normal', 'dark', 'steel', 'fairy']"
#886,Drakloak,"['psychic', 'ghost', 'dragon']","['normal', 'dark', 'steel', 'fairy']"
#887,Dragapult,"['psychic', 'ghost', 'dragon']","['normal', 'dark', 'steel', 'fairy']"
#888,Zacian,"['fighting', 'dragon', 'dark']","['normal', 'poison', 'steel']"
#889,Zamazenta,"['normal', 'ice', 'rock', 'dark', 'steel']","['poison', 'flying', 'psychic', 'bug', 'ghost', 'fairy']"
#890,Eternatus,"['grass', 'dragon']","['poison', 'ground', 'rock', 'ghost', 'steel', 'fairy']"
