Dex,Name,Type,Abilities,HP,A,D,SA,SD,SP,Strong Against,Weak Against,Resistant To,Vulnerable To,base stat total,base stat avg
#001,Snom,"['ice', 'bug']","['Shield Dust', 'Ice Scales']",30,25,35,45,30,20,"['ground', 'grass', 'dragon', 'psychic', 'dark']","['steel', 'fire', 'water', 'ice', 'fighting', 'poison', 'ghost', 'fairy']","['ice', 'ground', 'grass']","['rock', 'steel', 'fire', 'flying']",185,30
#002,Frosmoth,"['ice', 'bug']","['Shield Dust', 'Ice Scales']",70,65,60,125,90,65,"['ground', 'grass', 'dragon', 'psychic', 'dark']","['steel', 'fire', 'water', 'ice', 'fighting', 'poison', 'ghost', 'fairy']","['ice', 'ground', 'grass']","['rock', 'steel', 'fire', 'flying']",475,79
#003,Wooloo,['normal'],"['Fluffy', 'Run Away', 'Bulletproof']",42,40,55,40,45,48,[],"['rock', 'ghost', 'steel']",['ghost'],['fighting'],270,45
#004,Dubwool,['normal'],"['Fluffy', 'Steadfast', 'Bulletproof']",72,80,100,60,90,88,[],"['rock', 'ghost', 'steel']",['ghost'],['fighting'],490,81
#005,Skwovet,['normal'],"['Cheek Pouch', 'Gluttony']",70,55,55,35,35,25,[],"['rock', 'ghost', 'steel']",['ghost'],['fighting'],275,45
#006,Greedent,['normal'],"['Cheek Pouch', 'Gluttony']",120,95,95,55,75,20,[],"['rock', 'ghost', 'steel']",['ghost'],['fighting'],460,76
#007,Swinub,"['ice', 'ground']","['Oblivious', 'Snow Cloak', 'Thick Fat']",50,50,40,30,30,50,"['ground', 'dragon', 'poison', 'rock', 'fire', 'electric']","['fire', 'water', 'ice', 'bug']","['poison', 'electric']","['fighting', 'steel', 'fire', 'water', 'grass']",250,41
#008,Piloswine,"['ice', 'ground']","['Oblivious', 'Snow Cloak', 'Thick Fat']",100,100,80,60,60,50,"['ground', 'dragon', 'poison', 'rock', 'fire', 'electric']","['fire', 'water', 'ice', 'bug']","['poison', 'electric']","['fighting', 'steel', 'fire', 'water', 'grass']",450,75
#009,Mamoswine,"['ice', 'ground']","['Oblivious', 'Snow Cloak', 'Thick Fat']",110,130,80,70,60,80,"['ground', 'dragon', 'poison', 'rock', 'fire', 'electric']","['fire', 'water', 'ice', 'bug']","['poison', 'electric']","['fighting', 'steel', 'fire', 'water', 'grass']",530,88
#010,Mime Jr.,"['psychic', 'fairy']","['Soundproof', 'Filter', 'Technician']",20,25,45,70,90,60,"['fighting', 'dragon']","['steel', 'psychic', 'fire']","['fighting', 'psychic', 'dragon']","['ghost', 'poison', 'steel']",310,51
#011,Mr. Mime,"['ice', 'psychic']","['Vital Spirit', 'Screen Cleaner', 'Ice Body']",50,65,65,90,90,100,"['flying', 'ground', 'grass', 'dragon', 'fighting', 'poison']","['steel', 'fire', 'water', 'ice', 'dark', 'psychic']","['ice', 'psychic']","['rock', 'steel', 'fire', 'bug', 'ghost', 'dark']",460,76
#012,Mr. Rime,"['ice', 'psychic']","['Tangled Feet', 'Screen Cleaner', 'Ice Body']",80,85,75,110,100,70,"['flying', 'ground', 'grass', 'dragon', 'fighting', 'poison']","['steel', 'fire', 'water', 'ice', 'dark', 'psychic']","['ice', 'psychic']","['rock', 'steel', 'fire', 'bug', 'ghost', 'dark']",520,86
#013,Smoochum,"['ice', 'psychic']","['Oblivious', 'Forewarn', 'Hydration']",45,30,15,85,65,65,"['flying', 'ground', 'grass', 'dragon', 'fighting', 'poison']","['steel', 'fire', 'water', 'ice', 'dark', 'psychic']","['ice', 'psychic']","['rock', 'steel', 'fire', 'bug', 'ghost', 'dark']",305,50
#014,Jynx,"['ice', 'psychic']","['Oblivious', 'Forewarn', 'Dry Skin']",65,50,35,115,95,95,"['flying', 'ground', 'grass', 'dragon', 'fighting', 'poison']","['steel', 'fire', 'water', 'ice', 'dark', 'psychic']","['ice', 'psychic']","['rock', 'steel', 'fire', 'bug', 'ghost', 'dark']",455,75
#015,Elekid,['electric'],"['Static', 'Vital Spirit']",45,63,37,65,55,95,"['flying', 'water']","['ground', 'grass', 'electric', 'dragon']","['flying', 'steel', 'electric']",['ground'],360,60
#016,Electabuzz,['electric'],"['Static', 'Vital Spirit']",65,83,57,95,85,105,"['flying', 'water']","['ground', 'grass', 'electric', 'dragon']","['flying', 'steel', 'electric']",['ground'],490,81
#017,Electivire,['electric'],"['Motor Drive', 'Vital Spirit']",75,123,67,95,85,95,"['flying', 'water']","['ground', 'grass', 'electric', 'dragon']","['flying', 'steel', 'electric']",['ground'],540,90
#018,Magby,['fire'],"['Flame Body', 'Vital Spirit']",45,75,37,70,55,83,"['bug', 'steel', 'grass', 'ice']","['rock', 'fire', 'water', 'dragon']","['bug', 'steel', 'fire', 'grass', 'ice']","['ground', 'rock', 'water']",365,60
#019,Magmar,['fire'],"['Flame Body', 'Vital Spirit']",65,95,57,100,85,93,"['bug', 'steel', 'grass', 'ice']","['rock', 'fire', 'water', 'dragon']","['bug', 'steel', 'fire', 'grass', 'ice']","['ground', 'rock', 'water']",495,82
#020,Magmortar,['fire'],"['Flame Body', 'Vital Spirit']",75,95,67,125,95,83,"['bug', 'steel', 'grass', 'ice']","['rock', 'fire', 'water', 'dragon']","['bug', 'steel', 'fire', 'grass', 'ice']","['ground', 'rock', 'water']",540,90
#021,Audino,['normal'],"['Healer', 'Regenerator', 'Klutz']",103,60,86,60,86,50,[],"['rock', 'ghost', 'steel']",['ghost'],['fighting'],445,74
#022,Vanillite,['ice'],"['Ice Body', 'Snow Cloak', 'Weak Armor']",36,50,50,65,60,44,"['flying', 'ground', 'grass', 'dragon']","['steel', 'fire', 'water', 'ice']",['ice'],"['fighting', 'rock', 'steel', 'fire']",305,50
#023,Vanillish,['ice'],"['Ice Body', 'Snow Cloak', 'Weak Armor']",51,65,65,80,75,59,"['flying', 'ground', 'grass', 'dragon']","['steel', 'fire', 'water', 'ice']",['ice'],"['fighting', 'rock', 'steel', 'fire']",395,65
#024,Vanilluxe,['ice'],"['Ice Body', 'Snow Warning', 'Weak Armor']",71,95,85,110,95,79,"['flying', 'ground', 'grass', 'dragon']","['steel', 'fire', 'water', 'ice']",['ice'],"['fighting', 'rock', 'steel', 'fire']",535,89
#025,Snorunt,['ice'],"['Inner Focus', 'Ice Body', 'Moody']",50,50,50,50,50,50,"['flying', 'ground', 'grass', 'dragon']","['steel', 'fire', 'water', 'ice']",['ice'],"['fighting', 'rock', 'steel', 'fire']",300,50
#026,Glalie,['ice'],"['Inner Focus', 'Ice Body', 'Moody']",80,80,80,80,80,80,"['flying', 'ground', 'grass', 'dragon']","['steel', 'fire', 'water', 'ice']",['ice'],"['fighting', 'rock', 'steel', 'fire']",480,80
#027,Froslass,"['ice', 'ghost']","['Snow Cloak', 'Cursed Body']",70,80,70,80,70,110,"['flying', 'ground', 'grass', 'dragon', 'ghost', 'psychic']","['steel', 'fire', 'water', 'ice', 'normal', 'dark']","['ice', 'normal', 'poison', 'bug']","['rock', 'steel', 'fire', 'ghost', 'dark']",480,80
#028,Sneasel,"['dark', 'ice']","['Inner Focus', 'Keen Eye', 'Pickpocket']",55,95,55,35,75,115,"['ghost', 'psychic', 'flying', 'ground', 'grass', 'dragon']","['fighting', 'dark', 'fairy', 'steel', 'fire', 'water', 'ice']","['ghost', 'psychic', 'dark', 'ice']","['fighting', 'bug', 'fairy', 'rock', 'steel', 'fire']",430,71
#029,Weavile,"['dark', 'ice']","['Pressure', 'Pickpocket']",70,120,65,45,85,125,"['ghost', 'psychic', 'flying', 'ground', 'grass', 'dragon']","['fighting', 'dark', 'fairy', 'steel', 'fire', 'water', 'ice']","['ghost', 'psychic', 'dark', 'ice']","['fighting', 'bug', 'fairy', 'rock', 'steel', 'fire']",510,85
#030,Cryogonal,['ice'],['Levitate'],80,50,50,95,135,105,"['flying', 'ground', 'grass', 'dragon']","['steel', 'fire', 'water', 'ice']",['ice'],"['fighting', 'rock', 'steel', 'fire']",515,85
#031,Snover,"['grass', 'ice']","['Snow Warning', 'Soundproof']",60,62,50,62,60,40,"['ground', 'rock', 'flying', 'dragon']","['flying', 'poison', 'bug', 'steel', 'fire', 'dragon', 'ice']","['ground', 'water', 'grass', 'electric']","['flying', 'poison', 'bug', 'fire', 'fighting', 'rock', 'steel']",334,55
#032,Abomasnow,"['grass', 'ice']","['Snow Warning', 'Soundproof']",90,92,75,92,85,60,"['ground', 'rock', 'flying', 'dragon']","['flying', 'poison', 'bug', 'steel', 'fire', 'dragon', 'ice']","['ground', 'water', 'grass', 'electric']","['flying', 'poison', 'bug', 'fire', 'fighting', 'rock', 'steel']",494,82
#033,Phantump,"['ghost', 'grass']","['Natural Cure', 'Frisk', 'Harvest']",43,70,48,50,60,38,"['ghost', 'psychic', 'ground', 'rock', 'water']","['normal', 'dark', 'flying', 'poison', 'bug', 'steel', 'fire', 'grass', 'dragon']","['normal', 'fighting', 'bug', 'ground', 'water', 'grass', 'electric']","['ghost', 'dark', 'flying', 'bug', 'fire', 'ice']",309,51
#034,Trevenant,"['ghost', 'grass']","['Natural Cure', 'Frisk', 'Harvest']",85,110,76,65,82,56,"['ghost', 'psychic', 'ground', 'rock', 'water']","['normal', 'dark', 'flying', 'poison', 'bug', 'steel', 'fire', 'grass', 'dragon']","['normal', 'fighting', 'bug', 'ground', 'water', 'grass', 'electric']","['ghost', 'dark', 'flying', 'bug', 'fire', 'ice']",474,79
#035,Swablu,"['normal', 'flying']","['Natural Cure', 'Cloud Nine']",45,40,60,40,75,50,"['fighting', 'bug', 'grass']","['rock', 'ghost', 'steel', 'electric']","['ghost', 'ground', 'bug', 'grass']","['rock', 'electric', 'ice']",310,51
#036,Altaria,"['dragon', 'flying']","['Natural Cure', 'Cloud Nine']",75,70,90,70,105,80,"['dragon', 'fighting', 'bug', 'grass']","['steel', 'fairy', 'rock', 'electric']","['fire', 'water', 'grass', 'fighting', 'ground', 'bug']","['ice', 'dragon', 'fairy', 'rock']",490,81
#037,Impidimp,"['dark', 'fairy']","['Prankster', 'Frisk', 'Pickpocket']",45,45,30,55,40,50,"['ghost', 'psychic', 'dragon']","['fairy', 'poison', 'steel', 'fire']","['ghost', 'psychic', 'dark', 'bug', 'dragon']","['bug', 'fairy', 'poison', 'steel']",265,44
#038,Morgrem,"['dark', 'fairy']","['Prankster', 'Frisk', 'Pickpocket']",65,60,45,75,55,70,"['ghost', 'psychic', 'dragon']","['fairy', 'poison', 'steel', 'fire']","['ghost', 'psychic', 'dark', 'bug', 'dragon']","['bug', 'fairy', 'poison', 'steel']",370,61
#039,Grimmsnarl,"['dark', 'fairy']","['Prankster', 'Frisk', 'Pickpocket']",95,120,65,95,75,60,"['ghost', 'psychic', 'dragon']","['fairy', 'poison', 'steel', 'fire']","['ghost', 'psychic', 'dark', 'bug', 'dragon']","['bug', 'fairy', 'poison', 'steel']",510,85
#040,Hatenna,['psychic'],"['Healer', 'Anticipation', 'Magic Bounce']",42,30,45,56,53,39,"['fighting', 'poison']","['steel', 'dark', 'psychic']","['fighting', 'psychic']","['bug', 'ghost', 'dark']",265,44
#041,Hattrem,['psychic'],"['Healer', 'Anticipation', 'Magic Bounce']",57,40,65,86,73,49,"['fighting', 'poison']","['steel', 'dark', 'psychic']","['fighting', 'psychic']","['bug', 'ghost', 'dark']",370,61
#042,Hatterene,"['psychic', 'fairy']","['Healer', 'Anticipation', 'Magic Bounce']",57,90,95,136,103,29,"['fighting', 'dragon']","['steel', 'psychic', 'fire']","['fighting', 'psychic', 'dragon']","['ghost', 'poison', 'steel']",510,85
#043,Cleffa,['fairy'],"['Cute Charm', 'Magic Guard', 'Friend Guard']",50,25,28,45,55,15,"['fighting', 'dragon', 'dark']","['poison', 'steel', 'fire']","['fighting', 'bug', 'dragon', 'dark']","['poison', 'steel']",218,36
#044,Clefairy,['fairy'],"['Cute Charm', 'Magic Guard', 'Friend Guard']",70,45,48,60,65,35,"['fighting', 'dragon', 'dark']","['poison', 'steel', 'fire']","['fighting', 'bug', 'dragon', 'dark']","['poison', 'steel']",323,53
#045,Clefable,['fairy'],"['Cute Charm', 'Magic Guard', 'Unaware']",95,70,73,95,90,60,"['fighting', 'dragon', 'dark']","['poison', 'steel', 'fire']","['fighting', 'bug', 'dragon', 'dark']","['poison', 'steel']",483,80
#046,Mimikyu,"['ghost', 'fairy']",['Disguise'],55,90,80,50,105,96,"['ghost', 'psychic', 'fighting', 'dragon']","['normal', 'poison', 'steel', 'fire']","['normal', 'fighting', 'bug', 'dragon']","['ghost', 'steel']",476,79
#047,Spiritomb,"['ghost', 'dark']","['Pressure', 'Infiltrator']",50,92,108,92,108,35,"['ghost', 'psychic']","['normal', 'dark', 'fighting', 'fairy']","['normal', 'poison', 'ghost', 'psychic']","['ghost', 'fairy']",485,80
#048,Litwick,"['ghost', 'fire']","['Flash Fire', 'Flame Body', 'Infiltrator']",50,30,55,65,55,20,"['ghost', 'psychic', 'bug', 'steel', 'grass', 'ice']","['normal', 'dark', 'rock', 'fire', 'water', 'dragon']","['normal', 'fighting', 'poison', 'bug', 'steel', 'fire', 'grass', 'ice']","['ghost', 'dark', 'ground', 'rock', 'water']",275,45
#049,Lampent,"['ghost', 'fire']","['Flash Fire', 'Flame Body', 'Infiltrator']",60,40,60,95,60,55,"['ghost', 'psychic', 'bug', 'steel', 'grass', 'ice']","['normal', 'dark', 'rock', 'fire', 'water', 'dragon']","['normal', 'fighting', 'poison', 'bug', 'steel', 'fire', 'grass', 'ice']","['ghost', 'dark', 'ground', 'rock', 'water']",370,61
#050,Chandelure,"['ghost', 'fire']","['Flash Fire', 'Flame Body', 'Infiltrator']",60,55,90,145,90,80,"['ghost', 'psychic', 'bug', 'steel', 'grass', 'ice']","['normal', 'dark', 'rock', 'fire', 'water', 'dragon']","['normal', 'fighting', 'poison', 'bug', 'steel', 'fire', 'grass', 'ice']","['ghost', 'dark', 'ground', 'rock', 'water']",520,86
#051,Gothita,['psychic'],"['Frisk', 'Competitive', 'Shadow Tag']",45,30,50,55,65,45,"['fighting', 'poison']","['steel', 'dark', 'psychic']","['fighting', 'psychic']","['bug', 'ghost', 'dark']",290,48
#052,Gothorita,['psychic'],"['Frisk', 'Competitive', 'Shadow Tag']",60,45,70,75,85,55,"['fighting', 'poison']","['steel', 'dark', 'psychic']","['fighting', 'psychic']","['bug', 'ghost', 'dark']",390,65
#053,Gothitelle,['psychic'],"['Frisk', 'Competitive', 'Shadow Tag']",70,55,95,95,110,65,"['fighting', 'poison']","['steel', 'dark', 'psychic']","['fighting', 'psychic']","['bug', 'ghost', 'dark']",490,81
#054,Solosis,['psychic'],"['Overcoat', 'Magic Guard', 'Regenerator']",45,30,40,105,50,20,"['fighting', 'poison']","['steel', 'dark', 'psychic']","['fighting', 'psychic']","['bug', 'ghost', 'dark']",290,48
#055,Duosion,['psychic'],"['Overcoat', 'Magic Guard', 'Regenerator']",65,40,50,125,60,30,"['fighting', 'poison']","['steel', 'dark', 'psychic']","['fighting', 'psychic']","['bug', 'ghost', 'dark']",370,61
#056,Reuniclus,['psychic'],"['Overcoat', 'Magic Guard', 'Regenerator']",110,65,75,125,85,30,"['fighting', 'poison']","['steel', 'dark', 'psychic']","['fighting', 'psychic']","['bug', 'ghost', 'dark']",490,81
#057,Timburr,['fighting'],"['Guts', 'Sheer Force', 'Iron Fist']",75,80,55,25,35,35,"['normal', 'rock', 'steel', 'ice', 'dark']","['flying', 'poison', 'psychic', 'bug', 'ghost', 'fairy']","['rock', 'bug', 'ghost']","['flying', 'psychic', 'fairy']",305,50
#058,Gurdurr,['fighting'],"['Guts', 'Sheer Force', 'Iron Fist']",85,105,85,40,50,40,"['normal', 'rock', 'steel', 'ice', 'dark']","['flying', 'poison', 'psychic', 'bug', 'ghost', 'fairy']","['rock', 'bug', 'ghost']","['flying', 'psychic', 'fairy']",405,67
#059,Conkeldurr,['fighting'],"['Guts', 'Sheer Force', 'Iron Fist']",105,140,95,55,65,45,"['normal', 'rock', 'steel', 'ice', 'dark']","['flying', 'poison', 'psychic', 'bug', 'ghost', 'fairy']","['rock', 'bug', 'ghost']","['flying', 'psychic', 'fairy']",505,84
#060,Barboach,"['water', 'ground']","['Oblivious', 'Anticipation', 'Hydration']",50,48,43,46,41,60,"['ground', 'rock', 'fire', 'poison', 'steel', 'electric']","['water', 'grass', 'dragon', 'flying', 'bug']","['steel', 'fire', 'ice', 'poison', 'rock']","['grass', 'ice']",288,48
#061,Whiscash,"['water', 'ground']","['Oblivious', 'Anticipation', 'Hydration']",110,78,73,76,71,60,"['ground', 'rock', 'fire', 'poison', 'steel', 'electric']","['water', 'grass', 'dragon', 'flying', 'bug']","['steel', 'fire', 'ice', 'poison', 'rock']","['grass', 'ice']",468,78
#062,Magikarp,['water'],"['Swift Swim', 'Rattled']",20,10,55,15,20,80,"['ground', 'rock', 'fire']","['water', 'grass', 'dragon']","['steel', 'fire', 'water', 'ice']","['grass', 'electric']",200,33
#063,Gyarados,"['water', 'flying']","['Intimidate', 'Moxie']",95,125,79,60,100,81,"['ground', 'fire', 'fighting', 'bug']","['water', 'dragon', 'steel', 'electric']","['steel', 'fire', 'water', 'fighting', 'ground', 'bug']","['electric', 'rock']",540,90
#064,Basculin,['water'],"['Reckless', 'Adaptability', 'Mold Breaker']",70,92,65,80,55,98,"['ground', 'rock', 'fire']","['water', 'grass', 'dragon']","['steel', 'fire', 'water', 'ice']","['grass', 'electric']",460,76
#065,Nidoran,['poison'],"['Poison Point', 'Rivalry', 'Hustle']",55,47,52,40,40,41,"['grass', 'fairy']","['poison', 'ground', 'rock', 'steel', 'ghost']","['fighting', 'poison', 'grass', 'fairy', 'bug']","['ground', 'psychic']",275,45
#066,Nidorina,['poison'],"['Poison Point', 'Rivalry', 'Hustle']",70,62,67,55,55,56,"['grass', 'fairy']","['poison', 'ground', 'rock', 'steel', 'ghost']","['fighting', 'poison', 'grass', 'fairy', 'bug']","['ground', 'psychic']",365,60
#067,Nidoqueen,"['poison', 'ground']","['Poison Point', 'Rivalry', 'Sheer Force']",90,92,87,75,85,76,"['fairy', 'rock', 'fire', 'electric']","['ground', 'rock', 'ghost', 'flying', 'bug']","['fighting', 'poison', 'fairy', 'bug', 'rock', 'electric']","['ground', 'psychic', 'water', 'ice']",505,84
#068,Nidoran,['poison'],"['Poison Point', 'Rivalry', 'Hustle']",46,57,40,40,40,50,"['grass', 'fairy']","['poison', 'ground', 'rock', 'steel', 'ghost']","['fighting', 'poison', 'grass', 'fairy', 'bug']","['ground', 'psychic']",273,45
#069,Nidorino,['poison'],"['Poison Point', 'Rivalry', 'Hustle']",61,72,57,55,55,65,"['grass', 'fairy']","['poison', 'ground', 'rock', 'steel', 'ghost']","['fighting', 'poison', 'grass', 'fairy', 'bug']","['ground', 'psychic']",365,60
#070,Nidoking,"['poison', 'ground']","['Poison Point', 'Rivalry', 'Sheer Force']",81,102,77,85,75,85,"['fairy', 'rock', 'fire', 'electric']","['ground', 'rock', 'ghost', 'flying', 'bug']","['fighting', 'poison', 'fairy', 'bug', 'rock', 'electric']","['ground', 'psychic', 'water', 'ice']",505,84
#071,Zigzagoon,"['dark', 'normal']","['Pickup', 'Gluttony', 'Quick Feet']",38,30,41,30,41,60,['psychic'],"['fighting', 'dark', 'fairy', 'rock', 'steel']","['ghost', 'psychic', 'dark']","['fighting', 'bug', 'fairy']",240,40
#072,Linoone,"['dark', 'normal']","['Pickup', 'Gluttony', 'Quick Feet']",78,70,61,50,61,100,['psychic'],"['fighting', 'dark', 'fairy', 'rock', 'steel']","['ghost', 'psychic', 'dark']","['fighting', 'bug', 'fairy']",420,70
#073,Obstagoon,"['dark', 'normal']","['Reckless', 'Guts', 'Defiant']",93,90,101,60,81,95,['psychic'],"['fighting', 'dark', 'fairy', 'rock', 'steel']","['ghost', 'psychic', 'dark']","['fighting', 'bug', 'fairy']",520,86
#074,Eevee,['normal'],"['Run Away', 'Adaptability', 'Anticipation']",55,55,50,45,65,55,[],"['rock', 'ghost', 'steel']",['ghost'],['fighting'],325,54
#075,Vaporeon,['water'],"['Water Absorb', 'Hydration']",130,65,60,110,95,65,"['ground', 'rock', 'fire']","['water', 'grass', 'dragon']","['steel', 'fire', 'water', 'ice']","['grass', 'electric']",525,87
#076,Jolteon,['electric'],"['Volt Absorb', 'Quick Feet']",65,65,60,110,95,130,"['flying', 'water']","['ground', 'grass', 'electric', 'dragon']","['flying', 'steel', 'electric']",['ground'],525,87
#077,Flareon,['fire'],"['Flash Fire', 'Guts']",65,130,60,95,110,65,"['bug', 'steel', 'grass', 'ice']","['rock', 'fire', 'water', 'dragon']","['bug', 'steel', 'fire', 'grass', 'ice']","['ground', 'rock', 'water']",525,87
#078,Umbreon,['dark'],"['Synchronize', 'Inner Focus']",95,65,110,60,130,65,"['ghost', 'psychic']","['fighting', 'dark', 'fairy']","['ghost', 'psychic', 'dark']","['fighting', 'bug', 'fairy']",525,87
#079,Espeon,['psychic'],"['Synchronize', 'Magic Bounce']",65,65,60,130,95,110,"['fighting', 'poison']","['steel', 'dark', 'psychic']","['fighting', 'psychic']","['bug', 'ghost', 'dark']",525,87
#080,Glaceon,['ice'],"['Snow Cloak', 'Ice Body']",65,60,110,130,95,65,"['flying', 'ground', 'grass', 'dragon']","['steel', 'fire', 'water', 'ice']",['ice'],"['fighting', 'rock', 'steel', 'fire']",525,87
#081,Leafeon,['grass'],"['Leaf Guard', 'Chlorophyll']",65,110,130,60,65,95,"['ground', 'rock', 'water']","['flying', 'poison', 'bug', 'steel', 'fire', 'grass', 'dragon']","['ground', 'water', 'grass', 'electric']","['flying', 'poison', 'bug', 'fire', 'ice']",525,87
#082,Sylveon,['fairy'],"['Cute Charm', 'Pixilate']",95,65,65,110,130,60,"['fighting', 'dragon', 'dark']","['poison', 'steel', 'fire']","['fighting', 'bug', 'dragon', 'dark']","['poison', 'steel']",525,87
#083,Tyrunt,"['rock', 'dragon']","['Strong Jaw', 'Sturdy']",58,89,77,45,45,48,"['flying', 'bug', 'fire', 'ice', 'dragon']","['fighting', 'ground', 'steel', 'fairy']","['normal', 'flying', 'poison', 'fire', 'grass', 'electric']","['fighting', 'ground', 'steel', 'grass', 'ice', 'dragon', 'fairy']",362,60
#084,Tyrantrum,"['rock', 'dragon']","['Strong Jaw', 'Rock Head']",82,121,119,69,59,71,"['flying', 'bug', 'fire', 'ice', 'dragon']","['fighting', 'ground', 'steel', 'fairy']","['normal', 'flying', 'poison', 'fire', 'grass', 'electric']","['fighting', 'ground', 'steel', 'grass', 'ice', 'dragon', 'fairy']",521,86
#085,Amaura,"['rock', 'ice']","['Refrigerate', 'Snow Warning']",77,59,50,67,63,46,"['flying', 'bug', 'ice', 'grass', 'dragon']","['fighting', 'steel', 'water', 'ice']","['normal', 'flying', 'poison', 'ice']","['fighting', 'ground', 'steel', 'water', 'grass', 'rock']",362,60
#086,Aurorus,"['rock', 'ice']","['Refrigerate', 'Snow Warning']",123,77,72,99,92,58,"['flying', 'bug', 'ice', 'grass', 'dragon']","['fighting', 'steel', 'water', 'ice']","['normal', 'flying', 'poison', 'ice']","['fighting', 'ground', 'steel', 'water', 'grass', 'rock']",521,86
#087,Bronzor,"['steel', 'psychic']","['Levitate', 'Heatproof', 'Heavy Metal']",57,24,86,24,86,23,"['rock', 'ice', 'fairy', 'fighting', 'poison']","['steel', 'fire', 'water', 'electric', 'dark', 'psychic']","['normal', 'flying', 'poison', 'rock', 'steel', 'grass', 'psychic', 'ice', 'dragon', 'fairy']","['ground', 'fire', 'ghost', 'dark']",300,50
#088,Bronzong,"['steel', 'psychic']","['Levitate', 'Heatproof', 'Heavy Metal']",67,89,116,79,116,33,"['rock', 'ice', 'fairy', 'fighting', 'poison']","['steel', 'fire', 'water', 'electric', 'dark', 'psychic']","['normal', 'flying', 'poison', 'rock', 'steel', 'grass', 'psychic', 'ice', 'dragon', 'fairy']","['ground', 'fire', 'ghost', 'dark']",500,83
#089,Stonjourner,['rock'],['Power Spot'],100,125,135,20,20,70,"['flying', 'bug', 'fire', 'ice']","['fighting', 'ground', 'steel']","['normal', 'flying', 'poison', 'fire']","['fighting', 'ground', 'steel', 'water', 'grass']",470,78
#090,Eiscue,['ice'],['Ice Face'],75,80,110,65,90,50,"['flying', 'ground', 'grass', 'dragon']","['steel', 'fire', 'water', 'ice']",['ice'],"['fighting', 'rock', 'steel', 'fire']",470,78
#091,Dewpider,"['water', 'bug']","['Water Bubble', 'Water Absorb']",38,40,52,40,72,27,"['ground', 'rock', 'grass', 'psychic', 'dark']","['water', 'grass', 'dragon', 'fighting', 'flying', 'poison', 'ghost', 'steel', 'fairy']","['steel', 'water', 'ice', 'fighting', 'ground']","['electric', 'flying', 'rock']",269,44
#092,Araquanid,"['water', 'bug']","['Water Bubble', 'Water Absorb']",68,70,92,50,132,42,"['ground', 'rock', 'grass', 'psychic', 'dark']","['water', 'grass', 'dragon', 'fighting', 'flying', 'poison', 'ghost', 'steel', 'fairy']","['steel', 'water', 'ice', 'fighting', 'ground']","['electric', 'flying', 'rock']",454,75
#093,Joltik,"['bug', 'electric']","['Compoundeyes', 'Unnerve', 'Swarm']",50,47,50,57,50,65,"['psychic', 'dark', 'water']","['fighting', 'poison', 'ghost', 'steel', 'fire', 'fairy', 'ground', 'electric', 'dragon']","['fighting', 'grass', 'steel', 'electric']","['rock', 'fire']",319,53
#094,Galvantula,"['bug', 'electric']","['Compoundeyes', 'Unnerve', 'Swarm']",70,77,60,97,60,108,"['psychic', 'dark', 'water']","['fighting', 'poison', 'ghost', 'steel', 'fire', 'fairy', 'ground', 'electric', 'dragon']","['fighting', 'grass', 'steel', 'electric']","['rock', 'fire']",472,78
#095,Karrablast,['bug'],"['Swarm', 'Shed Skin', 'No Guard']",50,75,45,40,45,60,"['grass', 'psychic', 'dark']","['fighting', 'flying', 'poison', 'ghost', 'steel', 'fire', 'fairy']","['fighting', 'ground', 'grass']","['flying', 'rock', 'fire']",315,52
#096,Escavalier,"['bug', 'steel']","['Swarm', 'Shell Armor', 'Overcoat']",70,135,105,60,105,20,"['grass', 'psychic', 'dark', 'rock', 'ice']","['fighting', 'flying', 'poison', 'ghost', 'steel', 'fire', 'water', 'electric']","['ground', 'grass', 'normal', 'poison', 'bug', 'steel', 'psychic', 'ice', 'dragon', 'fairy']","['fire', 'ground']",495,82
#097,Shelmet,['bug'],"['Hydration', 'Shell Armor', 'Overcoat']",50,40,85,40,65,25,"['grass', 'psychic', 'dark']","['fighting', 'flying', 'poison', 'ghost', 'steel', 'fire', 'fairy']","['fighting', 'ground', 'grass']","['flying', 'rock', 'fire']",305,50
#098,Accelgor,['bug'],"['Hydration', 'Sticky Hold', 'Unburden']",80,70,40,100,60,145,"['grass', 'psychic', 'dark']","['fighting', 'flying', 'poison', 'ghost', 'steel', 'fire', 'fairy']","['fighting', 'ground', 'grass']","['flying', 'rock', 'fire']",495,82
#099,Sizzlipede,"['fire', 'bug']","['Flash Fire', 'White Smoke', 'Flame Body']",50,65,45,50,50,45,"['bug', 'grass', 'ice', 'psychic', 'dark']","['rock', 'fire', 'water', 'dragon', 'fighting', 'flying', 'poison', 'ghost', 'fairy']","['bug', 'steel', 'grass', 'ice', 'fighting']","['rock', 'water', 'flying']",305,50
#100,Centiskorch,"['fire', 'bug']","['Flash Fire', 'White Smoke', 'Flame Body']",100,115,65,90,90,65,"['bug', 'grass', 'ice', 'psychic', 'dark']","['rock', 'fire', 'water', 'dragon', 'fighting', 'flying', 'poison', 'ghost', 'fairy']","['bug', 'steel', 'grass', 'ice', 'fighting']","['rock', 'water', 'flying']",525,87
#101,Durant,"['bug', 'steel']","['Swarm', 'Hustle', 'Truant']",58,109,112,48,48,109,"['grass', 'psychic', 'dark', 'rock', 'ice']","['fighting', 'flying', 'poison', 'ghost', 'steel', 'fire', 'water', 'electric']","['ground', 'grass', 'normal', 'poison', 'bug', 'steel', 'psychic', 'ice', 'dragon', 'fairy']","['fire', 'ground']",484,80
#102,Heatmor,['fire'],"['Gluttony', 'Flash Fire', 'White Smoke']",85,97,66,105,66,65,"['bug', 'steel', 'grass', 'ice']","['rock', 'fire', 'water', 'dragon']","['bug', 'steel', 'fire', 'grass', 'ice']","['ground', 'rock', 'water']",484,80
#103,Darumaka,['ice'],"['Hustle', 'Inner Focus']",70,90,45,15,45,50,"['flying', 'ground', 'grass', 'dragon']","['steel', 'fire', 'water', 'ice']",['ice'],"['fighting', 'rock', 'steel', 'fire']",315,52
#104,Darmanitan,['ice'],"['Gorilla Tactics', 'Zen Mode']",105,140,55,30,55,95,"['flying', 'ground', 'grass', 'dragon']","['steel', 'fire', 'water', 'ice']",['ice'],"['fighting', 'rock', 'steel', 'fire']",480,80
#105,Ponyta,['psychic'],"['Run Away', 'Pastel Veil', 'Anticipation']",50,85,55,65,65,90,"['fighting', 'poison']","['steel', 'dark', 'psychic']","['fighting', 'psychic']","['bug', 'ghost', 'dark']",410,68
#106,Rapidash,"['psychic', 'fairy']","['Run Away', 'Pastel Veil', 'Anticipation']",65,100,70,80,80,105,"['fighting', 'dragon']","['steel', 'psychic', 'fire']","['fighting', 'psychic', 'dragon']","['ghost', 'poison', 'steel']",500,83
#107,Absol,['dark'],"['Pressure', 'Super Luck', 'Justified']",65,130,60,75,60,75,"['ghost', 'psychic']","['fighting', 'dark', 'fairy']","['ghost', 'psychic', 'dark']","['fighting', 'bug', 'fairy']",465,77
#108,Cufant,['steel'],"['Sheer Force', 'Heavy Metal']",72,80,49,40,49,40,"['rock', 'ice', 'fairy']","['steel', 'fire', 'water', 'electric']","['normal', 'flying', 'poison', 'rock', 'bug', 'steel', 'grass', 'psychic', 'ice', 'dragon', 'fairy']","['fighting', 'ground', 'fire']",330,55
#109,Copperajah,['steel'],"['Sheer Force', 'Heavy Metal']",122,130,69,80,69,30,"['rock', 'ice', 'fairy']","['steel', 'fire', 'water', 'electric']","['normal', 'flying', 'poison', 'rock', 'bug', 'steel', 'grass', 'psychic', 'ice', 'dragon', 'fairy']","['fighting', 'ground', 'fire']",500,83
#110,Dreepy,"['dragon', 'ghost']","['Clear Body', 'Infiltrator', 'Cursed Body']",28,60,30,40,30,82,"['dragon', 'ghost', 'psychic']","['steel', 'fairy', 'normal', 'dark']","['fire', 'water', 'grass', 'electric', 'normal', 'fighting', 'poison', 'bug']","['ice', 'dragon', 'fairy', 'ghost', 'dark']",270,45
#111,Drakloak,"['dragon', 'ghost']","['Clear Body', 'Infiltrator', 'Cursed Body']",68,80,50,60,50,102,"['dragon', 'ghost', 'psychic']","['steel', 'fairy', 'normal', 'dark']","['fire', 'water', 'grass', 'electric', 'normal', 'fighting', 'poison', 'bug']","['ice', 'dragon', 'fairy', 'ghost', 'dark']",410,68
#112,Dragapult,"['dragon', 'ghost']","['Clear Body', 'Infiltrator', 'Cursed Body']",88,120,75,100,75,142,"['dragon', 'ghost', 'psychic']","['steel', 'fairy', 'normal', 'dark']","['fire', 'water', 'grass', 'electric', 'normal', 'fighting', 'poison', 'bug']","['ice', 'dragon', 'fairy', 'ghost', 'dark']",600,100
#113,Bagon,['dragon'],"['Rock Head', 'Sheer Force']",45,75,60,40,30,50,['dragon'],"['steel', 'fairy']","['fire', 'water', 'grass', 'electric']","['ice', 'dragon', 'fairy']",300,50
#114,Shelgon,['dragon'],"['Rock Head', 'Overcoat']",65,95,100,60,50,50,['dragon'],"['steel', 'fairy']","['fire', 'water', 'grass', 'electric']","['ice', 'dragon', 'fairy']",420,70
#115,Salamence,"['dragon', 'flying']","['Intimidate', 'Moxie']",95,135,80,110,80,100,"['dragon', 'fighting', 'bug', 'grass']","['steel', 'fairy', 'rock', 'electric']","['fire', 'water', 'grass', 'fighting', 'ground', 'bug']","['ice', 'dragon', 'fairy', 'rock']",600,100
#116,Gible,"['dragon', 'ground']","['Sand Veil', 'Rough Skin']",58,70,45,40,45,42,"['dragon', 'poison', 'rock', 'fire', 'electric']","['fairy', 'flying', 'bug', 'grass']","['fire', 'grass', 'electric', 'poison', 'rock']","['ice', 'dragon', 'fairy', 'grass']",300,50
#117,Gabite,"['dragon', 'ground']","['Sand Veil', 'Rough Skin']",68,90,65,50,55,82,"['dragon', 'poison', 'rock', 'fire', 'electric']","['fairy', 'flying', 'bug', 'grass']","['fire', 'grass', 'electric', 'poison', 'rock']","['ice', 'dragon', 'fairy', 'grass']",410,68
#118,Garchomp,"['dragon', 'ground']","['Sand Veil', 'Rough Skin']",108,130,95,80,85,102,"['dragon', 'poison', 'rock', 'fire', 'electric']","['fairy', 'flying', 'bug', 'grass']","['fire', 'grass', 'electric', 'poison', 'rock']","['ice', 'dragon', 'fairy', 'grass']",600,100
#119,Druddigon,['dragon'],"['Rough Skin', 'Sheer Force', 'Mold Breaker']",77,120,90,60,90,48,['dragon'],"['steel', 'fairy']","['fire', 'water', 'grass', 'electric']","['ice', 'dragon', 'fairy']",485,80
#120,Delibird,"['ice', 'flying']","['Vital Spirit', 'Hustle', 'Insomnia']",45,55,45,65,45,75,"['flying', 'ground', 'grass', 'dragon', 'fighting', 'bug']","['steel', 'fire', 'water', 'ice', 'rock', 'electric']","['fighting', 'ground', 'bug', 'grass']","['fighting', 'rock', 'steel', 'fire', 'electric']",330,55
#121,Cubchoo,['ice'],"['Snow Cloak', 'Slush Rush', 'Rattled']",55,70,40,60,40,40,"['flying', 'ground', 'grass', 'dragon']","['steel', 'fire', 'water', 'ice']",['ice'],"['fighting', 'rock', 'steel', 'fire']",305,50
#122,Beartic,['ice'],"['Snow Cloak', 'Slush Rush', 'Swift Swim']",95,130,80,70,80,50,"['flying', 'ground', 'grass', 'dragon']","['steel', 'fire', 'water', 'ice']",['ice'],"['fighting', 'rock', 'steel', 'fire']",505,84
#123,Omanyte,"['rock', 'water']","['Swift Swim', 'Shell Armor', 'Weak Armor']",35,40,100,90,55,35,"['flying', 'bug', 'fire', 'ice', 'rock']","['fighting', 'steel', 'water', 'grass', 'dragon']","['normal', 'flying', 'poison', 'fire', 'water', 'ice']","['fighting', 'ground', 'water', 'grass', 'electric']",355,59
#124,Omastar,"['rock', 'water']","['Swift Swim', 'Shell Armor', 'Weak Armor']",70,60,125,115,70,55,"['flying', 'bug', 'fire', 'ice', 'rock']","['fighting', 'steel', 'water', 'grass', 'dragon']","['normal', 'flying', 'poison', 'fire', 'water', 'ice']","['fighting', 'ground', 'water', 'grass', 'electric']",495,82
#125,Kabuto,"['rock', 'water']","['Swift Swim', 'Battle Armor', 'Weak Armor']",30,80,90,55,45,55,"['flying', 'bug', 'fire', 'ice', 'rock']","['fighting', 'steel', 'water', 'grass', 'dragon']","['normal', 'flying', 'poison', 'fire', 'water', 'ice']","['fighting', 'ground', 'water', 'grass', 'electric']",355,59
#126,Kabutops,"['rock', 'water']","['Swift Swim', 'Battle Armor', 'Weak Armor']",60,115,105,65,70,80,"['flying', 'bug', 'fire', 'ice', 'rock']","['fighting', 'steel', 'water', 'grass', 'dragon']","['normal', 'flying', 'poison', 'fire', 'water', 'ice']","['fighting', 'ground', 'water', 'grass', 'electric']",495,82
#127,Aerodactyl,"['rock', 'flying']","['Rock Head', 'Pressure', 'Unnerve']",80,105,65,60,75,130,"['flying', 'bug', 'fire', 'ice', 'grass']","['ground', 'steel', 'rock', 'electric']","['normal', 'flying', 'poison', 'fire', 'ground', 'bug']","['ground', 'steel', 'water', 'rock', 'electric', 'ice']",515,85
#128,Carbink,"['rock', 'fairy']","['Clear Body', 'Sturdy']",50,50,150,50,150,50,"['flying', 'bug', 'ice', 'dragon', 'dark']","['ground', 'steel', 'poison']","['normal', 'flying', 'fire', 'bug', 'dragon', 'dark']","['ground', 'steel', 'water', 'grass']",500,83
#129,Beldum,"['steel', 'psychic']","['Clear Body', 'Light Metal']",40,55,80,35,60,30,"['rock', 'ice', 'fairy', 'fighting', 'poison']","['steel', 'fire', 'water', 'electric', 'dark', 'psychic']","['normal', 'flying', 'poison', 'rock', 'steel', 'grass', 'psychic', 'ice', 'dragon', 'fairy']","['ground', 'fire', 'ghost', 'dark']",300,50
#130,Metang,"['steel', 'psychic']","['Clear Body', 'Light Metal']",60,75,100,55,80,50,"['rock', 'ice', 'fairy', 'fighting', 'poison']","['steel', 'fire', 'water', 'electric', 'dark', 'psychic']","['normal', 'flying', 'poison', 'rock', 'steel', 'grass', 'psychic', 'ice', 'dragon', 'fairy']","['ground', 'fire', 'ghost', 'dark']",420,70
#131,Metagross,"['steel', 'psychic']","['Clear Body', 'Light Metal']",80,135,130,95,90,70,"['rock', 'ice', 'fairy', 'fighting', 'poison']","['steel', 'fire', 'water', 'electric', 'dark', 'psychic']","['normal', 'flying', 'poison', 'rock', 'steel', 'grass', 'psychic', 'ice', 'dragon', 'fairy']","['ground', 'fire', 'ghost', 'dark']",600,100
#132,Sinistea,['ghost'],"['Weak Armor', 'Cursed Body']",40,45,45,74,54,50,"['ghost', 'psychic']","['normal', 'dark']","['normal', 'fighting', 'poison', 'bug']","['ghost', 'dark']",308,51
#133,Polteageist,['ghost'],"['Weak Armor', 'Cursed Body']",60,65,65,134,114,70,"['ghost', 'psychic']","['normal', 'dark']","['normal', 'fighting', 'poison', 'bug']","['ghost', 'dark']",508,84
#134,Riolu,['fighting'],"['Steadfast', 'Inner Focus', 'Prankster']",40,70,40,35,40,60,"['normal', 'rock', 'steel', 'ice', 'dark']","['flying', 'poison', 'psychic', 'bug', 'ghost', 'fairy']","['rock', 'bug', 'ghost']","['flying', 'psychic', 'fairy']",285,47
#135,Lucario,"['fighting', 'steel']","['Steadfast', 'Inner Focus', 'Justified']",70,110,70,115,70,90,"['normal', 'rock', 'ice', 'dark']","['flying', 'poison', 'psychic', 'bug', 'ghost', 'fire', 'water', 'electric']","['rock', 'bug', 'ghost', 'normal', 'poison', 'steel', 'grass', 'ice', 'dragon']","['fighting', 'ground', 'fire']",525,87
#136,Deino,"['dark', 'dragon']",['Hustle'],52,65,50,45,50,38,"['ghost', 'psychic', 'dragon']","['fighting', 'dark', 'fairy', 'steel']","['ghost', 'psychic', 'dark', 'fire', 'water', 'grass', 'electric']","['fighting', 'bug', 'fairy', 'ice', 'dragon']",300,50
#137,Zweilous,"['dark', 'dragon']",['Hustle'],72,85,70,65,70,58,"['ghost', 'psychic', 'dragon']","['fighting', 'dark', 'fairy', 'steel']","['ghost', 'psychic', 'dark', 'fire', 'water', 'grass', 'electric']","['fighting', 'bug', 'fairy', 'ice', 'dragon']",420,70
#138,Hydreigon,"['dark', 'dragon']",['Levitate'],92,105,90,125,90,98,"['ghost', 'psychic', 'dragon']","['fighting', 'dark', 'fairy', 'steel']","['ghost', 'psychic', 'dark', 'fire', 'water', 'grass', 'electric']","['fighting', 'bug', 'fairy', 'ice', 'dragon']",600,100
#139,Larvitar,"['rock', 'ground']","['Guts', 'Sand Veil']",50,64,50,45,50,41,"['bug', 'fire', 'ice', 'poison', 'rock', 'electric']","['fighting', 'ground', 'bug', 'grass']","['normal', 'flying', 'poison', 'fire', 'rock', 'electric']","['fighting', 'ground', 'steel', 'water', 'grass', 'ice']",300,50
#140,Pupitar,"['rock', 'ground']",['Shed Skin'],70,84,70,65,70,51,"['bug', 'fire', 'ice', 'poison', 'rock', 'electric']","['fighting', 'ground', 'bug', 'grass']","['normal', 'flying', 'poison', 'fire', 'rock', 'electric']","['fighting', 'ground', 'steel', 'water', 'grass', 'ice']",410,68
#141,Tyranitar,"['rock', 'dark']","['Sand Stream', 'Unnerve']",100,134,110,95,100,61,"['flying', 'bug', 'fire', 'ice', 'ghost', 'psychic']","['fighting', 'ground', 'steel', 'dark', 'fairy']","['normal', 'flying', 'poison', 'fire', 'ghost', 'psychic', 'dark']","['fighting', 'ground', 'steel', 'water', 'grass', 'bug', 'fairy']",600,100
#142,Bergmite,['ice'],"['Own Tempo', 'Ice Body', 'Sturdy']",55,69,85,32,35,28,"['flying', 'ground', 'grass', 'dragon']","['steel', 'fire', 'water', 'ice']",['ice'],"['fighting', 'rock', 'steel', 'fire']",304,50
#143,Avalugg,['ice'],"['Own Tempo', 'Ice Body', 'Sturdy']",95,117,184,44,46,28,"['flying', 'ground', 'grass', 'dragon']","['steel', 'fire', 'water', 'ice']",['ice'],"['fighting', 'rock', 'steel', 'fire']",514,85
#144,Zubat,"['poison', 'flying']","['Inner Focus', 'Infiltrator']",40,45,35,30,40,55,"['grass', 'fairy', 'fighting', 'bug']","['poison', 'ground', 'rock', 'steel', 'ghost', 'electric']","['fighting', 'poison', 'grass', 'fairy', 'bug']","['psychic', 'rock', 'electric', 'ice']",245,40
#145,Golbat,"['poison', 'flying']","['Inner Focus', 'Infiltrator']",75,80,70,65,75,90,"['grass', 'fairy', 'fighting', 'bug']","['poison', 'ground', 'rock', 'steel', 'ghost', 'electric']","['fighting', 'poison', 'grass', 'fairy', 'bug']","['psychic', 'rock', 'electric', 'ice']",455,75
#146,Crobat,"['poison', 'flying']","['Inner Focus', 'Infiltrator']",85,90,80,70,80,130,"['grass', 'fairy', 'fighting', 'bug']","['poison', 'ground', 'rock', 'steel', 'ghost', 'electric']","['fighting', 'poison', 'grass', 'fairy', 'bug']","['psychic', 'rock', 'electric', 'ice']",535,89
#147,Tirtouga,"['water', 'rock']","['Solid Rock', 'Sturdy', 'Swift Swim']",54,78,103,53,45,22,"['rock', 'fire', 'flying', 'bug', 'ice']","['water', 'grass', 'dragon', 'fighting', 'steel']","['fire', 'ice', 'normal', 'flying', 'poison']","['grass', 'electric', 'fighting', 'ground']",355,59
#148,Carracosta,"['water', 'rock']","['Solid Rock', 'Sturdy', 'Swift Swim']",74,108,133,83,65,32,"['rock', 'fire', 'flying', 'bug', 'ice']","['water', 'grass', 'dragon', 'fighting', 'steel']","['fire', 'ice', 'normal', 'flying', 'poison']","['grass', 'electric', 'fighting', 'ground']",495,82
#149,Archen,"['rock', 'flying']",['Defeatist'],55,112,45,74,45,70,"['flying', 'bug', 'fire', 'ice', 'grass']","['ground', 'steel', 'rock', 'electric']","['normal', 'flying', 'poison', 'fire', 'ground', 'bug']","['ground', 'steel', 'water', 'rock', 'electric', 'ice']",401,66
#150,Archeops,"['rock', 'flying']",['Defeatist'],75,140,65,112,65,110,"['flying', 'bug', 'fire', 'ice', 'grass']","['ground', 'steel', 'rock', 'electric']","['normal', 'flying', 'poison', 'fire', 'ground', 'bug']","['ground', 'steel', 'water', 'rock', 'electric', 'ice']",567,94
#151,Baltoy,"['ground', 'psychic']",['Levitate'],40,40,55,40,70,55,"['poison', 'rock', 'fire', 'electric', 'fighting']","['flying', 'bug', 'grass', 'dark', 'psychic']","['poison', 'rock', 'electric', 'fighting', 'psychic']","['water', 'ice', 'grass', 'bug', 'ghost', 'dark']",300,50
#152,Claydol,"['ground', 'psychic']",['Levitate'],60,70,105,70,120,75,"['poison', 'rock', 'fire', 'electric', 'fighting']","['flying', 'bug', 'grass', 'dark', 'psychic']","['poison', 'rock', 'electric', 'fighting', 'psychic']","['water', 'ice', 'grass', 'bug', 'ghost', 'dark']",500,83
#153,Golett,"['ground', 'ghost']","['Iron Fist', 'Klutz', 'No Guard']",59,74,50,35,50,35,"['poison', 'rock', 'steel', 'fire', 'electric', 'ghost', 'psychic']","['flying', 'bug', 'grass', 'normal', 'dark']","['poison', 'rock', 'electric', 'normal', 'fighting', 'bug']","['water', 'ice', 'grass', 'ghost', 'dark']",303,50
#154,Golurk,"['ground', 'ghost']","['Iron Fist', 'Klutz', 'No Guard']",89,124,80,55,80,55,"['poison', 'rock', 'steel', 'fire', 'electric', 'ghost', 'psychic']","['flying', 'bug', 'grass', 'normal', 'dark']","['poison', 'rock', 'electric', 'normal', 'fighting', 'bug']","['water', 'ice', 'grass', 'ghost', 'dark']",483,80
#155,Yamper,['electric'],"['Ball Fetch', 'Rattled']",59,45,50,40,50,26,"['flying', 'water']","['ground', 'grass', 'electric', 'dragon']","['flying', 'steel', 'electric']",['ground'],270,45
#156,Boltund,['electric'],"['Strong Jaw', 'Competitive']",69,90,60,90,60,121,"['flying', 'water']","['ground', 'grass', 'electric', 'dragon']","['flying', 'steel', 'electric']",['ground'],490,81
#157,Morpeko,"['electric', 'dark']",['Hunger Switch'],58,95,58,70,58,97,"['flying', 'water', 'ghost', 'psychic']","['ground', 'grass', 'electric', 'dragon', 'fighting', 'dark', 'fairy']","['flying', 'steel', 'electric', 'ghost', 'psychic', 'dark']","['ground', 'fighting', 'bug', 'fairy']",436,72
#158,Pincurchin,['electric'],"['Lightning Rod', 'Electric Surge']",48,101,95,91,85,15,"['flying', 'water']","['ground', 'grass', 'electric', 'dragon']","['flying', 'steel', 'electric']",['ground'],435,72
#159,Spheal,"['ice', 'water']","['Thick Fat', 'Ice Body', 'Oblivious']",70,40,50,55,50,25,"['flying', 'ground', 'dragon', 'rock']","['steel', 'water', 'ice', 'dragon']","['ice', 'fire', 'water']","['fighting', 'rock', 'fire', 'grass', 'electric']",290,48
#160,Sealeo,"['ice', 'water']","['Thick Fat', 'Ice Body', 'Oblivious']",90,60,70,75,70,45,"['flying', 'ground', 'dragon', 'rock']","['steel', 'water', 'ice', 'dragon']","['ice', 'fire', 'water']","['fighting', 'rock', 'fire', 'grass', 'electric']",410,68
#161,Walrein,"['ice', 'water']","['Thick Fat', 'Ice Body', 'Oblivious']",110,80,90,95,90,65,"['flying', 'ground', 'dragon', 'rock']","['steel', 'water', 'ice', 'dragon']","['ice', 'fire', 'water']","['fighting', 'rock', 'fire', 'grass', 'electric']",530,88
#162,Dhelmise,"['ghost', 'grass']",['Steelworker'],70,131,100,86,90,40,"['ghost', 'psychic', 'ground', 'rock', 'water']","['normal', 'dark', 'flying', 'poison', 'bug', 'steel', 'fire', 'grass', 'dragon']","['normal', 'fighting', 'bug', 'ground', 'water', 'grass', 'electric']","['ghost', 'dark', 'flying', 'bug', 'fire', 'ice']",517,86
#163,Rookidee,['flying'],"['Keen Eye', 'Unnerve', 'Big Pecks']",38,47,35,33,35,57,"['fighting', 'bug', 'grass']","['rock', 'steel', 'electric']","['fighting', 'ground', 'bug', 'grass']","['rock', 'electric', 'ice']",245,40
#164,Corvisquire,['flying'],"['Keen Eye', 'Unnerve', 'Big Pecks']",68,67,55,43,55,77,"['fighting', 'bug', 'grass']","['rock', 'steel', 'electric']","['fighting', 'ground', 'bug', 'grass']","['rock', 'electric', 'ice']",365,60
#165,Corviknight,"['flying', 'steel']","['Pressure', 'Unnerve', 'Mirror Armor']",98,87,105,53,85,67,"['fighting', 'bug', 'grass', 'ice', 'fairy']","['steel', 'electric', 'fire', 'water']","['ground', 'bug', 'grass', 'normal', 'flying', 'poison', 'steel', 'psychic', 'dragon', 'fairy']","['electric', 'ground', 'fire']",495,82
#166,Gossifleur,['grass'],"['Cotton Down', 'Regenerator', 'Effect Spore']",40,40,60,40,60,10,"['ground', 'rock', 'water']","['flying', 'poison', 'bug', 'steel', 'fire', 'grass', 'dragon']","['ground', 'water', 'grass', 'electric']","['flying', 'poison', 'bug', 'fire', 'ice']",250,41
#167,Eldegoss,['grass'],"['Cotton Down', 'Regenerator', 'Effect Spore']",60,50,90,80,120,60,"['ground', 'rock', 'water']","['flying', 'poison', 'bug', 'steel', 'fire', 'grass', 'dragon']","['ground', 'water', 'grass', 'electric']","['flying', 'poison', 'bug', 'fire', 'ice']",460,76
#168,Cottonee,"['grass', 'fairy']","['Prankster', 'Infiltrator', 'Chlorophyll']",40,27,60,37,50,66,"['ground', 'rock', 'water', 'fighting', 'dark']","['flying', 'poison', 'bug', 'steel', 'fire', 'grass']","['ground', 'water', 'grass', 'electric', 'fighting', 'dragon', 'dark']","['flying', 'poison', 'fire', 'ice', 'steel']",280,46
#169,Whimsicott,"['grass', 'fairy']","['Prankster', 'Infiltrator', 'Chlorophyll']",60,67,85,77,75,116,"['ground', 'rock', 'water', 'fighting', 'dark']","['flying', 'poison', 'bug', 'steel', 'fire', 'grass']","['ground', 'water', 'grass', 'electric', 'fighting', 'dragon', 'dark']","['flying', 'poison', 'fire', 'ice', 'steel']",480,80
#170,Shuckle,"['bug', 'rock']","['Sturdy', 'Gluttony', 'Contrary']",20,10,230,10,230,5,"['grass', 'psychic', 'dark', 'bug', 'ice']","['fighting', 'poison', 'ghost', 'steel', 'fairy', 'ground']","['ground', 'normal', 'poison']","['rock', 'ground', 'steel', 'water']",505,84
#171,Indeedee,"['psychic', 'normal']","['Inner Focus', 'Synchronize', 'Psychic Surge']",60,65,55,105,95,95,"['fighting', 'poison']","['steel', 'dark', 'psychic', 'rock', 'ghost']",['psychic'],"['bug', 'dark']",475,79
#172,Munchlax,['normal'],"['Pickup', 'Thick Fat', 'Gluttony']",135,85,40,40,85,5,[],"['rock', 'ghost', 'steel']",['ghost'],['fighting'],390,65
#173,Snorlax,['normal'],"['Immunity', 'Thick Fat', 'Gluttony']",160,110,65,65,110,30,[],"['rock', 'ghost', 'steel']",['ghost'],['fighting'],540,90
#174,Sableye,"['dark', 'ghost']","['Keen Eye', 'Stall', 'Prankster']",50,75,75,65,65,50,"['ghost', 'psychic']","['fighting', 'dark', 'fairy', 'normal']","['psychic', 'normal', 'poison']",['fairy'],380,63
#175,Mawile,"['steel', 'fairy']","['Hyper Cutter', 'Intimidate', 'Sheer Force']",50,85,85,55,55,50,"['rock', 'ice', 'fairy', 'fighting', 'dragon', 'dark']","['steel', 'fire', 'water', 'electric', 'poison']","['normal', 'flying', 'rock', 'bug', 'grass', 'psychic', 'ice', 'dragon', 'fairy', 'dark']","['ground', 'fire']",380,63
#176,Rolycoly,['rock'],"['Steam Engine', 'Heatproof', 'Flash Fire']",30,40,50,40,50,30,"['flying', 'bug', 'fire', 'ice']","['fighting', 'ground', 'steel']","['normal', 'flying', 'poison', 'fire']","['fighting', 'ground', 'steel', 'water', 'grass']",240,40
#177,Carkol,"['rock', 'fire']","['Steam Engine', 'Flame Body', 'Flash Fire']",80,60,90,60,70,50,"['flying', 'bug', 'ice', 'grass']","['fighting', 'ground', 'rock', 'water', 'dragon']","['normal', 'flying', 'poison', 'fire', 'bug', 'grass', 'ice']","['fighting', 'ground', 'water', 'grass', 'rock']",410,68
#178,Coalossal,"['rock', 'fire']","['Steam Engine', 'Flame Body', 'Flash Fire']",110,80,120,80,90,30,"['flying', 'bug', 'ice', 'grass']","['fighting', 'ground', 'rock', 'water', 'dragon']","['normal', 'flying', 'poison', 'fire', 'bug', 'grass', 'ice']","['fighting', 'ground', 'water', 'grass', 'rock']",510,85
#179,Ferroseed,"['grass', 'steel']",['Iron Barbs'],44,50,91,24,86,10,"['ground', 'rock', 'ice', 'fairy']","['flying', 'poison', 'bug', 'steel', 'fire', 'grass', 'dragon', 'electric']","['water', 'grass', 'electric', 'normal', 'poison', 'rock', 'steel', 'psychic', 'dragon', 'fairy']","['poison', 'fire', 'fighting']",305,50
#180,Ferrothorn,"['grass', 'steel']","['Iron Barbs', 'Anticipation']",74,94,131,54,116,20,"['ground', 'rock', 'ice', 'fairy']","['flying', 'poison', 'bug', 'steel', 'fire', 'grass', 'dragon', 'electric']","['water', 'grass', 'electric', 'normal', 'poison', 'rock', 'steel', 'psychic', 'dragon', 'fairy']","['poison', 'fire', 'fighting']",489,81
#181,Noibat,"['flying', 'dragon']","['Frisk', 'Infiltrator', 'Telepathy']",40,30,35,45,40,55,"['fighting', 'bug', 'grass', 'dragon']","['rock', 'steel', 'electric', 'fairy']","['fighting', 'ground', 'bug', 'grass', 'fire', 'water']","['rock', 'ice', 'dragon', 'fairy']",245,40
#182,Noivern,"['flying', 'dragon']","['Frisk', 'Infiltrator', 'Telepathy']",85,70,80,97,80,123,"['fighting', 'bug', 'grass', 'dragon']","['rock', 'steel', 'electric', 'fairy']","['fighting', 'ground', 'bug', 'grass', 'fire', 'water']","['rock', 'ice', 'dragon', 'fairy']",535,89
#183,Lileep,"['rock', 'grass']","['Suction Cups', 'Storm Drain']",66,41,77,61,87,23,"['bug', 'ice', 'rock', 'water']","['fighting', 'steel', 'poison', 'bug', 'grass', 'dragon']","['normal', 'poison', 'ground', 'grass', 'electric']","['fighting', 'ground', 'steel', 'grass', 'poison', 'bug', 'ice']",355,59
#184,Cradily,"['rock', 'grass']","['Suction Cups', 'Storm Drain']",86,81,97,81,107,43,"['bug', 'ice', 'rock', 'water']","['fighting', 'steel', 'poison', 'bug', 'grass', 'dragon']","['normal', 'poison', 'ground', 'grass', 'electric']","['fighting', 'ground', 'steel', 'grass', 'poison', 'bug', 'ice']",495,82
#185,Anorith,"['rock', 'bug']","['Battle Armor', 'Swift Swim']",45,95,50,40,50,75,"['bug', 'ice', 'grass', 'psychic', 'dark']","['fighting', 'ground', 'steel', 'poison', 'ghost', 'fairy']","['normal', 'poison', 'fighting', 'grass']","['fighting', 'steel', 'water', 'grass', 'rock']",355,59
#186,Armaldo,"['rock', 'bug']","['Battle Armor', 'Swift Swim']",75,125,100,70,80,45,"['bug', 'ice', 'grass', 'psychic', 'dark']","['fighting', 'ground', 'steel', 'poison', 'ghost', 'fairy']","['normal', 'poison', 'fighting', 'grass']","['fighting', 'steel', 'water', 'grass', 'rock']",495,82
#187,Relicanth,"['water', 'rock']","['Swift Swim', 'Rock Head', 'Sturdy']",100,90,130,45,65,55,"['rock', 'fire', 'flying', 'bug', 'ice']","['water', 'grass', 'dragon', 'fighting', 'steel']","['fire', 'ice', 'normal', 'flying', 'poison']","['grass', 'electric', 'fighting', 'ground']",485,80
#188,Feebas,['water'],"['Swift Swim', 'Oblivious', 'Adaptability']",20,15,20,10,55,80,"['ground', 'rock', 'fire']","['water', 'grass', 'dragon']","['steel', 'fire', 'water', 'ice']","['grass', 'electric']",200,33
#189,Milotic,['water'],"['Marvel Scale', 'Competitive', 'Cute Charm']",95,60,79,100,125,81,"['ground', 'rock', 'fire']","['water', 'grass', 'dragon']","['steel', 'fire', 'water', 'ice']","['grass', 'electric']",540,90
#190,Lapras,"['water', 'ice']","['Water Absorb', 'Shell Armor', 'Hydration']",130,85,80,85,95,60,"['ground', 'rock', 'flying', 'dragon']","['water', 'dragon', 'steel', 'ice']","['fire', 'water', 'ice']","['grass', 'electric', 'fighting', 'rock', 'fire']",535,89
#191,Aron,"['steel', 'rock']","['Sturdy', 'Rock Head', 'Heavy Metal']",50,70,100,40,40,30,"['rock', 'ice', 'fairy', 'flying', 'bug']","['steel', 'water', 'electric', 'fighting', 'ground']","['normal', 'flying', 'poison', 'rock', 'bug', 'grass', 'psychic', 'ice', 'dragon', 'fairy']","['fighting', 'ground', 'water', 'grass']",330,55
#192,Lairon,"['steel', 'rock']","['Sturdy', 'Rock Head', 'Heavy Metal']",60,90,140,50,50,40,"['rock', 'ice', 'fairy', 'flying', 'bug']","['steel', 'water', 'electric', 'fighting', 'ground']","['normal', 'flying', 'poison', 'rock', 'bug', 'grass', 'psychic', 'ice', 'dragon', 'fairy']","['fighting', 'ground', 'water', 'grass']",430,71
#193,Aggron,"['steel', 'rock']","['Sturdy', 'Rock Head', 'Heavy Metal']",70,110,180,60,60,50,"['rock', 'ice', 'fairy', 'flying', 'bug']","['steel', 'water', 'electric', 'fighting', 'ground']","['normal', 'flying', 'poison', 'rock', 'bug', 'grass', 'psychic', 'ice', 'dragon', 'fairy']","['fighting', 'ground', 'water', 'grass']",530,88
#194,Dratini,['dragon'],"['Shed Skin', 'Marvel Scale']",41,64,45,50,50,50,['dragon'],"['steel', 'fairy']","['fire', 'water', 'grass', 'electric']","['ice', 'dragon', 'fairy']",300,50
#195,Dragonair,['dragon'],"['Shed Skin', 'Marvel Scale']",61,84,65,70,70,70,['dragon'],"['steel', 'fairy']","['fire', 'water', 'grass', 'electric']","['ice', 'dragon', 'fairy']",420,70
#196,Dragonite,"['dragon', 'flying']","['Inner Focus', 'Multiscale']",91,134,95,100,100,80,"['dragon', 'fighting', 'bug', 'grass']","['steel', 'fairy', 'rock', 'electric']","['fire', 'water', 'grass', 'fighting', 'ground', 'bug']","['ice', 'dragon', 'fairy', 'rock']",600,100
#197,Regirock,['rock'],"['Clear Body', 'Sturdy']",80,100,200,50,100,50,"['flying', 'bug', 'fire', 'ice']","['fighting', 'ground', 'steel']","['normal', 'flying', 'poison', 'fire']","['fighting', 'ground', 'steel', 'water', 'grass']",580,96
#198,Regice,['ice'],"['Clear Body', 'Ice Body']",80,50,100,100,200,50,"['flying', 'ground', 'grass', 'dragon']","['steel', 'fire', 'water', 'ice']",['ice'],"['fighting', 'rock', 'steel', 'fire']",580,96
#199,Registeel,['steel'],"['Clear Body', 'Light Metal']",80,75,150,75,150,50,"['rock', 'ice', 'fairy']","['steel', 'fire', 'water', 'electric']","['normal', 'flying', 'poison', 'rock', 'bug', 'steel', 'grass', 'psychic', 'ice', 'dragon', 'fairy']","['fighting', 'ground', 'fire']",580,96
#200,Regieleki,['electric'],['Transistor'],80,100,50,100,50,200,"['flying', 'water']","['ground', 'grass', 'electric', 'dragon']","['flying', 'steel', 'electric']",['ground'],580,96
#201,Regidrago,['dragon'],"[""Dragon's Maw""]",200,100,50,100,50,80,['dragon'],"['steel', 'fairy']","['fire', 'water', 'grass', 'electric']","['ice', 'dragon', 'fairy']",580,96
#202,Articuno,"['psychic', 'flying']",['Competitive'],90,85,85,125,100,95,"['fighting', 'poison', 'bug', 'grass']","['steel', 'dark', 'psychic', 'rock', 'electric']","['fighting', 'psychic', 'ground', 'grass']","['ghost', 'dark', 'rock', 'electric', 'ice']",580,96
#203,Zapdos,"['fighting', 'flying']",['Defiant'],90,125,90,85,90,100,"['normal', 'steel', 'ice', 'dark', 'fighting', 'grass']","['flying', 'poison', 'psychic', 'ghost', 'fairy', 'steel', 'electric']","['bug', 'ghost', 'fighting', 'ground', 'grass']","['flying', 'psychic', 'fairy', 'electric', 'ice']",580,96
#204,Moltres,"['dark', 'flying']",['Berserk'],90,85,90,100,125,90,"['ghost', 'psychic', 'bug', 'grass']","['dark', 'fairy', 'rock', 'steel', 'electric']","['ghost', 'psychic', 'dark', 'ground', 'grass']","['fairy', 'rock', 'electric', 'ice']",580,96
#205,Cobalion,"['steel', 'fighting']",['Justified'],91,90,129,90,72,108,"['rock', 'ice', 'normal', 'dark']","['fire', 'water', 'electric', 'flying', 'poison', 'psychic', 'bug', 'ghost']","['normal', 'poison', 'rock', 'bug', 'steel', 'grass', 'ice', 'dragon', 'ghost']","['fighting', 'ground', 'fire']",580,96
#206,Terrakion,"['rock', 'fighting']",['Justified'],91,129,90,72,90,108,"['bug', 'fire', 'ice', 'normal', 'rock', 'dark']","['fighting', 'ground', 'poison', 'psychic', 'bug', 'ghost', 'fairy']","['normal', 'poison', 'fire', 'rock', 'bug', 'ghost']","['fighting', 'ground', 'steel', 'water', 'grass', 'psychic', 'fairy']",580,96
#207,Virizion,"['grass', 'fighting']",['Justified'],91,90,72,90,129,108,"['ground', 'rock', 'water', 'normal', 'ice', 'dark']","['flying', 'poison', 'bug', 'fire', 'grass', 'dragon', 'psychic', 'ghost', 'fairy']","['ground', 'water', 'grass', 'electric', 'rock', 'ghost']","['flying', 'poison', 'fire', 'ice', 'psychic', 'fairy']",580,96
#208,Glastrier,['ice'],['Chilling Neigh'],100,145,130,65,110,30,"['flying', 'ground', 'grass', 'dragon']","['steel', 'fire', 'water', 'ice']",['ice'],"['fighting', 'rock', 'steel', 'fire']",580,96
#209,Spectrier,['ghost'],['Grim Neigh'],100,65,60,145,80,130,"['ghost', 'psychic']","['normal', 'dark']","['normal', 'fighting', 'poison', 'bug']","['ghost', 'dark']",580,96
#210,Calyrex,"['psychic', 'grass']",['Unnerve'],100,80,80,80,80,80,"['fighting', 'ground', 'rock', 'water']","['steel', 'dark', 'psychic', 'flying', 'bug', 'fire', 'grass', 'dragon']","['fighting', 'psychic', 'ground', 'water', 'grass', 'electric']","['bug', 'ghost', 'dark', 'flying', 'poison', 'fire', 'ice']",500,83
