Dex,Name,Type,Abilities,HP,A,D,SA,SD,SP,SE damage to,NVE damage to,SE damage from,NVE damage from,base stat total,base stat avg
#001,Bulbasaur,"['grass', 'poison']","['Overgrow', 'Chlorophyll']",45,49,49,65,65,45,"['water', 'fairy']","['fire', 'poison', 'flying', 'bug', 'ghost', 'dragon', 'steel']","['fire', 'ice', 'flying', 'psychic']","['water', 'electric', 'grass', 'fighting', 'fairy']",318,53
#002,Ivysaur,"['grass', 'poison']","['Overgrow', 'Chlorophyll']",60,62,63,80,80,60,"['water', 'fairy']","['fire', 'poison', 'flying', 'bug', 'ghost', 'dragon', 'steel']","['fire', 'ice', 'flying', 'psychic']","['water', 'electric', 'grass', 'fighting', 'fairy']",405,67
#003,Venusaur,"['grass', 'poison']","['Overgrow', 'Chlorophyll']",80,82,83,100,100,80,"['water', 'fairy']","['fire', 'poison', 'flying', 'bug', 'ghost', 'dragon', 'steel']","['fire', 'ice', 'flying', 'psychic']","['water', 'electric', 'grass', 'fighting', 'fairy']",525,87
#004,Charmander,['fire'],"['Blaze', 'Solar Power']",39,52,43,60,50,65,"['grass', 'ice', 'bug', 'steel']","['fire', 'water', 'rock', 'dragon']","['grass', 'ice', 'bug', 'steel']","['fire', 'water', 'rock', 'dragon']",309,51
#005,Charmeleon,['fire'],"['Blaze', 'Solar Power']",58,64,58,80,65,80,"['grass', 'ice', 'bug', 'steel']","['fire', 'water', 'rock', 'dragon']","['grass', 'ice', 'bug', 'steel']","['fire', 'water', 'rock', 'dragon']",405,67
#006,Charizard,"['fire', 'flying']","['Blaze', 'Solar Power']",78,84,78,109,85,100,"['grass', 'ice', 'fighting', 'bug']","['fire', 'water', 'electric', 'rock', 'dragon']","['water', 'electric', 'rock']","['fire', 'grass', 'fighting', 'ground', 'bug', 'steel']",534,89
#007,Squirtle,['water'],"['Torrent', 'Rain Dish']",44,48,65,50,64,43,"['fire', 'ground', 'rock']","['water', 'grass', 'dragon']","['fire', 'ground', 'rock']","['water', 'grass', 'dragon']",314,52
#008,Wartortle,['water'],"['Torrent', 'Rain Dish']",59,63,80,65,80,58,"['fire', 'ground', 'rock']","['water', 'grass', 'dragon']","['fire', 'ground', 'rock']","['water', 'grass', 'dragon']",405,67
#009,Blastoise,['water'],"['Torrent', 'Rain Dish']",79,83,100,85,105,78,"['fire', 'ground', 'rock']","['water', 'grass', 'dragon']","['fire', 'ground', 'rock']","['water', 'grass', 'dragon']",530,88
#010,Caterpie,['bug'],"['Shield Dust', 'Run Away']",45,30,35,20,20,45,"['grass', 'psychic', 'dark']","['fire', 'fighting', 'poison', 'flying', 'ghost', 'steel', 'fairy']","['grass', 'psychic', 'dark']","['fire', 'fighting', 'poison', 'flying', 'ghost', 'steel', 'fairy']",195,32
#011,Metapod,['bug'],['Shed Skin'],50,20,55,25,25,30,"['grass', 'psychic', 'dark']","['fire', 'fighting', 'poison', 'flying', 'ghost', 'steel', 'fairy']","['grass', 'psychic', 'dark']","['fire', 'fighting', 'poison', 'flying', 'ghost', 'steel', 'fairy']",205,34
#012,Butterfree,"['bug', 'flying']","['Compoundeyes', 'Tinted Lens']",60,45,50,90,80,70,"['grass', 'psychic', 'bug', 'dark']","['fire', 'electric', 'poison', 'flying', 'rock', 'ghost', 'steel', 'fairy']","['fire', 'electric', 'ice', 'flying', 'rock']","['grass', 'fighting', 'ground', 'bug']",395,65
#013,Weedle,"['bug', 'poison']","['Shield Dust', 'Run Away']",40,35,30,20,20,50,"['grass', 'psychic', 'dark']","['fire', 'fighting', 'poison', 'ground', 'flying', 'rock', 'ghost', 'steel']","['fire', 'flying', 'psychic', 'rock']","['grass', 'fighting', 'poison', 'bug', 'fairy']",195,32
#014,Kakuna,"['bug', 'poison']",['Shed Skin'],45,25,50,25,25,35,"['grass', 'psychic', 'dark']","['fire', 'fighting', 'poison', 'ground', 'flying', 'rock', 'ghost', 'steel']","['fire', 'flying', 'psychic', 'rock']","['grass', 'fighting', 'poison', 'bug', 'fairy']",205,34
#015,Beedrill,"['bug', 'poison']","['Swarm', 'Sniper']",65,90,40,45,80,75,"['grass', 'psychic', 'dark']","['fire', 'fighting', 'poison', 'ground', 'flying', 'rock', 'ghost', 'steel']","['fire', 'flying', 'psychic', 'rock']","['grass', 'fighting', 'poison', 'bug', 'fairy']",395,65
#016,Pidgey,"['normal', 'flying']","['Keen Eye', 'Tangled Feet', 'Big Pecks']",40,45,40,35,35,56,"['grass', 'fighting', 'bug']","['electric', 'rock', 'ghost', 'steel']","['electric', 'ice', 'rock']","['grass', 'ground', 'bug', 'ghost', 'fairy']",251,41
#017,Pidgeotto,"['normal', 'flying']","['Keen Eye', 'Tangled Feet', 'Big Pecks']",63,60,55,50,50,71,"['grass', 'fighting', 'bug']","['electric', 'rock', 'ghost', 'steel']","['electric', 'ice', 'rock']","['grass', 'ground', 'bug', 'ghost', 'fairy']",349,58
#018,Pidgeot,"['normal', 'flying']","['Keen Eye', 'Tangled Feet', 'Big Pecks']",83,80,75,70,70,101,"['grass', 'fighting', 'bug']","['electric', 'rock', 'ghost', 'steel']","['electric', 'ice', 'rock']","['grass', 'ground', 'bug', 'ghost', 'fairy']",479,79
#019,Rattata,['normal'],"['Run Away', 'Guts', 'Hustle']",30,56,35,25,35,72,[],"['rock', 'ghost', 'steel']",[],"['rock', 'ghost', 'steel']",253,42
#020,Raticate,['normal'],"['Run Away', 'Guts', 'Hustle']",55,81,60,50,70,97,[],"['rock', 'ghost', 'steel']",[],"['rock', 'ghost', 'steel']",413,68
#021,Spearow,"['normal', 'flying']","['Keen Eye', 'Sniper']",40,60,30,31,31,70,"['grass', 'fighting', 'bug']","['electric', 'rock', 'ghost', 'steel']","['electric', 'ice', 'rock']","['grass', 'ground', 'bug', 'ghost', 'fairy']",262,43
#022,Fearow,"['normal', 'flying']","['Keen Eye', 'Sniper']",65,90,65,61,61,100,"['grass', 'fighting', 'bug']","['electric', 'rock', 'ghost', 'steel']","['electric', 'ice', 'rock']","['grass', 'ground', 'bug', 'ghost', 'fairy']",442,73
#023,Ekans,['poison'],"['Intimidate', 'Shed Skin', 'Unnerve']",35,60,44,40,54,55,"['grass', 'fairy']","['poison', 'ground', 'rock', 'ghost', 'steel']","['grass', 'fairy']","['poison', 'ground', 'rock', 'ghost', 'steel']",288,48
#024,Arbok,['poison'],"['Intimidate', 'Shed Skin', 'Unnerve']",60,95,69,65,79,80,"['grass', 'fairy']","['poison', 'ground', 'rock', 'ghost', 'steel']","['grass', 'fairy']","['poison', 'ground', 'rock', 'ghost', 'steel']",448,74
#025,Pikachu,['electric'],"['Static', 'Lightning Rod']",35,55,40,50,50,90,"['water', 'flying']","['electric', 'grass', 'ground', 'dragon']","['water', 'flying']","['electric', 'grass', 'ground', 'dragon']",320,53
#026,Raichu,['electric'],"['Static', 'Lightning Rod']",60,90,55,90,80,110,"['water', 'flying']","['electric', 'grass', 'ground', 'dragon']","['water', 'flying']","['electric', 'grass', 'ground', 'dragon']",485,80
#027,Sandshrew,['ground'],"['Sand Veil', 'Sand Rush']",50,75,85,20,30,40,"['fire', 'electric', 'poison', 'rock', 'steel']","['grass', 'flying', 'bug']","['fire', 'electric', 'poison', 'rock', 'steel']","['grass', 'flying', 'bug']",300,50
#028,Sandslash,['ground'],"['Sand Veil', 'Sand Rush']",75,100,110,45,55,65,"['fire', 'electric', 'poison', 'rock', 'steel']","['grass', 'flying', 'bug']","['fire', 'electric', 'poison', 'rock', 'steel']","['grass', 'flying', 'bug']",450,75
#029,Nidoran-f,['poison'],"['Poison Point', 'Rivalry', 'Hustle']",55,47,52,40,40,41,"['grass', 'fairy']","['poison', 'ground', 'rock', 'ghost', 'steel']","['grass', 'fairy']","['poison', 'ground', 'rock', 'ghost', 'steel']",275,45
#030,Nidorina,['poison'],"['Poison Point', 'Rivalry', 'Hustle']",70,62,67,55,55,56,"['grass', 'fairy']","['poison', 'ground', 'rock', 'ghost', 'steel']","['grass', 'fairy']","['poison', 'ground', 'rock', 'ghost', 'steel']",365,60
#031,Nidoqueen,"['poison', 'ground']","['Poison Point', 'Rivalry', 'Sheer Force']",90,92,87,75,85,76,"['fire', 'electric', 'fairy']","['ground', 'flying', 'bug', 'ghost', 'steel']","['water', 'ice', 'ground', 'psychic']","['electric', 'fighting', 'poison', 'bug', 'rock', 'fairy']",505,84
#032,Nidoran-m,['poison'],"['Poison Point', 'Rivalry', 'Hustle']",46,57,40,40,40,50,"['grass', 'fairy']","['poison', 'ground', 'rock', 'ghost', 'steel']","['grass', 'fairy']","['poison', 'ground', 'rock', 'ghost', 'steel']",273,45
#033,Nidorino,['poison'],"['Poison Point', 'Rivalry', 'Hustle']",61,72,57,55,55,65,"['grass', 'fairy']","['poison', 'ground', 'rock', 'ghost', 'steel']","['grass', 'fairy']","['poison', 'ground', 'rock', 'ghost', 'steel']",365,60
#034,Nidoking,"['poison', 'ground']","['Poison Point', 'Rivalry', 'Sheer Force']",81,102,77,85,75,85,"['fire', 'electric', 'fairy']","['ground', 'flying', 'bug', 'ghost', 'steel']","['water', 'ice', 'ground', 'psychic']","['electric', 'fighting', 'poison', 'bug', 'rock', 'fairy']",505,84
#035,Clefairy,['fairy'],"['Cute Charm', 'Magic Guard', 'Friend Guard']",70,45,48,60,65,35,"['fighting', 'dragon', 'dark']","['normal', 'poison', 'steel']","['fighting', 'dragon', 'dark']","['normal', 'poison', 'steel']",323,53
#036,Clefable,['fairy'],"['Cute Charm', 'Magic Guard', 'Unaware']",95,70,73,95,90,60,"['fighting', 'dragon', 'dark']","['normal', 'poison', 'steel']","['fighting', 'dragon', 'dark']","['normal', 'poison', 'steel']",483,80
#037,Vulpix,['fire'],"['Flash Fire', 'Drought']",38,41,40,50,65,65,"['grass', 'ice', 'bug', 'steel']","['fire', 'water', 'rock', 'dragon']","['grass', 'ice', 'bug', 'steel']","['fire', 'water', 'rock', 'dragon']",299,49
#038,Ninetales,['fire'],"['Flash Fire', 'Drought']",73,76,75,81,100,100,"['grass', 'ice', 'bug', 'steel']","['fire', 'water', 'rock', 'dragon']","['grass', 'ice', 'bug', 'steel']","['fire', 'water', 'rock', 'dragon']",505,84
#039,Jigglypuff,"['normal', 'fairy']","['Cute Charm', 'Competitive', 'Friend Guard']",115,45,20,45,25,20,"['fighting', 'dragon', 'dark']","['normal', 'poison', 'rock', 'ghost', 'steel']","['poison', 'steel']","['bug', 'ghost', 'dragon', 'dark', 'fairy']",270,45
#040,Wigglytuff,"['normal', 'fairy']","['Cute Charm', 'Competitive', 'Frisk']",140,70,45,85,50,45,"['fighting', 'dragon', 'dark']","['normal', 'poison', 'rock', 'ghost', 'steel']","['poison', 'steel']","['bug', 'ghost', 'dragon', 'dark', 'fairy']",435,72
#041,Zubat,"['poison', 'flying']","['Inner Focus', 'Infiltrator']",40,45,35,30,40,55,"['grass', 'fighting', 'bug', 'fairy']","['electric', 'poison', 'ground', 'rock', 'ghost', 'steel']","['electric', 'ice', 'psychic', 'rock']","['grass', 'fighting', 'poison', 'ground', 'bug', 'fairy']",245,40
#042,Golbat,"['poison', 'flying']","['Inner Focus', 'Infiltrator']",75,80,70,65,75,90,"['grass', 'fighting', 'bug', 'fairy']","['electric', 'poison', 'ground', 'rock', 'ghost', 'steel']","['electric', 'ice', 'psychic', 'rock']","['grass', 'fighting', 'poison', 'ground', 'bug', 'fairy']",455,75
#043,Oddish,"['grass', 'poison']","['Chlorophyll', 'Run Away']",45,50,55,75,65,30,"['water', 'fairy']","['fire', 'poison', 'flying', 'bug', 'ghost', 'dragon', 'steel']","['fire', 'ice', 'flying', 'psychic']","['water', 'electric', 'grass', 'fighting', 'fairy']",320,53
#044,Gloom,"['grass', 'poison']","['Chlorophyll', 'Stench']",60,65,70,85,75,40,"['water', 'fairy']","['fire', 'poison', 'flying', 'bug', 'ghost', 'dragon', 'steel']","['fire', 'ice', 'flying', 'psychic']","['water', 'electric', 'grass', 'fighting', 'fairy']",395,65
#045,Vileplume,"['grass', 'poison']","['Chlorophyll', 'Effect Spore']",75,80,85,110,90,50,"['water', 'fairy']","['fire', 'poison', 'flying', 'bug', 'ghost', 'dragon', 'steel']","['fire', 'ice', 'flying', 'psychic']","['water', 'electric', 'grass', 'fighting', 'fairy']",490,81
#046,Paras,"['bug', 'grass']","['Effect Spore', 'Dry Skin', 'Damp']",35,70,55,45,55,25,"['water', 'ground', 'psychic', 'rock', 'dark']","['fire', 'fighting', 'poison', 'flying', 'bug', 'ghost', 'dragon', 'steel', 'fairy']","['fire', 'ice', 'poison', 'flying', 'bug', 'rock']","['water', 'electric', 'grass', 'fighting', 'ground']",285,47
#047,Parasect,"['bug', 'grass']","['Effect Spore', 'Dry Skin', 'Damp']",60,95,80,60,80,30,"['water', 'ground', 'psychic', 'rock', 'dark']","['fire', 'fighting', 'poison', 'flying', 'bug', 'ghost', 'dragon', 'steel', 'fairy']","['fire', 'ice', 'poison', 'flying', 'bug', 'rock']","['water', 'electric', 'grass', 'fighting', 'ground']",405,67
#048,Venonat,"['bug', 'poison']","['Compoundeyes', 'Tinted Lens', 'Run Away']",60,55,50,40,55,45,"['grass', 'psychic', 'dark']","['fire', 'fighting', 'poison', 'ground', 'flying', 'rock', 'ghost', 'steel']","['fire', 'flying', 'psychic', 'rock']","['grass', 'fighting', 'poison', 'bug', 'fairy']",305,50
#049,Venomoth,"['bug', 'poison']","['Shield Dust', 'Tinted Lens', 'Wonder Skin ']",70,65,60,90,75,90,"['grass', 'psychic', 'dark']","['fire', 'fighting', 'poison', 'ground', 'flying', 'rock', 'ghost', 'steel']","['fire', 'flying', 'psychic', 'rock']","['grass', 'fighting', 'poison', 'bug', 'fairy']",450,75
#050,Diglett,['ground'],"['Sand Veil', 'Arena Trap', 'Sand Force']",10,55,25,35,45,95,"['fire', 'electric', 'poison', 'rock', 'steel']","['grass', 'flying', 'bug']","['fire', 'electric', 'poison', 'rock', 'steel']","['grass', 'flying', 'bug']",265,44
#051,Dugtrio,['ground'],"['Sand Veil', 'Arena Trap', 'Sand Force']",35,100,50,50,70,120,"['fire', 'electric', 'poison', 'rock', 'steel']","['grass', 'flying', 'bug']","['fire', 'electric', 'poison', 'rock', 'steel']","['grass', 'flying', 'bug']",425,70
#052,Meowth,['normal'],"['Pickup', 'Technician', 'Unnerve']",40,45,35,40,40,90,[],"['rock', 'ghost', 'steel']",[],"['rock', 'ghost', 'steel']",290,48
#053,Persian,['normal'],"['Limber', 'Technician', 'Unnerve']",65,70,60,65,65,115,[],"['rock', 'ghost', 'steel']",[],"['rock', 'ghost', 'steel']",440,73
#054,Psyduck,['water'],"['Damp', 'Cloud Nine', 'Swift Swim']",50,52,48,65,50,55,"['fire', 'ground', 'rock']","['water', 'grass', 'dragon']","['fire', 'ground', 'rock']","['water', 'grass', 'dragon']",320,53
#055,Golduck,['water'],"['Damp', 'Cloud Nine', 'Swift Swim']",80,82,78,95,80,85,"['fire', 'ground', 'rock']","['water', 'grass', 'dragon']","['fire', 'ground', 'rock']","['water', 'grass', 'dragon']",500,83
#056,Mankey,['fighting'],"['Vital Spirit', 'Anger Point', 'Defiant']",40,80,35,35,45,70,"['normal', 'ice', 'rock', 'dark', 'steel']","['poison', 'flying', 'psychic', 'bug', 'ghost', 'fairy']","['normal', 'ice', 'rock', 'dark', 'steel']","['poison', 'flying', 'psychic', 'bug', 'ghost', 'fairy']",305,50
#057,Primeape,['fighting'],"['Vital Spirit', 'Anger Point', 'Defiant']",65,105,60,60,70,95,"['normal', 'ice', 'rock', 'dark', 'steel']","['poison', 'flying', 'psychic', 'bug', 'ghost', 'fairy']","['normal', 'ice', 'rock', 'dark', 'steel']","['poison', 'flying', 'psychic', 'bug', 'ghost', 'fairy']",455,75
#058,Growlithe,['fire'],"['Intimidate', 'Flash Fire', 'Justified']",55,70,45,70,50,60,"['grass', 'ice', 'bug', 'steel']","['fire', 'water', 'rock', 'dragon']","['grass', 'ice', 'bug', 'steel']","['fire', 'water', 'rock', 'dragon']",350,58
#059,Arcanine,['fire'],"['Intimidate', 'Flash Fire', 'Justified']",90,110,80,100,80,95,"['grass', 'ice', 'bug', 'steel']","['fire', 'water', 'rock', 'dragon']","['grass', 'ice', 'bug', 'steel']","['fire', 'water', 'rock', 'dragon']",555,92
#060,Poliwag,['water'],"['Water Absorb', 'Damp', 'Swift Swim']",40,50,40,40,40,90,"['fire', 'ground', 'rock']","['water', 'grass', 'dragon']","['fire', 'ground', 'rock']","['water', 'grass', 'dragon']",300,50
#061,Poliwhirl,['water'],"['Water Absorb', 'Damp', 'Swift Swim']",65,65,65,50,50,90,"['fire', 'ground', 'rock']","['water', 'grass', 'dragon']","['fire', 'ground', 'rock']","['water', 'grass', 'dragon']",385,64
#062,Poliwrath,"['water', 'fighting']","['Water Absorb', 'Damp', 'Swift Swim']",90,95,95,70,90,70,"['normal', 'fire', 'ice', 'ground', 'rock', 'dark', 'steel']","['water', 'grass', 'poison', 'flying', 'psychic', 'bug', 'ghost', 'dragon', 'fairy']","['electric', 'grass', 'flying', 'psychic', 'fairy']","['fire', 'water', 'ice', 'bug', 'rock', 'dark', 'steel']",510,85
#063,Abra,['psychic'],"['Synchronize', 'Inner Focus', 'Magic Guard']",25,20,15,105,55,90,"['fighting', 'poison']","['psychic', 'dark', 'steel']","['fighting', 'poison']","['psychic', 'dark', 'steel']",310,51
#064,Kadabra,['psychic'],"['Synchronize', 'Inner Focus', 'Magic Guard']",40,35,30,120,70,105,"['fighting', 'poison']","['psychic', 'dark', 'steel']","['fighting', 'poison']","['psychic', 'dark', 'steel']",400,66
#065,Alakazam,['psychic'],"['Synchronize', 'Inner Focus', 'Magic Guard']",55,50,45,135,95,120,"['fighting', 'poison']","['psychic', 'dark', 'steel']","['fighting', 'poison']","['psychic', 'dark', 'steel']",500,83
#066,Machop,['fighting'],"['Guts', 'No Guard', 'Steadfast']",70,80,50,35,35,35,"['normal', 'ice', 'rock', 'dark', 'steel']","['poison', 'flying', 'psychic', 'bug', 'ghost', 'fairy']","['normal', 'ice', 'rock', 'dark', 'steel']","['poison', 'flying', 'psychic', 'bug', 'ghost', 'fairy']",305,50
#067,Machoke,['fighting'],"['Guts', 'No Guard', 'Steadfast']",80,100,70,50,60,45,"['normal', 'ice', 'rock', 'dark', 'steel']","['poison', 'flying', 'psychic', 'bug', 'ghost', 'fairy']","['normal', 'ice', 'rock', 'dark', 'steel']","['poison', 'flying', 'psychic', 'bug', 'ghost', 'fairy']",405,67
#068,Machamp,['fighting'],"['Guts', 'No Guard', 'Steadfast']",90,130,80,65,85,55,"['normal', 'ice', 'rock', 'dark', 'steel']","['poison', 'flying', 'psychic', 'bug', 'ghost', 'fairy']","['normal', 'ice', 'rock', 'dark', 'steel']","['poison', 'flying', 'psychic', 'bug', 'ghost', 'fairy']",505,84
#069,Bellsprout,"['grass', 'poison']","['Chlorophyll', 'Gluttony']",50,75,35,70,30,40,"['water', 'fairy']","['fire', 'poison', 'flying', 'bug', 'ghost', 'dragon', 'steel']","['fire', 'ice', 'flying', 'psychic']","['water', 'electric', 'grass', 'fighting', 'fairy']",300,50
#070,Weepinbell,"['grass', 'poison']","['Chlorophyll', 'Gluttony']",65,90,50,85,45,55,"['water', 'fairy']","['fire', 'poison', 'flying', 'bug', 'ghost', 'dragon', 'steel']","['fire', 'ice', 'flying', 'psychic']","['water', 'electric', 'grass', 'fighting', 'fairy']",390,65
#071,Victreebel,"['grass', 'poison']","['Chlorophyll', 'Gluttony']",80,105,65,100,70,70,"['water', 'fairy']","['fire', 'poison', 'flying', 'bug', 'ghost', 'dragon', 'steel']","['fire', 'ice', 'flying', 'psychic']","['water', 'electric', 'grass', 'fighting', 'fairy']",490,81
#072,Tentacool,"['water', 'poison']","['Clear Body', 'Liquid Ooze', 'Rain Dish']",40,40,35,50,100,70,"['fire', 'fairy']","['water', 'poison', 'ghost', 'dragon', 'steel']","['electric', 'ground', 'psychic']","['fire', 'water', 'ice', 'fighting', 'poison', 'bug', 'steel', 'fairy']",335,55
#073,Tentacruel,"['water', 'poison']","['Clear Body', 'Liquid Ooze', 'Rain Dish']",80,70,65,80,120,100,"['fire', 'fairy']","['water', 'poison', 'ghost', 'dragon', 'steel']","['electric', 'ground', 'psychic']","['fire', 'water', 'ice', 'fighting', 'poison', 'bug', 'steel', 'fairy']",515,85
#074,Geodude,"['rock', 'ground']","['Rock Head', 'Sturdy', 'Sand Veil']",40,80,100,30,30,20,"['fire', 'electric', 'ice', 'poison', 'rock']","['grass', 'fighting', 'ground', 'flying']","['water', 'grass', 'ice', 'fighting', 'ground', 'steel']","['normal', 'fire', 'electric', 'poison', 'flying', 'rock']",300,50
#075,Graveler,"['rock', 'ground']","['Rock Head', 'Sturdy', 'Sand Veil']",55,95,115,45,45,35,"['fire', 'electric', 'ice', 'poison', 'rock']","['grass', 'fighting', 'ground', 'flying']","['water', 'grass', 'ice', 'fighting', 'ground', 'steel']","['normal', 'fire', 'electric', 'poison', 'flying', 'rock']",390,65
#076,Golem,"['rock', 'ground']","['Rock Head', 'Sturdy', 'Sand Veil']",80,120,130,55,65,45,"['fire', 'electric', 'ice', 'poison', 'rock']","['grass', 'fighting', 'ground', 'flying']","['water', 'grass', 'ice', 'fighting', 'ground', 'steel']","['normal', 'fire', 'electric', 'poison', 'flying', 'rock']",495,82
#077,Ponyta,['fire'],"['Run Away', 'Flash Fire', 'Flame Body']",50,85,55,65,65,90,"['grass', 'ice', 'bug', 'steel']","['fire', 'water', 'rock', 'dragon']","['grass', 'ice', 'bug', 'steel']","['fire', 'water', 'rock', 'dragon']",410,68
#078,Rapidash,['fire'],"['Run Away', 'Flash Fire', 'Flame Body']",65,100,70,80,80,105,"['grass', 'ice', 'bug', 'steel']","['fire', 'water', 'rock', 'dragon']","['grass', 'ice', 'bug', 'steel']","['fire', 'water', 'rock', 'dragon']",500,83
#079,Slowpoke,"['water', 'psychic']","['Oblivious', 'Own Tempo', 'Regenerator']",90,65,65,40,40,15,"['fire', 'fighting', 'poison', 'ground', 'rock']","['water', 'grass', 'psychic', 'dragon', 'dark', 'steel']","['electric', 'grass', 'bug', 'ghost', 'dark']","['fire', 'water', 'ice', 'fighting', 'psychic', 'steel']",315,52
#080,Slowbro,"['water', 'psychic']","['Oblivious', 'Own Tempo', 'Regenerator']",95,75,110,100,80,30,"['fire', 'fighting', 'poison', 'ground', 'rock']","['water', 'grass', 'psychic', 'dragon', 'dark', 'steel']","['electric', 'grass', 'bug', 'ghost', 'dark']","['fire', 'water', 'ice', 'fighting', 'psychic', 'steel']",490,81
#081,Magnemite,"['electric', 'steel']","['Magnet Pull', 'Sturdy', 'Analytic']",25,35,70,95,55,45,"['ice', 'flying', 'rock', 'fairy']","['fire', 'electric', 'grass', 'ground', 'dragon', 'steel']","['fire', 'fighting', 'ground']","['normal', 'electric', 'grass', 'ice', 'poison', 'flying', 'psychic', 'bug', 'rock', 'dragon', 'steel', 'fairy']",325,54
#082,Magneton,"['electric', 'steel']","['Magnet Pull', 'Sturdy', 'Analytic']",50,60,95,120,70,70,"['ice', 'flying', 'rock', 'fairy']","['fire', 'electric', 'grass', 'ground', 'dragon', 'steel']","['fire', 'fighting', 'ground']","['normal', 'electric', 'grass', 'ice', 'poison', 'flying', 'psychic', 'bug', 'rock', 'dragon', 'steel', 'fairy']",465,77
#083,Farfetch'd,"['normal', 'flying']","['Keen Eye', 'Inner Focus', 'Defiant']",52,90,55,58,62,60,"['grass', 'fighting', 'bug']","['electric', 'rock', 'ghost', 'steel']","['electric', 'ice', 'rock']","['grass', 'ground', 'bug', 'ghost', 'fairy']",377,62
#084,Doduo,"['normal', 'flying']","['Run Away', 'Early Bird', 'Tangled Feet']",35,85,45,35,35,75,"['grass', 'fighting', 'bug']","['electric', 'rock', 'ghost', 'steel']","['electric', 'ice', 'rock']","['grass', 'ground', 'bug', 'ghost', 'fairy']",310,51
#085,Dodrio,"['normal', 'flying']","['Run Away', 'Early Bird', 'Tangled Feet']",60,110,70,60,60,110,"['grass', 'fighting', 'bug']","['electric', 'rock', 'ghost', 'steel']","['electric', 'ice', 'rock']","['grass', 'ground', 'bug', 'ghost', 'fairy']",470,78
#086,Seel,['water'],"['Thick Fat', 'Hydration', 'Ice Body']",65,45,55,45,70,45,"['fire', 'ground', 'rock']","['water', 'grass', 'dragon']","['fire', 'ground', 'rock']","['water', 'grass', 'dragon']",325,54
#087,Dewgong,"['water', 'ice ']","['Thick Fat', 'Hydration', 'Ice Body']",90,70,80,70,95,70,"['ground', 'flying', 'rock']","['water', 'ice', 'steel']","['electric', 'grass', 'fighting', 'rock']","['water', 'ice']",475,79
#088,Grimer,['poison'],"['Stench', 'Sticky Hold', 'Poison Touch']",80,80,50,40,50,25,"['grass', 'fairy']","['poison', 'ground', 'rock', 'ghost', 'steel']","['grass', 'fairy']","['poison', 'ground', 'rock', 'ghost', 'steel']",325,54
#089,Muk,['poison'],"['Stench', 'Sticky Hold', 'Poison Touch']",105,105,75,65,100,50,"['grass', 'fairy']","['poison', 'ground', 'rock', 'ghost', 'steel']","['grass', 'fairy']","['poison', 'ground', 'rock', 'ghost', 'steel']",500,83
#090,Shellder,['water'],"['Shell Armor', 'Skill Link', 'Overcoat']",30,65,100,45,25,40,"['fire', 'ground', 'rock']","['water', 'grass', 'dragon']","['fire', 'ground', 'rock']","['water', 'grass', 'dragon']",305,50
#091,Cloyster,"['water', 'ice ']","['Shell Armor', 'Skill Link', 'Overcoat']",50,95,180,85,45,70,"['ground', 'flying', 'rock']","['water', 'ice', 'steel']","['electric', 'grass', 'fighting', 'rock']","['water', 'ice']",525,87
#092,Gastly,"['ghost', 'poison']",['Levitate'],30,35,30,100,35,80,"['grass', 'psychic', 'fairy']","['normal', 'poison', 'ground', 'rock', 'dark', 'steel']","['ground', 'psychic', 'ghost', 'dark']","['normal', 'grass', 'fighting', 'poison', 'bug', 'fairy']",310,51
#093,Haunter,"['ghost', 'poison']",['Levitate'],45,50,45,115,55,95,"['grass', 'psychic', 'fairy']","['normal', 'poison', 'ground', 'rock', 'dark', 'steel']","['ground', 'psychic', 'ghost', 'dark']","['normal', 'grass', 'fighting', 'poison', 'bug', 'fairy']",405,67
#094,Gengar,"['ghost', 'poison']",['Cursed Body'],60,65,60,130,75,110,"['grass', 'psychic', 'fairy']","['normal', 'poison', 'ground', 'rock', 'dark', 'steel']","['ground', 'psychic', 'ghost', 'dark']","['normal', 'grass', 'fighting', 'poison', 'bug', 'fairy']",500,83
#095,Onix,"['rock', 'ground']","['Rock Head', 'Sturdy', 'Weak Armor']",35,45,160,30,45,70,"['fire', 'electric', 'ice', 'poison', 'rock']","['grass', 'fighting', 'ground', 'flying']","['water', 'grass', 'ice', 'fighting', 'ground', 'steel']","['normal', 'fire', 'electric', 'poison', 'flying', 'rock']",385,64
#096,Drowzee,['psychic'],"['Insomnia', 'Forewarn', 'Inner Focus']",60,48,45,43,90,42,"['fighting', 'poison']","['psychic', 'dark', 'steel']","['fighting', 'poison']","['psychic', 'dark', 'steel']",328,54
#097,Hypno,['psychic'],"['Insomnia', 'Forewarn', 'Inner Focus']",85,73,70,73,115,67,"['fighting', 'poison']","['psychic', 'dark', 'steel']","['fighting', 'poison']","['psychic', 'dark', 'steel']",483,80
#098,Krabby,['water'],"['Hyper Cutter', 'Shell Armor', 'Sheer Force']",30,105,90,25,25,50,"['fire', 'ground', 'rock']","['water', 'grass', 'dragon']","['fire', 'ground', 'rock']","['water', 'grass', 'dragon']",325,54
#099,Kingler,['water'],"['Hyper Cutter', 'Shell Armor', 'Sheer Force']",55,130,115,50,50,75,"['fire', 'ground', 'rock']","['water', 'grass', 'dragon']","['fire', 'ground', 'rock']","['water', 'grass', 'dragon']",475,79
#100,Voltorb,['electric'],"['Soundproof', 'Static', 'Aftermath']",40,30,50,55,55,100,"['water', 'flying']","['electric', 'grass', 'ground', 'dragon']","['water', 'flying']","['electric', 'grass', 'ground', 'dragon']",330,55
#101,Electrode,['electric'],"['Soundproof', 'Static', 'Aftermath']",60,50,70,80,80,150,"['water', 'flying']","['electric', 'grass', 'ground', 'dragon']","['water', 'flying']","['electric', 'grass', 'ground', 'dragon']",490,81
#102,Exeggcute,"['grass', 'psychic']","['Chlorophyll', 'Harvest']",60,40,80,60,45,40,"['water', 'fighting', 'ground', 'rock']","['fire', 'grass', 'flying', 'psychic', 'bug', 'dragon', 'dark', 'steel']","['fire', 'ice', 'poison', 'flying', 'bug', 'ghost', 'dark']","['water', 'electric', 'grass', 'fighting', 'ground', 'psychic']",325,54
#103,Exeggutor,"['grass', 'psychic']","['Chlorophyll', 'Harvest']",95,95,85,125,75,55,"['water', 'fighting', 'ground', 'rock']","['fire', 'grass', 'flying', 'psychic', 'bug', 'dragon', 'dark', 'steel']","['fire', 'ice', 'poison', 'flying', 'bug', 'ghost', 'dark']","['water', 'electric', 'grass', 'fighting', 'ground', 'psychic']",530,88
#104,Cubone,['ground'],"['Rock Head', 'Lightning Rod', 'Battle Armor']",50,50,95,40,50,35,"['fire', 'electric', 'poison', 'rock', 'steel']","['grass', 'flying', 'bug']","['fire', 'electric', 'poison', 'rock', 'steel']","['grass', 'flying', 'bug']",320,53
#105,Marowak,['ground'],"['Rock Head', 'Lightning Rod', 'Battle Armor']",60,80,110,50,80,45,"['fire', 'electric', 'poison', 'rock', 'steel']","['grass', 'flying', 'bug']","['fire', 'electric', 'poison', 'rock', 'steel']","['grass', 'flying', 'bug']",425,70
#106,Hitmonlee,['fighting'],"['Limber', 'Reckless', 'Unburden']",50,120,53,35,110,87,"['normal', 'ice', 'rock', 'dark', 'steel']","['poison', 'flying', 'psychic', 'bug', 'ghost', 'fairy']","['normal', 'ice', 'rock', 'dark', 'steel']","['poison', 'flying', 'psychic', 'bug', 'ghost', 'fairy']",455,75
#107,Hitmonchan,['fighting'],"['Keen Eye', 'Iron Fist', 'Inner Focus']",50,105,79,35,110,76,"['normal', 'ice', 'rock', 'dark', 'steel']","['poison', 'flying', 'psychic', 'bug', 'ghost', 'fairy']","['normal', 'ice', 'rock', 'dark', 'steel']","['poison', 'flying', 'psychic', 'bug', 'ghost', 'fairy']",455,75
#108,Lickitung,['normal'],"['Own Tempo', 'Oblivious', 'Cloud Nine']",90,55,75,60,75,30,[],"['rock', 'ghost', 'steel']",[],"['rock', 'ghost', 'steel']",385,64
#109,Koffing,['poison'],"['Levitate', 'Neutralizing Gas', 'Stench']",40,65,95,60,45,35,"['grass', 'fairy']","['poison', 'ground', 'rock', 'ghost', 'steel']","['grass', 'fairy']","['poison', 'ground', 'rock', 'ghost', 'steel']",340,56
#110,Weezing,['poison'],"['Levitate', 'Neutralizing Gas', 'Stench']",65,90,120,85,70,60,"['grass', 'fairy']","['poison', 'ground', 'rock', 'ghost', 'steel']","['grass', 'fairy']","['poison', 'ground', 'rock', 'ghost', 'steel']",490,81
#111,Rhyhorn,"['ground', 'rock']","['Lightning Rod', 'Rock Head', 'Reckless']",80,85,95,30,30,25,"['fire', 'electric', 'ice', 'poison', 'rock']","['grass', 'fighting', 'ground', 'flying']","['water', 'grass', 'ice', 'fighting', 'ground', 'steel']","['normal', 'fire', 'electric', 'poison', 'flying', 'rock']",345,57
#112,Rhydon,"['ground', 'rock']","['Lightning Rod', 'Rock Head', 'Reckless']",105,130,120,45,45,40,"['fire', 'electric', 'ice', 'poison', 'rock']","['grass', 'fighting', 'ground', 'flying']","['water', 'grass', 'ice', 'fighting', 'ground', 'steel']","['normal', 'fire', 'electric', 'poison', 'flying', 'rock']",485,80
#113,Chansey,['normal'],"['Natural Cure', 'Serene Grace', 'Healer']",250,5,5,35,105,50,[],"['rock', 'ghost', 'steel']",[],"['rock', 'ghost', 'steel']",450,75
#114,Tangela,['grass'],"['Chlorophyll', 'Leaf Guard', 'Regenerator']",65,55,115,100,40,60,"['water', 'ground', 'rock']","['fire', 'grass', 'poison', 'flying', 'bug', 'dragon', 'steel']","['water', 'ground', 'rock']","['fire', 'grass', 'poison', 'flying', 'bug', 'dragon', 'steel']",435,72
#115,Kangaskhan,['normal'],"['Early Bird', 'Scrappy', 'Inner Focus']",105,95,80,40,80,90,[],"['rock', 'ghost', 'steel']",[],"['rock', 'ghost', 'steel']",490,81
#116,Horsea,['water'],"['Swift Swim', 'Sniper', 'Damp']",30,40,70,70,25,60,"['fire', 'ground', 'rock']","['water', 'grass', 'dragon']","['fire', 'ground', 'rock']","['water', 'grass', 'dragon']",295,49
#117,Seadra,['water'],"['Poison Point', 'Sniper', 'Damp']",55,65,95,95,45,85,"['fire', 'ground', 'rock']","['water', 'grass', 'dragon']","['fire', 'ground', 'rock']","['water', 'grass', 'dragon']",440,73
#118,Goldeen,['water'],"['Swift Swim', 'Water Veil', 'Lightning Rod']",45,67,60,35,50,63,"['fire', 'ground', 'rock']","['water', 'grass', 'dragon']","['fire', 'ground', 'rock']","['water', 'grass', 'dragon']",320,53
#119,Seaking,['water'],"['Swift Swim', 'Water Veil', 'Lightning Rod']",80,92,65,65,80,68,"['fire', 'ground', 'rock']","['water', 'grass', 'dragon']","['fire', 'ground', 'rock']","['water', 'grass', 'dragon']",450,75
#120,Staryu,['water'],"['Illuminate', 'Natural Cure', 'Analytic']",30,45,55,70,55,85,"['fire', 'ground', 'rock']","['water', 'grass', 'dragon']","['fire', 'ground', 'rock']","['water', 'grass', 'dragon']",340,56
#121,Starmie,"['water', 'psychic']","['Illuminate', 'Natural Cure', 'Analytic']",60,75,85,100,85,115,"['fire', 'fighting', 'poison', 'ground', 'rock']","['water', 'grass', 'psychic', 'dragon', 'dark', 'steel']","['electric', 'grass', 'bug', 'ghost', 'dark']","['fire', 'water', 'ice', 'fighting', 'psychic', 'steel']",520,86
#122,Mr. Mime,"['psychic', 'fairy']","['Soundproof', 'Filter', 'Technician']",40,45,65,100,120,90,"['fighting', 'dragon']","['normal', 'psychic', 'dark', 'steel']","['poison', 'ghost', 'steel']","['fighting', 'psychic', 'dragon']",460,76
#123,Scyther,"['bug', 'flying']","['Swarm', 'Technician', 'Steadfast']",70,110,80,55,80,105,"['grass', 'psychic', 'bug', 'dark']","['fire', 'electric', 'poison', 'flying', 'rock', 'ghost', 'steel', 'fairy']","['fire', 'electric', 'ice', 'flying', 'rock']","['grass', 'fighting', 'ground', 'bug']",500,83
#124,Jynx,"['ice ', 'psychic']","['Oblivious', 'Forewarn', 'Dry Skin']",65,50,35,115,95,95,"['grass', 'fighting', 'poison', 'ground', 'flying', 'dragon']","['fire', 'water', 'ice', 'psychic', 'dark', 'steel']","['fire', 'bug', 'rock', 'ghost', 'dark', 'steel']","['ice', 'psychic']",455,75
#125,Electabuzz,['electric'],"['Static', 'Vital Spirit']",65,83,57,95,85,105,"['water', 'flying']","['electric', 'grass', 'ground', 'dragon']","['water', 'flying']","['electric', 'grass', 'ground', 'dragon']",490,81
#126,Magmar,['fire'],"['Flame Body', 'Vital Spirit']",65,95,57,100,85,93,"['grass', 'ice', 'bug', 'steel']","['fire', 'water', 'rock', 'dragon']","['grass', 'ice', 'bug', 'steel']","['fire', 'water', 'rock', 'dragon']",495,82
#127,Pinsir,['bug'],"['Hyper Cutter', 'Mold Breaker', 'Moxie']",65,125,100,55,70,85,"['grass', 'psychic', 'dark']","['fire', 'fighting', 'poison', 'flying', 'ghost', 'steel', 'fairy']","['grass', 'psychic', 'dark']","['fire', 'fighting', 'poison', 'flying', 'ghost', 'steel', 'fairy']",500,83
#128,Tauros,['normal'],"['Intimidate', 'Anger Point', 'Sheer Force']",75,100,95,40,70,110,[],"['rock', 'ghost', 'steel']",[],"['rock', 'ghost', 'steel']",490,81
#129,Magikarp,['water'],"['Swift Swim', 'Rattled']",20,10,55,15,20,80,"['fire', 'ground', 'rock']","['water', 'grass', 'dragon']","['fire', 'ground', 'rock']","['water', 'grass', 'dragon']",200,33
#130,Gyarados,"['water', 'flying']","['Intimidate', 'Moxie']",95,125,79,60,100,81,"['fire', 'fighting', 'ground', 'bug']","['water', 'electric', 'dragon', 'steel']","['electric', 'rock']","['fire', 'water', 'fighting', 'ground', 'bug', 'steel']",540,90
#131,Lapras,"['water', 'ice ']","['Water Absorb', 'Shell Armor', 'Hydration']",130,85,80,85,95,60,"['ground', 'flying', 'rock']","['water', 'ice', 'steel']","['electric', 'grass', 'fighting', 'rock']","['water', 'ice']",535,89
#132,Ditto,['normal'],"['Limber', 'Imposter']",48,48,48,48,48,48,[],"['rock', 'ghost', 'steel']",[],"['rock', 'ghost', 'steel']",288,48
#133,Eevee,['normal'],"['Run Away', 'Adaptability', 'Anticipation']",55,55,50,45,65,55,[],"['rock', 'ghost', 'steel']",[],"['rock', 'ghost', 'steel']",325,54
#134,Vaporeon,['water'],"['Water Absorb', 'Hydration']",130,65,60,110,95,65,"['fire', 'ground', 'rock']","['water', 'grass', 'dragon']","['fire', 'ground', 'rock']","['water', 'grass', 'dragon']",525,87
#135,Jolteon,['electric'],"['Volt Absorb', 'Quick Feet']",65,65,60,110,95,130,"['water', 'flying']","['electric', 'grass', 'ground', 'dragon']","['water', 'flying']","['electric', 'grass', 'ground', 'dragon']",525,87
#136,Flareon,['fire'],"['Flash Fire', 'Guts']",65,130,60,95,110,65,"['grass', 'ice', 'bug', 'steel']","['fire', 'water', 'rock', 'dragon']","['grass', 'ice', 'bug', 'steel']","['fire', 'water', 'rock', 'dragon']",525,87
#137,Porygon,['normal'],"['Trace', 'Download', 'Analytic']",65,60,70,85,75,40,[],"['rock', 'ghost', 'steel']",[],"['rock', 'ghost', 'steel']",395,65
#138,Omanyte,"['rock', 'water']","['Swift Swim', 'Shell Armor', 'Weak Armor']",35,40,100,90,55,35,"['fire', 'ice', 'flying', 'bug', 'rock']","['water', 'grass', 'fighting', 'dragon', 'steel']","['electric', 'grass', 'fighting', 'ground']","['normal', 'fire', 'ice', 'poison', 'flying']",355,59
#139,Omastar,"['rock', 'water']","['Swift Swim', 'Shell Armor', 'Weak Armor']",70,60,125,115,70,55,"['fire', 'ice', 'flying', 'bug', 'rock']","['water', 'grass', 'fighting', 'dragon', 'steel']","['electric', 'grass', 'fighting', 'ground']","['normal', 'fire', 'ice', 'poison', 'flying']",495,82
#140,Kabuto,"['rock', 'water']","['Swift Swim', 'Battle Armor', 'Weak Armor']",30,80,90,55,45,55,"['fire', 'ice', 'flying', 'bug', 'rock']","['water', 'grass', 'fighting', 'dragon', 'steel']","['electric', 'grass', 'fighting', 'ground']","['normal', 'fire', 'ice', 'poison', 'flying']",355,59
#141,Kabutops,"['rock', 'water']","['Swift Swim', 'Battle Armor', 'Weak Armor']",60,115,105,65,70,80,"['fire', 'ice', 'flying', 'bug', 'rock']","['water', 'grass', 'fighting', 'dragon', 'steel']","['electric', 'grass', 'fighting', 'ground']","['normal', 'fire', 'ice', 'poison', 'flying']",495,82
#142,Aerodactyl,"['rock', 'flying']","['Rock Head', 'Pressure', 'Unnerve']",80,105,65,60,75,130,"['fire', 'grass', 'ice', 'flying', 'bug']","['electric', 'ground', 'rock', 'steel']","['water', 'electric', 'ice', 'rock', 'steel']","['normal', 'fire', 'poison', 'ground', 'flying', 'bug']",515,85
#143,Snorlax,['normal'],"['Immunity', 'Thick Fat', 'Gluttony']",160,110,65,65,110,30,[],"['rock', 'ghost', 'steel']",[],"['rock', 'ghost', 'steel']",540,90
#144,Articuno,"['ice ', 'flying']","['Pressure', 'Snow Cloak']",90,85,100,95,125,85,"['grass', 'fighting', 'ground', 'flying', 'bug', 'dragon']","['fire', 'water', 'electric', 'ice', 'rock', 'steel']","['fire', 'electric', 'rock', 'steel']","['grass', 'ground', 'bug']",580,96
#145,Zapdos,"['electric', 'flying']","['Pressure', 'Static']",90,90,85,125,90,100,"['water', 'fighting', 'flying', 'bug']","['electric', 'ground', 'rock', 'dragon', 'steel']","['ice', 'rock']","['grass', 'fighting', 'ground', 'flying', 'bug', 'steel']",580,96
#146,Moltres,"['fire', 'flying']","['Pressure', 'Flame Body']",90,100,90,125,85,90,"['grass', 'ice', 'fighting', 'bug']","['fire', 'water', 'electric', 'rock', 'dragon']","['water', 'electric', 'rock']","['fire', 'grass', 'fighting', 'ground', 'bug', 'steel']",580,96
#147,Dratini,['dragon'],"['Shed Skin', 'Marvel Scale']",41,64,45,50,50,50,['dragon'],"['steel', 'fairy']",['dragon'],"['steel', 'fairy']",300,50
#148,Dragonair,['dragon'],"['Shed Skin', 'Marvel Scale']",61,84,65,70,70,70,['dragon'],"['steel', 'fairy']",['dragon'],"['steel', 'fairy']",420,70
#149,Dragonite,"['dragon', 'flying']","['Inner Focus', 'Multiscale']",91,134,95,100,100,80,"['grass', 'fighting', 'bug', 'dragon']","['electric', 'rock', 'steel', 'fairy']","['ice', 'rock', 'dragon', 'fairy']","['fire', 'water', 'grass', 'fighting', 'ground', 'bug']",600,100
#150,Mewtwo,['psychic'],"['Pressure', 'Unnerve']",106,110,90,154,90,130,"['fighting', 'poison']","['psychic', 'dark', 'steel']","['fighting', 'poison']","['psychic', 'dark', 'steel']",680,113
#151,Mew,['psychic'],['Synchronize'],100,100,100,100,100,100,"['fighting', 'poison']","['psychic', 'dark', 'steel']","['fighting', 'poison']","['psychic', 'dark', 'steel']",600,100
