name,type,catagory,power,accuracy,pp,TM number,effect,effect probability
"10,000,000 Volt Thunderbolt",Electric,special,195,none,1,none,Pikachu-exclusive Z-Move. High critical hit ratio.,none
Absorb,Grass,special,20,100,25,none,User recovers half the HP inflicted on opponent.,none
Accelerock,Rock,physical,40,100,20,none,User attacks first.,none
Acid,Poison,special,40,100,30,none,May lower opponent's Special Defense.,10
Acid Armor,Poison,status,none,none,20,none,Sharply raises user's Defense.,none
Acid Downpour,Poison,none,none,none,1,none,Poison type Z-Move.,none
Acid Spray,Poison,special,40,100,20,none,Sharply lowers opponent's Special Defense.,100
Acrobatics,Flying,physical,55,100,15,TM78,Stronger when the user does not have a held item.,none
Acupressure,Normal,status,none,none,30,none,Sharply raises a random stat.,none
Aerial Ace,Flying,physical,60,∞,20,none,Ignores Accuracy and Evasiveness.,none
Aeroblast,Flying,special,100,95,5,none,High critical hit ratio.,none
After You,Normal,status,none,none,15,none,Gives target priority in the next turn.,none
Agility,Psychic,status,none,none,30,none,Sharply raises user's Speed.,none
Air Cutter,Flying,special,60,95,25,none,High critical hit ratio.,none
Air Slash,Flying,special,75,95,15,TM95,May cause flinching.,30
All-Out Pummeling,Fighting,none,none,none,1,none,Fighting type Z-Move.,none
Ally Switch,Psychic,status,none,none,15,none,User switches with opposite teammate.,none
Amnesia,Psychic,status,none,none,20,none,Sharply raises user's Special Defense.,none
Anchor Shot,Steel,physical,80,100,20,none,The user entangles the target with its anchor chain while attacking. The target becomes unable to flee.,none
Ancient Power,Rock,special,60,100,5,none,May raise all user's stats at once.,10
Apple Acid,Grass,special,80,100,10,none,Lowers target's Special Defense.,100
Aqua Jet,Water,physical,40,100,20,none,User attacks first.,none
Aqua Ring,Water,status,none,none,20,none,Restores a little HP each turn.,none
Aqua Tail,Water,physical,90,90,10,none,none,none
Arm Thrust,Fighting,physical,15,100,20,none,Hits 2-5 times in one turn.,none
Aromatherapy,Grass,status,none,none,5,none,Cures all status problems in your party.,none
Aromatic Mist,Fairy,status,none,none,20,none,Raises Special Defense of an ally.,none
Assist,Normal,status,none,none,20,none,User performs a move known by its allies at random.,none
Assurance,Dark,physical,60,100,10,TM58,Power doubles if opponent already took damage in the same turn.,none
Astonish,Ghost,physical,30,100,15,none,May cause flinching.,30
Astral Barrage,Ghost,special,120,100,5,none,The user attacks by sending a frightful amount of small ghosts at opposing Pokémon.,none
Attack Order,Bug,physical,90,100,15,none,High critical hit ratio.,none
Attract,Normal,status,none,100,15,TM31,"If opponent is the opposite gender, it's less likely to attack.",none
Aura Sphere,Fighting,special,80,∞,20,none,Ignores Accuracy and Evasiveness.,none
Aura Wheel,Electric,physical,110,100,10,none,Changes type based on Morpeko's Mode.,100
Aurora Beam,Ice,special,65,100,20,none,May lower opponent's Attack.,10
Aurora Veil,Ice,status,none,none,20,none,Halves damage from Physical and Special attacks for five turns.,none
Autotomize,Steel,status,none,none,15,none,Reduces weight and sharply raises Speed.,none
Avalanche,Ice,physical,60,100,10,TM64,Power doubles if user took damage first.,none
Baby-Doll Eyes,Fairy,status,none,100,30,none,Always goes first. Lowers the target's attack.,none
Baddy Bad,Dark,special,90,100,15,none,Reduces damage from Physical attacks.,none
Baneful Bunker,Poison,status,none,none,10,none,Protects the user and poisons opponent on contact.,none
Barrage,Normal,physical,15,85,20,none,Hits 2-5 times in one turn.,none
Barrier,Psychic,status,none,none,20,none,Sharply raises user's Defense.,none
Baton Pass,Normal,status,none,none,40,none,User switches out and gives stat changes to the incoming Pokémon.,none
Beak Blast,Flying,physical,100,100,15,none,"The user first heats up its beak, and then it attacks the target. Making direct contact with the Pokémon while it's heating up its beak results in a burn.",none
Beat Up,Dark,physical,none,100,10,TM37,Each Pokémon in your party attacks.,none
Behemoth Bash,Steel,physical,100,100,5,none,Damage doubles if user is Dynamaxed.,none
Behemoth Blade,Steel,physical,100,100,5,none,Damage doubles if user is Dynamaxed.,none
Belch,Poison,special,120,90,10,none,User must have consumed a Berry.,none
Belly Drum,Normal,status,none,none,10,none,"User loses 50% of its max HP, but Attack raises to maximum.",none
Bestow,Normal,status,none,none,15,none,Gives the user's held item to the target.,none
Bide,Normal,physical,none,none,10,none,User takes damage for two turns then strikes back double.,none
Bind,Normal,physical,15,85,20,none,"Traps opponent, damaging them for 4-5 turns.",100
Bite,Dark,physical,60,100,25,none,May cause flinching.,30
Black Hole Eclipse,Dark,none,none,none,1,none,Dark type Z-Move.,none
Blast Burn,Fire,special,150,90,5,none,User must recharge next turn.,none
Blaze Kick,Fire,physical,85,90,10,none,High critical hit ratio. May burn opponent.,10
Blizzard,Ice,special,110,70,5,none,May freeze opponent.,10
Block,Normal,status,none,none,5,none,Opponent cannot flee or switch.,none
Bloom Doom,Grass,none,none,none,1,none,Grass type Z-Move.,none
Blue Flare,Fire,special,130,85,5,none,May burn opponent.,20
Body Press,Fighting,physical,80,100,10,none,"The higher the user's Defense, the stronger the attack.",none
Body Slam,Normal,physical,85,100,15,none,May paralyze opponent.,30
Bolt Beak,Electric,physical,85,100,10,none,"If the user attacks before the target, the power of this move is doubled.",none
Bolt Strike,Electric,physical,130,85,5,none,May paralyze opponent.,20
Bone Club,Ground,physical,65,85,20,none,May cause flinching.,10
Bone Rush,Ground,physical,25,90,10,none,Hits 2-5 times in one turn.,none
Bonemerang,Ground,physical,50,90,10,none,Hits twice in one turn.,none
Boomburst,Normal,special,140,100,10,none,Hits all adjacent Pokémon.,none
Bounce,Flying,physical,85,85,5,TM52,"Springs up on first turn, attacks on second. May paralyze opponent.",30
Bouncy Bubble,Water,special,90,100,15,none,User recovers half the HP inflicted on opponent.,none
Branch Poke,Grass,physical,40,100,40,none,none,none
Brave Bird,Flying,physical,120,100,15,none,User receives recoil damage.,none
Breaking Swipe,Dragon,physical,60,100,15,TM99,Hits multiple opponents and lowers their attack.,100
Breakneck Blitz,Normal,none,none,none,1,none,Normal type Z-Move.,none
Brick Break,Fighting,physical,75,100,15,TM43,Breaks through Reflect and Light Screen barriers.,none
Brine,Water,special,65,100,10,TM55,Power doubles if opponent's HP is less than 50%.,none
Brutal Swing,Dark,physical,60,100,20,TM97,The user swings its body around violently to inflict damage on everything in its vicinity.,none
Bubble,Water,special,40,100,30,none,May lower opponent's Speed.,10
Bubble Beam,Water,special,65,100,20,none,May lower opponent's Speed.,10
Bug Bite,Bug,physical,60,100,20,none,Receives the effect from the opponent's held berry.,none
Bug Buzz,Bug,special,90,100,10,none,May lower opponent's Special Defense.,10
Bulk Up,Fighting,status,none,none,20,none,Raises user's Attack and Defense.,none
Bulldoze,Ground,physical,60,100,20,TM81,Lowers opponent's Speed.,100
Bullet Punch,Steel,physical,40,100,30,none,User attacks first.,none
Bullet Seed,Grass,physical,25,100,30,TM50,Hits 2-5 times in one turn.,none
Burn Up,Fire,special,130,100,5,none,"To inflict massive damage, the user burns itself out. After using this move, the user will no longer be Fire type.",none
Burning Jealousy,Fire,special,70,100,5,none,"Hits all opponents, and burns any that have had their stats boosted.",none
Buzzy Buzz,Electric,special,90,100,15,none,Paralyzes the opponent.,100
Calm Mind,Psychic,status,none,none,20,none,Raises user's Special Attack and Special Defense.,none
Camouflage,Normal,status,none,none,20,none,Changes user's type according to the location.,none
Captivate,Normal,status,none,100,20,none,Sharply lowers opponent's Special Attack if opposite gender.,none
Catastropika,Electric,physical,210,none,1,none,Pikachu-exclusive Z-Move.,none
Celebrate,Normal,status,none,none,40,none,The Pokémon congratulates you on your special day. No battle effect.,none
Charge,Electric,status,none,none,20,none,Raises user's Special Defense and next Electric move's power increases.,none
Charge Beam,Electric,special,50,90,10,none,May raise user's Special Attack.,70
Charm,Fairy,status,none,100,20,TM29,Sharply lowers opponent's Attack.,none
Chatter,Flying,special,65,100,20,none,Confuses opponent.,100
Chip Away,Normal,physical,70,100,20,none,Ignores opponent's stat changes.,none
Circle Throw,Fighting,physical,60,90,10,none,"In battles, the opponent switches. In the wild, the Pokémon runs.",none
Clamp,Water,physical,35,85,15,none,"Traps opponent, damaging them for 4-5 turns.",100
Clanging Scales,Dragon,special,110,100,5,none,Lowers user's Defense.,100
Clangorous Soul,Dragon,status,none,100,5,none,Raises all user's stats but loses HP.,100
Clangorous Soulblaze,Dragon,special,185,none,1,none,Kommo-o exclusive Z-Move.,none
Clear Smog,Poison,special,50,none,15,none,Removes all of the target's stat changes.,none
Close Combat,Fighting,physical,120,100,5,none,Lowers user's Defense and Special Defense.,100
Coaching,Fighting,status,none,none,10,none,Boosts Attack and Defense of a teammate.,none
Coil,Poison,status,none,none,20,none,"Raises user's Attack, Defense and Accuracy.",none
Comet Punch,Normal,physical,18,85,15,none,Hits 2-5 times in one turn.,none
Confide,Normal,status,none,none,20,none,Lowers opponent's Special Attack.,100
Confuse Ray,Ghost,status,none,100,10,none,Confuses opponent.,none
Confusion,Psychic,special,50,100,25,none,May confuse opponent.,10
Constrict,Normal,physical,10,100,35,none,May lower opponent's Speed by one stage.,10
Continental Crush,Rock,none,none,none,1,none,Rock type Z-Move.,none
Conversion,Normal,status,none,none,30,none,Changes user's type to that of its first move.,none
Conversion 2,Normal,status,none,none,30,none,User changes type to become resistant to opponent's last move.,none
Copycat,Normal,status,none,none,20,none,Copies opponent's last move.,none
Core Enforcer,Dragon,special,100,100,10,none,Scorches a 'Z' pattern on the ground.,none
Corkscrew Crash,Steel,none,none,none,1,none,Steel type Z-Move.,none
Corrosive Gas,Poison,status,none,100,40,none,Removes opponent's items.,none
Cosmic Power,Psychic,status,none,none,20,none,Raises user's Defense and Special Defense.,none
Cotton Guard,Grass,status,none,none,10,none,Drastically raises user's Defense.,none
Cotton Spore,Grass,status,none,100,40,none,Sharply lowers opponent's Speed.,none
Counter,Fighting,physical,none,100,20,none,"When hit by a Physical Attack, user strikes back with 2x power.",none
Court Change,Normal,status,none,100,10,none,Swaps the effects on either side of the field.,none
Covet,Normal,physical,60,100,25,none,Opponent's item is stolen by the user.,none
Crabhammer,Water,physical,100,90,10,none,High critical hit ratio.,none
Crafty Shield,Fairy,status,none,none,10,none,Protects the Pokémon from status moves.,none
Cross Chop,Fighting,physical,100,80,5,none,High critical hit ratio.,none
Cross Poison,Poison,physical,70,100,20,TM73,High critical hit ratio. May poison opponent.,10
Crunch,Dark,physical,80,100,15,none,May lower opponent's Defense.,20
Crush Claw,Normal,physical,75,95,10,none,May lower opponent's Defense.,50
Crush Grip,Normal,physical,none,100,5,none,More powerful when opponent has higher HP.,none
Curse,Ghost,status,none,none,10,none,"Ghosts lose 50% of max HP and curse the opponent; Non-Ghosts raise Attack, Defense and lower Speed.",none
Cut,Normal,physical,50,95,30,none,none,none
Dark Pulse,Dark,special,80,100,15,none,May cause flinching.,20
Dark Void,Dark,status,none,50,10,none,Puts all adjacent opponents to sleep.,none
Darkest Lariat,Dark,physical,85,100,10,none,Ignores opponent's stat changes.,none
Dazzling Gleam,Fairy,special,80,100,10,none,Hits all adjacent opponents.,none
Decorate,Fairy,status,none,none,15,none,Sharply raises target's Attack and Special Attack.,100
Defend Order,Bug,status,none,none,10,none,Raises user's Defense and Special Defense.,none
Defense Curl,Normal,status,none,none,40,none,Raises user's Defense.,none
Defog,Flying,status,none,none,15,none,Lowers opponent's Evasiveness and clears fog.,none
Destiny Bond,Ghost,status,none,none,5,none,"If the user faints, the opponent also faints.",none
Detect,Fighting,status,none,none,5,none,"Protects the user, but may fail if used consecutively.",none
Devastating Drake,Dragon,none,none,none,1,none,Dragon type Z-Move.,none
Diamond Storm,Rock,physical,100,95,5,none,May sharply raise user's Defense.,50
Dig,Ground,physical,80,100,10,TM15,"Digs underground on first turn, attacks on second. Can also escape from caves.",none
Disable,Normal,status,none,100,20,none,Opponent can't use its last attack for a few turns.,none
Disarming Voice,Fairy,special,40,∞,15,none,Ignores Accuracy and Evasiveness.,none
Discharge,Electric,special,80,100,15,none,May paralyze opponent.,30
Dive,Water,physical,80,100,10,TM45,"Dives underwater on first turn, attacks on second turn.",none
Dizzy Punch,Normal,physical,70,100,10,none,May confuse opponent.,20
Doom Desire,Steel,special,140,100,5,none,Damage occurs 2 turns later.,none
Double Hit,Normal,physical,35,90,10,none,Hits twice in one turn.,none
Double Iron Bash,Steel,physical,60,100,5,none,Hits twice in one turn; may cause flinching.,30
Double Kick,Fighting,physical,30,100,30,none,Hits twice in one turn.,none
Double Slap,Normal,physical,15,85,10,none,Hits 2-5 times in one turn.,none
Double Team,Normal,status,none,none,15,none,Raises user's Evasiveness.,none
Double-Edge,Normal,physical,120,100,15,none,User receives recoil damage.,none
Draco Meteor,Dragon,special,130,90,5,none,Sharply lowers user's Special Attack.,100
Dragon Ascent,Flying,physical,120,100,5,none,Lowers user's Defense and Special Defense.,100
Dragon Breath,Dragon,special,60,100,20,none,May paralyze opponent.,30
Dragon Claw,Dragon,physical,80,100,15,none,none,none
Dragon Dance,Dragon,status,none,none,20,none,Raises user's Attack and Speed.,none
Dragon Darts,Dragon,physical,50,100,10,none,User attacks twice.,none
Dragon Energy,Dragon,special,150,100,5,none,"The higher the user's HP, the higher the power.",none
Dragon Hammer,Dragon,physical,90,100,15,none,The user uses its body like a hammer to attack the target and inflict damage.,none
Dragon Pulse,Dragon,special,85,100,10,none,none,none
Dragon Rage,Dragon,special,none,100,10,none,Always inflicts 40 HP.,none
Dragon Rush,Dragon,physical,100,75,10,none,May cause flinching.,20
Dragon Tail,Dragon,physical,60,90,10,none,"In battles, the opponent switches. In the wild, the Pokémon runs.",none
Drain Punch,Fighting,physical,75,100,10,TM63,User recovers half the HP inflicted on opponent.,none
Draining Kiss,Fairy,special,50,100,10,TM87,User recovers most the HP inflicted on opponent.,none
Dream Eater,Psychic,special,100,100,15,none,User recovers half the HP inflicted on a sleeping opponent.,none
Drill Peck,Flying,physical,80,100,20,none,none,none
Drill Run,Ground,physical,80,95,10,none,High critical hit ratio.,none
Drum Beating,Grass,physical,80,100,10,none,Lowers opponent's Speed.,100
Dual Chop,Dragon,physical,40,90,15,none,Hits twice in one turn.,none
Dual Wingbeat,Flying,physical,40,90,10,none,The user slams the target with its wings. The target is hit twice in a row.,none
Dynamax Cannon,Dragon,special,100,100,5,none,Damage doubles if opponent is Dynamaxed.,none
Dynamic Punch,Fighting,physical,100,50,5,none,Confuses opponent.,100
Earth Power,Ground,special,90,100,10,none,May lower opponent's Special Defense.,10
Earthquake,Ground,physical,100,100,10,none,Power is doubled if opponent is underground from using Dig.,none
Echoed Voice,Normal,special,40,100,15,none,Power increases each turn.,none
Eerie Impulse,Electric,status,none,100,15,TM93,Sharply lowers opponent's Special Attack.,none
Eerie Spell,Psychic,special,80,100,5,none,Deals damage and reduces opponent's PP.,none
Egg Bomb,Normal,physical,100,75,10,none,none,none
Electric Terrain,Electric,status,none,none,10,TM90,Prevents all Pokémon from falling asleep for 5 turns.,none
Electrify,Electric,status,none,none,20,none,Changes the target's move to Electric type.,none
Electro Ball,Electric,special,none,100,10,none,"The faster the user, the stronger the attack.",none
Electroweb,Electric,special,55,95,15,TM82,Lowers opponent's Speed.,100
Embargo,Dark,status,none,100,15,none,Opponent cannot use items.,none
Ember,Fire,special,40,100,25,none,May burn opponent.,10
Encore,Normal,status,none,100,5,none,Forces opponent to keep using its last move for 3 turns.,none
Endeavor,Normal,physical,none,100,5,none,Reduces opponent's HP to same as user's.,none
Endure,Normal,status,none,none,10,none,"Always left with at least 1 HP, but may fail if used consecutively.",none
Energy Ball,Grass,special,90,100,10,none,May lower opponent's Special Defense.,10
Entrainment,Normal,status,none,100,15,none,Makes target's ability same as user's.,none
Eruption,Fire,special,150,100,5,none,Stronger when the user's HP is higher.,none
Eternabeam,Dragon,special,160,90,5,none,User can't move on the next turn.,none
Expanding Force,Psychic,special,80,100,10,none,Increases power and hits all opponents on Psychic Terrain.,none
Explosion,Normal,physical,250,100,5,none,User faints.,none
Extrasensory,Psychic,special,80,100,20,none,May cause flinching.,10
Extreme Evoboost,Normal,status,none,none,1,none,Eevee-exclusive Z-Move. Sharply raises all stats.,100
Extreme Speed,Normal,physical,80,100,5,none,User attacks first.,none
Facade,Normal,physical,70,100,20,TM39,"Power doubles if user is burned, poisoned, or paralyzed.",none
Fairy Lock,Fairy,status,none,none,10,none,Prevents fleeing in the next turn.,none
Fairy Wind,Fairy,special,40,100,30,none,none,none
Fake Out,Normal,physical,40,100,10,none,"User attacks first, foe flinches. Only usable on first turn.",100
Fake Tears,Dark,status,none,100,20,TM47,Sharply lowers opponent's Special Defense.,none
False Surrender,Dark,physical,80,∞,10,none,Ignores Accuracy and Evasiveness.,none
False Swipe,Normal,physical,40,100,40,TM94,Always leaves opponent with at least 1 HP.,none
Feather Dance,Flying,status,none,100,15,none,Sharply lowers opponent's Attack.,none
Feint,Normal,physical,30,100,10,none,Only hits if opponent uses Protect or Detect in the same turn.,none
Feint Attack,Dark,physical,60,∞,20,none,Ignores Accuracy and Evasiveness.,none
Fell Stinger,Bug,physical,50,100,25,none,Drastically raises user's Attack if target is KO'd.,none
Fiery Dance,Fire,special,80,100,10,none,May raise user's Special Attack.,50
Fiery Wrath,Dark,special,90,100,10,none,May cause flinching.,20
Final Gambit,Fighting,special,none,100,5,none,Inflicts damage equal to the user's remaining HP. User faints.,none
Fire Blast,Fire,special,110,85,5,none,May burn opponent.,10
Fire Fang,Fire,physical,65,95,15,TM68,May cause flinching and/or burn opponent.,10
Fire Lash,Fire,physical,80,100,15,none,The user strikes the target with a burning lash. This also lowers the target's Defense stat.,100
Fire Pledge,Fire,special,80,100,10,none,Added effects appear if combined with Grass Pledge or Water Pledge.,none
Fire Punch,Fire,physical,75,100,15,TM03,May burn opponent.,10
Fire Spin,Fire,special,35,85,15,TM13,"Traps opponent, damaging them for 4-5 turns.",100
First Impression,Bug,physical,90,100,10,none,"Although this move has great power, it only works the first turn the user is in battle.",none
Fishious Rend,Water,physical,85,100,10,none,"If the user attacks before the target, the power of this move is doubled.",none
Fissure,Ground,physical,none,30,5,none,"One-Hit-KO, if it hits.",none
Flail,Normal,physical,none,100,15,none,"The lower the user's HP, the higher the power.",none
Flame Burst,Fire,special,70,100,15,none,May also injure nearby Pokémon.,none
Flame Charge,Fire,physical,50,100,20,none,Raises user's Speed.,100
Flame Wheel,Fire,physical,60,100,25,none,May burn opponent.,10
Flamethrower,Fire,special,90,100,15,none,May burn opponent.,10
Flare Blitz,Fire,physical,120,100,15,none,User receives recoil damage. May burn opponent.,10
Flash,Normal,status,none,100,20,none,Lowers opponent's Accuracy.,none
Flash Cannon,Steel,special,80,100,10,none,May lower opponent's Special Defense.,10
Flatter,Dark,status,none,100,15,none,"Confuses opponent, but raises its Special Attack by two stages.",none
Fleur Cannon,Fairy,special,130,90,5,none,Sharply lowers user's Special Attack.,100
Fling,Dark,physical,none,100,10,TM59,Power depends on held item.,none
Flip Turn,Water,physical,60,100,20,none,"After making its attack, the user rushes back to switch places with a party Pokémon in waiting.",none
Floaty Fall,Flying,physical,90,95,15,none,May cause flinching.,30
Floral Healing,Fairy,status,none,none,10,none,The user restores the target's HP by up to half of its max HP. It restores more HP when the terrain is grass.,none
Flower Shield,Fairy,status,none,none,10,none,Sharply raises Defense of all Grass-type Pokémon on the field.,100
Fly,Flying,physical,90,95,15,TM06,"Flies up on first turn, attacks on second turn.",none
Flying Press,Fighting,physical,100,95,10,none,Deals Fighting and Flying type damage.,none
Focus Blast,Fighting,special,120,70,5,none,May lower opponent's Special Defense.,10
Focus Energy,Normal,status,none,none,30,none,Increases critical hit ratio.,none
Focus Punch,Fighting,physical,150,100,20,none,"If the user is hit before attacking, it flinches instead.",none
Follow Me,Normal,status,none,none,20,none,"In Double Battle, the user takes all the attacks.",none
Force Palm,Fighting,physical,60,100,10,none,May paralyze opponent.,30
Foresight,Normal,status,none,none,40,none,"Resets opponent's Evasiveness, Normal-type and Fighting-type attacks can now hit Ghosts, and Ghost-type attacks hit Normal.",none
Forest's Curse,Grass,status,none,100,20,none,Adds Grass type to opponent.,none
Foul Play,Dark,physical,95,100,15,none,Uses the opponent's Attack stat.,none
Freeze Shock,Ice,physical,140,90,5,none,"Charges on first turn, attacks on second. May paralyze opponent.",30
Freeze-Dry,Ice,special,70,100,20,none,May freeze opponent. Super-effective against Water types.,10
Freezing Glare,Psychic,special,90,100,10,none,May freeze opponent.,10
Freezy Frost,Ice,special,90,100,15,none,Resets all stat changes.,none
Frenzy Plant,Grass,special,150,90,5,none,User must recharge next turn.,none
Frost Breath,Ice,special,60,90,10,none,Always results in a critical hit.,100
Frustration,Normal,physical,none,100,20,none,Power decreases with higher Friendship.,none
Fury Attack,Normal,physical,15,85,20,none,Hits 2-5 times in one turn.,none
Fury Cutter,Bug,physical,40,95,20,none,Power increases each turn.,none
Fury Swipes,Normal,physical,18,80,15,none,Hits 2-5 times in one turn.,none
Fusion Bolt,Electric,physical,100,100,5,none,Power increases if Fusion Flare is used in the same turn.,none
Fusion Flare,Fire,special,100,100,5,none,Power increases if Fusion Bolt is used in the same turn.,none
Future Sight,Psychic,special,120,100,10,none,Damage occurs 2 turns later.,none
G-Max Befuddle,Bug,physical,none,∞,5,none,"Butterfree-exclusive G-Max Move. Poisons, paralyzes, or puts opponent to sleep.",100
G-Max Cannonade,Water,physical,none,∞,10,none,Blastoise-exclusive G-Max Move. Damages non-Water types for 4 turns.,none
G-Max Centiferno,Fire,physical,none,∞,5,none,Centiskorch-exclusive G-Max Move. Traps opponents for 4-5 turns.,100
G-Max Chi Strike,Fighting,physical,none,∞,5,none,Machamp-exclusive G-Max Move. Increases critical hit ratio.,none
G-Max Cuddle,Normal,physical,none,∞,5,none,Eevee-exclusive G-Max Move. Infatuates opponents.,100
G-Max Depletion,Dragon,physical,none,∞,5,none,Duraludon-exclusive G-Max Move. Reduces opponent's PP.,none
G-Max Drum Solo,Grass,physical,none,∞,5,none,Rillaboom-exclusive G-Max Move. Ignores target's ability.,none
G-Max Finale,Fairy,physical,none,∞,5,none,Alcremie-exclusive G-Max Move. Heals the user's team.,none
G-Max Fireball,Fire,physical,none,∞,5,none,Cinderace-exclusive G-Max Move. Ignores target's ability.,none
G-Max Foam Burst,Water,physical,none,∞,5,none,Kingler-exclusive G-Max Move. Harshly lowers opponents' Speed.,100
G-Max Gold Rush,Normal,physical,none,∞,5,none,Meowth-exclusive G-Max Move. Confuses opponents and earns more money.,100
G-Max Gravitas,Psychic,physical,none,∞,5,none,Orbeetle-exclusive G-Max Move. Summons Gravity for 5 turns.,none
G-Max Hydrosnipe,Water,physical,none,∞,5,none,Inteleon-exclusive G-Max Move. Ignores target's ability.,none
G-Max Malodor,Poison,physical,none,∞,5,none,Garbodor-exclusive G-Max Move. Poisons opponents.,100
G-Max Meltdown,Steel,physical,none,∞,5,none,Melmetal-exclusive G-Max Move. Prevents opponents using the same move twice in a row.,none
G-Max One Blow,Dark,physical,none,∞,5,none,Urshifu Single-Strike Style-exclusive G-Max Move. Strikes through Max Guard and Protect.,none
G-Max Rapid Flow,Water,physical,none,∞,5,none,Urshifu Rapid-Strike Style-exclusive G-Max Move. Strikes through Max Guard and Protect.,none
G-Max Replenish,Normal,physical,none,∞,5,none,Snorlax-exclusive G-Max Move. Recycles Berries.,none
G-Max Resonance,Ice,physical,none,∞,5,none,Lapras-exclusive G-Max Move. Reduces damage for 5 turns.,none
G-Max Sandblast,Ground,physical,none,∞,5,none,Sandaconda-exclusive G-Max Move. Traps opponents for 4-5 turns.,100
G-Max Smite,Fairy,physical,none,∞,5,none,Hatterene-exclusive G-Max Move. Confuses opponents.,100
G-Max Snooze,Dark,physical,none,∞,5,none,Grimmsnarl-exclusive G-Max Move. Makes opponents drowsy.,none
G-Max Steelsurge,Steel,physical,none,∞,5,none,Copperajah-exclusive G-Max Move. Sets up Spikes on the field.,none
G-Max Stonesurge,Water,physical,none,∞,5,none,Drednaw-exclusive G-Max Move. Sets up Stealth Rock.,none
G-Max Stun Shock,Electric,physical,none,∞,10,none,Toxtricity-exclusive G-Max Move. Poisons or paralyzes opponents.,100
G-Max Sweetness,Grass,physical,none,∞,10,none,Appletun-exclusive G-Max Move. Heals status conditions of user's team.,none
G-Max Tartness,Grass,physical,none,∞,10,none,Flapple-exclusive G-Max Move. Reduces opponents' evasiveness.,100
G-Max Terror,Ghost,physical,none,∞,10,none,Gengar-exclusive G-Max Move. Prevents opponent from switching out.,none
G-Max Vine Lash,Grass,physical,none,∞,10,none,Venusaur-exclusive G-Max Move. Damages non-Grass types for 4 turns.,none
G-Max Volcalith,Rock,physical,none,∞,10,none,Coalossal-exclusive G-Max Move. Deals damage for 4 turns.,100
G-Max Volt Crash,Electric,physical,none,∞,10,none,Pikachu-exclusive G-Max Move. Paralyzes opponents.,100
G-Max Wildfire,Fire,physical,none,∞,10,none,Charizard-exclusive G-Max Move. Damages non-Fire types for 4 turns.,100
G-Max Wind Rage,Flying,physical,none,∞,10,none,Corviknight-exclusive G-Max Move. Removes battlefield hazards.,none
Gastro Acid,Poison,status,none,100,10,none,Cancels out the effect of the opponent's Ability.,none
Gear Grind,Steel,physical,50,85,15,none,Hits twice in one turn.,none
Gear Up,Steel,status,none,none,20,none,The user engages its gears to raise the Attack and Sp. Atk stats of ally Pokémon with the Plus or Minus Ability.,none
Genesis Supernova,Psychic,special,185,none,1,none,Mew-exclusive Z-Move.,none
Geomancy,Fairy,status,none,none,10,none,"Charges on first turn, sharply raises user's Sp. Attack, Sp. Defense and Speed on the second.",none
Giga Drain,Grass,special,75,100,10,TM28,User recovers half the HP inflicted on opponent.,none
Giga Impact,Normal,physical,150,90,5,TM09,User must recharge next turn.,none
Gigavolt Havoc,Electric,none,none,none,1,none,Electric type Z-Move.,none
Glacial Lance,Ice,physical,130,100,5,none,The user attacks by hurling a blizzard-cloaked icicle lance at opposing Pokémon.,none
Glaciate,Ice,special,65,95,10,none,Lowers opponent's Speed.,100
Glare,Normal,status,none,100,30,none,Paralyzes opponent.,none
Glitzy Glow,Psychic,special,90,100,15,none,Reduces damage from Special attacks.,none
Grass Knot,Grass,special,none,100,20,none,"The heavier the opponent, the stronger the attack.",none
Grass Pledge,Grass,special,80,100,10,none,Added effects appear if preceded by Water Pledge or succeeded by Fire Pledge.,none
Grass Whistle,Grass,status,none,55,15,none,Puts opponent to sleep.,none
Grassy Glide,Grass,physical,70,100,20,none,High priority during Grassy Terrain.,none
Grassy Terrain,Grass,status,none,none,10,TM88,Restores a little HP of all Pokémon for 5 turns. ,none
Grav Apple,Grass,physical,80,100,10,none,Lowers the opponent's Defense stat.,100
Gravity,Psychic,status,none,none,5,none,Prevents moves like Fly and Bounce and the Ability Levitate for 5 turns.,none
Growl,Normal,status,none,100,40,none,Lowers opponent's Attack.,none
Growth,Normal,status,none,none,20,none,Raises user's Attack and Special Attack.,none
Grudge,Ghost,status,none,none,5,none,"If the users faints after using this move, the PP for the opponent's last move is depleted.",none
Guard Split,Psychic,status,none,none,10,none,Averages Defense and Special Defense with the target.,none
Guard Swap,Psychic,status,none,none,10,TM61,User and opponent swap Defense and Special Defense.,none
Guardian of Alola,Fairy,special,none,none,1,none,Tapu-exclusive Z-move. Cuts opponent's HP by 75%.,none
Guillotine,Normal,physical,none,30,5,none,"One-Hit-KO, if it hits.",none
Gunk Shot,Poison,physical,120,80,5,none,May poison opponent.,30
Gust,Flying,special,40,100,35,none,Hits Pokémon using Fly/Bounce with double power.,none
Gyro Ball,Steel,physical,none,100,5,none,"The slower the user, the stronger the attack.",none
Hail,Ice,status,none,none,10,TM35,Non-Ice types are damaged for 5 turns.,none
Hammer Arm,Fighting,physical,100,90,10,none,Lowers user's Speed.,100
Happy Hour,Normal,status,none,none,30,none,Doubles prize money from trainer battles.,none
Harden,Normal,status,none,none,30,none,Raises user's Defense.,none
Haze,Ice,status,none,none,30,none,Resets all stat changes.,none
Head Charge,Normal,physical,120,100,15,none,User receives recoil damage.,none
Head Smash,Rock,physical,150,80,5,none,User receives recoil damage.,none
Headbutt,Normal,physical,70,100,15,none,May cause flinching.,30
Heal Bell,Normal,status,none,none,5,none,Heals the user's party's status conditions.,none
Heal Block,Psychic,status,none,100,15,none,Prevents the opponent from restoring HP for 5 turns.,none
Heal Order,Bug,status,none,none,10,none,User recovers half its max HP.,none
Heal Pulse,Psychic,status,none,none,10,none,Restores half the target's max HP.,none
Healing Wish,Psychic,status,none,none,10,none,The user faints and the next Pokémon released is fully healed.,none
Heart Stamp,Psychic,physical,60,100,25,none,May cause flinching.,30
Heart Swap,Psychic,status,none,none,10,none,Stat changes are swapped with the opponent.,none
Heat Crash,Fire,physical,none,100,10,none,"The heavier the user, the stronger the attack.",none
Heat Wave,Fire,special,95,90,10,none,May burn opponent.,10
Heavy Slam,Steel,physical,none,100,10,none,"The heavier the user, the stronger the attack.",none
Helping Hand,Normal,status,none,none,20,TM41,"In Double Battles, boosts the power of the partner's move.",none
Hex,Ghost,special,65,100,10,TM77,Inflicts more damage if the target has a status condition.,none
Hidden Power,Normal,special,60,100,15,none,Type and power depends on user's IVs.,none
High Horsepower,Ground,physical,95,95,10,none,The user fiercely attacks the target using its entire body.,none
High Jump Kick,Fighting,physical,130,90,10,none,"If it misses, the user loses half their HP.",none
Hold Back,Normal,physical,40,100,40,none,Always leaves opponent with at least 1 HP.,none
Hold Hands,Normal,status,none,none,40,none,Makes the user and an ally very happy.,none
Hone Claws,Dark,status,none,none,15,none,Raises user's Attack and Accuracy.,none
Horn Attack,Normal,physical,65,100,25,none,none,none
Horn Drill,Normal,physical,none,30,5,none,"One-Hit-KO, if it hits.",none
Horn Leech,Grass,physical,75,100,10,none,User recovers half the HP inflicted on opponent.,none
Howl,Normal,status,none,none,40,none,Raises Attack of allies.,none
Hurricane,Flying,special,110,70,10,none,May confuse opponent.,30
Hydro Cannon,Water,special,150,90,5,none,User must recharge next turn.,none
Hydro Pump,Water,special,110,80,5,none,none,none
Hydro Vortex,Water,none,none,none,1,none,Water type Z-Move.,none
Hyper Beam,Normal,special,150,90,5,TM08,User must recharge next turn.,none
Hyper Fang,Normal,physical,80,90,15,none,May cause flinching.,10
Hyper Voice,Normal,special,90,100,10,none,none,none
Hyperspace Fury,Dark,physical,100,∞,5,none,Lowers user's Defense. Can strike through Protect/Detect.,100
Hyperspace Hole,Psychic,special,80,∞,5,none,Can strike through Protect/Detect.,none
Hypnosis,Psychic,status,none,60,20,none,Puts opponent to sleep.,none
Ice Ball,Ice,physical,30,90,20,none,Doubles in power each turn for 5 turns.,none
Ice Beam,Ice,special,90,100,10,none,May freeze opponent.,10
Ice Burn,Ice,special,140,90,5,none,"Charges on first turn, attacks on second. May burn opponent.",30
Ice Fang,Ice,physical,65,95,15,TM67,May cause flinching and/or freeze opponent.,10
Ice Hammer,Ice,physical,100,90,10,none,"The user swings and hits with its strong, heavy fist. It lowers the user's Speed, however.",100
Ice Punch,Ice,physical,75,100,15,TM04,May freeze opponent.,10
Ice Shard,Ice,physical,40,100,30,none,User attacks first.,none
Icicle Crash,Ice,physical,85,90,10,none,May cause flinching.,30
Icicle Spear,Ice,physical,25,100,30,TM51,Hits 2-5 times in one turn.,none
Icy Wind,Ice,special,55,95,15,TM27,Lowers opponent's Speed.,100
Imprison,Psychic,status,none,none,10,TM44,Opponent is unable to use moves that the user also knows.,none
Incinerate,Fire,special,60,100,15,none,Destroys the target's held berry.,none
Inferno,Fire,special,100,50,5,none,Burns opponent.,100
Inferno Overdrive,Fire,none,none,none,1,none,Fire type Z-Move.,none
Infestation,Bug,special,20,100,20,none,"Traps opponent, damaging them for 4-5 turns.",100
Ingrain,Grass,status,none,none,20,none,User restores HP each turn. User cannot escape/switch.,none
Instruct,Psychic,status,none,none,15,none,Allows an ally to use a move instead.,none
Ion Deluge,Electric,status,none,none,25,none,Changes Normal-type moves to Electric-type.,none
Iron Defense,Steel,status,none,none,15,none,Sharply raises user's Defense.,none
Iron Head,Steel,physical,80,100,15,none,May cause flinching.,30
Iron Tail,Steel,physical,100,75,15,none,May lower opponent's Defense.,30
Jaw Lock,Dark,physical,80,100,10,none,Prevents user and opponent from switching out.,none
Judgment,Normal,special,100,100,10,none,Type depends on the Arceus Plate being held.,none
Jump Kick,Fighting,physical,100,95,10,none,"If it misses, the user loses half their HP.",none
Jungle Healing,Grass,status,none,none,10,none,Restores team's HP and cures status conditions.,none
Karate Chop,Fighting,physical,50,100,25,none,High critical hit ratio.,none
Kinesis,Psychic,status,none,80,15,none,Lowers opponent's Accuracy.,none
King's Shield,Steel,status,none,none,10,none,Protects the user and lowers opponent's Attack on contact.,none
Knock Off,Dark,physical,65,100,20,none,Removes opponent's held item for the rest of the battle.,none
Land's Wrath,Ground,physical,90,100,10,none,none,none
Laser Focus,Normal,status,none,none,30,none,User's next attack is guaranteed to result in a critical hit.,none
Lash Out,Dark,physical,75,100,5,none,Double power if stats were lowered during the turn.,none
Last Resort,Normal,physical,140,100,5,none,Can only be used after all other moves are used.,none
Lava Plume,Fire,special,80,100,15,none,May burn opponent.,30
Leaf Blade,Grass,physical,90,100,15,none,High critical hit ratio.,none
Leaf Storm,Grass,special,130,90,5,none,Sharply lowers user's Special Attack.,100
Leaf Tornado,Grass,special,65,90,10,none,May lower opponent's Accuracy.,50
Leafage,Grass,physical,40,100,40,none,Strikes opponent with leaves.,none
Leech Life,Bug,physical,80,100,10,none,User recovers half the HP inflicted on opponent.,none
Leech Seed,Grass,status,none,90,10,none,Drains HP from opponent each turn.,none
Leer,Normal,status,none,100,30,none,Lowers opponent's Defense.,100
Let's Snuggle Forever,Fairy,physical,190,none,1,none,Mimikyu-exclusive Z-Move.,none
Lick,Ghost,physical,30,100,30,none,May paralyze opponent.,30
Life Dew,Water,status,none,none,10,none,User and teammates recover HP.,none
Light of Ruin,Fairy,special,140,90,5,none,User receives recoil damage.,none
Light Screen,Psychic,status,none,none,30,TM17,Halves damage from Special attacks for 5 turns.,none
Light That Burns the Sky,Psychic,special,200,none,1,none,Ultra Necrozma-exclusive Z-Move. Ignores target's ability; uses highest Attack stat.,none
Liquidation,Water,physical,85,100,10,none,May lower opponent's Defense.,20
Lock-On,Normal,status,none,none,5,none,User's next attack is guaranteed to hit.,none
Lovely Kiss,Normal,status,none,75,10,none,Puts opponent to sleep.,none
Low Kick,Fighting,physical,none,100,20,none,"The heavier the opponent, the stronger the attack.",none
Low Sweep,Fighting,physical,65,100,20,TM75,Lowers opponent's Speed.,100
Lucky Chant,Normal,status,none,none,30,none,Opponent cannot land critical hits for 5 turns.,none
Lunar Dance,Psychic,status,none,none,10,none,The user faints but the next Pokémon released is fully healed.,none
Lunge,Bug,physical,80,100,15,none,"The user makes a lunge at the target, attacking with full force. This also lowers the target's Attack stat.",100
Luster Purge,Psychic,special,70,100,5,none,May lower opponent's Special Defense.,50
Mach Punch,Fighting,physical,40,100,30,none,User attacks first.,none
Magic Coat,Psychic,status,none,none,15,none,Reflects moves that cause status conditions back to the attacker.,none
Magic Powder,Psychic,status,none,100,20,none,Changes target's type to Psychic.,none
Magic Room,Psychic,status,none,none,10,TM72,Suppresses the effects of held items for five turns.,none
Magical Leaf,Grass,special,60,∞,20,TM10,Ignores Accuracy and Evasiveness.,none
Magma Storm,Fire,special,100,75,5,none,"Traps opponent, damaging them for 4-5 turns.",100
Magnet Bomb,Steel,physical,60,∞,20,none,Ignores Accuracy and Evasiveness.,none
Magnet Rise,Electric,status,none,none,10,none,User becomes immune to Ground-type moves for 5 turns.,none
Magnetic Flux,Electric,status,none,none,20,none,Raises Defense and Sp. Defense of Plus/Minus Pokémon.,none
Magnitude,Ground,physical,none,100,30,none,Hits with random power.,none
Malicious Moonsault,Dark,physical,180,none,1,none,Incineroar-exclusive Z-Move.,none
Mat Block,Fighting,status,none,none,10,none,Protects teammates from damaging moves.,none
Max Airstream,Flying,none,none,none,none,none,Flying type Dynamax move. Raises the team's Speed.,100
Max Darkness,Dark,none,none,none,none,none,Dark type Dynamax move. Lowers the target's Special Defense.,100
Max Flare,Fire,none,none,none,none,none,Fire type Dynamax move. Summons harsh sunlight.,none
Max Flutterby,Bug,none,none,none,none,none,Bug type Dynamax move. Lowers the target's Special Attack.,100
Max Geyser,Water,none,none,none,none,none,Water type Dynamax move. Summons heavy rain.,none
Max Guard,Normal,none,none,none,none,none,Status category Dynamax move. Protects the user.,none
Max Hailstorm,Ice,none,none,none,none,none,Ice type Dynamax move. Summons hail.,none
Max Knuckle,Fighting,none,none,none,none,none,Fighting type Dynamax move. Increases the team's Attack.,100
Max Lightning,Electric,none,none,none,none,none,Electric type Dynamax move. Summons Electric Terrain.,none
Max Mindstorm,Psychic,none,none,none,none,none,Psychic type Dynamax move. Summons Psychic Terrain.,none
Max Ooze,Poison,none,none,none,none,none,Poison type Dynamax move. Increases the team's Special Attack.,100
Max Overgrowth,Grass,none,none,none,none,none,Grass type Dynamax move. Summons Grassy Terrain.,none
Max Phantasm,Ghost,none,none,none,none,none,Ghost type Dynamax move. Lowers the target's Defense.,100
Max Quake,Ground,none,none,none,none,none,Ground type Dynamax move. Increases the team's Special Defense.,100
Max Rockfall,Rock,none,none,none,none,none,Rock type Dynamax move. Summons a sandstorm.,none
Max Starfall,Fairy,none,none,none,none,none,Fairy type Dynamax move. Summons Misty Terrain.,none
Max Steelspike,Steel,none,none,none,none,none,Steel type Dynamax move. Raises the team's Defense.,100
Max Strike,Normal,none,none,none,none,none,Normal type Dynamax move. Lowers the target's Speed.,100
Max Wyrmwind,Dragon,none,none,none,none,none,Dragon type Dynamax move. Lowers the target's Attack.,100
Me First,Normal,status,none,none,20,none,User copies the opponent's attack with 1.5× power.,none
Mean Look,Normal,status,none,none,5,none,Opponent cannot flee or switch.,none
Meditate,Psychic,status,none,none,40,none,Raises user's Attack.,none
Mega Drain,Grass,special,40,100,15,none,User recovers half the HP inflicted on opponent.,none
Mega Kick,Normal,physical,120,75,5,TM01,none,none
Mega Punch,Normal,physical,80,85,20,none,none,none
Megahorn,Bug,physical,120,85,10,none,none,none
Memento,Dark,status,none,100,10,none,"User faints, sharply lowers opponent's Attack and Special Attack.",none
Menacing Moonraze Maelstrom,Ghost,special,200,none,1,none,Lunala-exclusive Z-Move.,none
Metal Burst,Steel,physical,none,100,10,none,Deals damage equal to 1.5x opponent's attack.,none
Metal Claw,Steel,physical,50,95,35,none,May raise user's Attack.,10
Metal Sound,Steel,status,none,85,40,none,Sharply lowers opponent's Special Defense.,none
Meteor Assault,Fighting,physical,150,100,5,none,User must recharge next turn.,none
Meteor Beam,Rock,special,120,90,10,none,"User gathers space power and boosts its Sp. Atk stat, then attacks the target on the next turn.",none
Meteor Mash,Steel,physical,90,90,10,none,May raise user's Attack.,20
Metronome,Normal,status,none,none,10,none,User performs almost any move in the game at random.,none
Milk Drink,Normal,status,none,none,10,none,User recovers half its max HP.,none
Mimic,Normal,status,none,none,10,none,Copies the opponent's last move.,none
Mind Blown,Fire,special,150,100,5,none,User receives recoil damage.,none
Mind Reader,Normal,status,none,none,5,none,User's next attack is guaranteed to hit.,none
Minimize,Normal,status,none,none,10,none,Sharply raises user's Evasiveness.,none
Miracle Eye,Psychic,status,none,none,40,none,"Resets opponent's Evasiveness, removes Dark's Psychic immunity.",none
Mirror Coat,Psychic,special,none,100,20,none,"When hit by a Special Attack, user strikes back with 2x power.",none
Mirror Move,Flying,status,none,none,20,none,User performs the opponent's last move.,none
Mirror Shot,Steel,special,65,85,10,none,May lower opponent's Accuracy.,30
Mist,Ice,status,none,none,30,none,User's stats cannot be changed for a period of time.,none
Mist Ball,Psychic,special,70,100,5,none,May lower opponent's Special Attack.,50
Misty Explosion,Fairy,special,100,100,5,none,Power increases on Misty Terrain.,none
Misty Terrain,Fairy,status,none,none,10,TM89,Protects the field from status conditions for 5 turns.,none
Moonblast,Fairy,special,95,100,15,none,May lower opponent's Special Attack.,30
Moongeist Beam,Ghost,special,100,100,5,none,Ignores the target's ability.,none
Moonlight,Fairy,status,none,none,5,none,User recovers HP. Amount varies with the weather.,none
Morning Sun,Normal,status,none,none,5,none,User recovers HP. Amount varies with the weather.,none
Mud Bomb,Ground,special,65,85,10,none,May lower opponent's Accuracy.,30
Mud Shot,Ground,special,55,95,15,TM53,Lowers opponent's Speed.,100
Mud Sport,Ground,status,none,none,15,none,Weakens the power of Electric-type moves.,none
Mud-Slap,Ground,special,20,100,10,none,Lowers opponent's Accuracy.,100
Muddy Water,Water,special,90,85,10,none,May lower opponent's Accuracy.,30
Multi-Attack,Normal,physical,120,100,10,none,Type matches Memory item held.,none
Mystical Fire,Fire,special,75,100,10,TM92,Lowers opponent's Special Attack.,100
Nasty Plot,Dark,status,none,none,20,none,Sharply raises user's Special Attack.,none
Natural Gift,Normal,physical,none,100,15,none,Power and type depend on the user's held berry.,none
Nature Power,Normal,status,none,none,20,none,Uses a certain move based on the current terrain.,none
Nature's Madness,Fairy,special,none,90,10,none,Halves the foe's HP.,none
Needle Arm,Grass,physical,60,100,15,none,May cause flinching.,30
Never-Ending Nightmare,Ghost,none,none,none,1,none,Ghost type Z-Move.,none
Night Daze,Dark,special,85,95,10,none,May lower opponent's Accuracy.,40
Night Shade,Ghost,special,none,100,15,none,Inflicts damage equal to user's level.,none
Night Slash,Dark,physical,70,100,15,none,High critical hit ratio.,none
Nightmare,Ghost,status,none,100,15,none,The sleeping opponent loses 25% of its max HP each turn.,none
No Retreat,Fighting,status,none,none,5,none,Raises all stats but user cannot switch out.,100
Noble Roar,Normal,status,none,100,30,none,Lowers opponent's Attack and Special Attack.,100
Nuzzle,Electric,physical,20,100,20,none,Paralyzes opponent.,100
Oblivion Wing,Flying,special,80,100,10,none,User recovers most of the HP inflicted on opponent.,none
Obstruct,Dark,status,none,100,10,none,Protects the user and sharply lowers Defence on contact.,none
Oceanic Operetta,Water,special,195,none,1,none,Primarina-exclusive Z-Move.,none
Octazooka,Water,special,65,85,10,none,May lower opponent's Accuracy.,50
Octolock,Fighting,status,none,100,15,none,"Lowers opponent's Defense and Special Defense every turn, and they cannot flee or switch out.",none
Odor Sleuth,Normal,status,none,none,40,none,"Resets opponent's Evasiveness, Normal-type and Fighting-type attacks can now hit Ghosts, and Ghost-type attacks hit Normal.",none
Ominous Wind,Ghost,special,60,100,5,none,May raise all user's stats at once.,10
Origin Pulse,Water,special,110,85,10,none,Hits all adjacent opponents.,none
Outrage,Dragon,physical,120,100,10,none,User attacks for 2-3 turns but then becomes confused.,none
Overdrive,Electric,special,80,100,10,none,none,none
Overheat,Fire,special,130,90,5,none,Sharply lowers user's Special Attack.,100
Pain Split,Normal,status,none,none,20,none,The user's and opponent's HP becomes the average of both.,none
Parabolic Charge,Electric,special,65,100,20,none,User recovers half the HP inflicted on opponent.,none
Parting Shot,Dark,status,none,100,20,none,Lowers opponent's Attack and Special Attack then switches out. ,100
Pay Day,Normal,physical,40,100,20,TM02,A small amount of money is gained after the battle resolves.,none
Payback,Dark,physical,50,100,10,TM57,Power doubles if the user was attacked first.,none
Peck,Flying,physical,35,100,35,none,none,none
Perish Song,Normal,status,none,none,5,none,Any Pokémon in play when this attack is used faints in 3 turns.,none
Petal Blizzard,Grass,physical,90,100,15,none,Hits all adjacent Pokémon.,none
Petal Dance,Grass,special,120,100,10,none,User attacks for 2-3 turns but then becomes confused.,none
Phantom Force,Ghost,physical,90,100,10,TM86,"Disappears on first turn, attacks on second. Can strike through Protect/Detect.",none
Photon Geyser,Psychic,special,100,100,5,none,"Uses Attack or Special Attack stat, whichever is higher.",none
Pika Papow,Electric,special,none,∞,20,none,Power increases when player's bond is stronger.,none
Pin Missile,Bug,physical,25,95,20,TM07,Hits 2-5 times in one turn.,none
Plasma Fists,Electric,physical,100,100,15,none,Changes Normal-type moves to Electric-type moves.,none
Play Nice,Normal,status,none,none,20,none,Lowers opponent's Attack. Always hits.,100
Play Rough,Fairy,physical,90,90,10,none,May lower opponent's Attack.,10
Pluck,Flying,physical,60,100,20,none,"If the opponent is holding a berry, its effect is stolen by user.",none
Poison Fang,Poison,physical,50,100,15,none,May badly poison opponent.,50
Poison Gas,Poison,status,none,90,40,none,Poisons opponent.,none
Poison Jab,Poison,physical,80,100,20,none,May poison the opponent.,30
Poison Powder,Poison,status,none,75,35,none,Poisons opponent.,none
Poison Sting,Poison,physical,15,100,35,none,May poison the opponent.,30
Poison Tail,Poison,physical,50,100,25,none,High critical hit ratio. May poison opponent.,10
Pollen Puff,Bug,special,90,100,15,none,Deals damage to opponent or restores HP of teammate.,none
Poltergeist,Ghost,physical,110,90,5,none,Fails if the target doesn’t have an item.,none
Pound,Normal,physical,40,100,35,none,none,none
Powder,Bug,status,none,100,20,none,Damages Pokémon using Fire type moves.,none
Powder Snow,Ice,special,40,100,25,none,May freeze opponent.,10
Power Gem,Rock,special,80,100,20,none,none,none
Power Split,Psychic,status,none,none,10,none,Averages Attack and Special Attack with the target.,none
Power Swap,Psychic,status,none,none,10,TM60,User and opponent swap Attack and Special Attack.,none
Power Trick,Psychic,status,none,none,10,none,User's own Attack and Defense switch.,none
Power Trip,Dark,physical,20,100,10,none,"The user boasts its strength and attacks the target. The more the user's stats are raised, the greater the move's power.",none
Power Whip,Grass,physical,120,85,10,none,none,none
Power-Up Punch,Fighting,physical,40,100,20,none,Raises Attack.,100
Precipice Blades,Ground,physical,120,85,10,none,Hits all adjacent opponents.,none
Present,Normal,physical,none,90,15,none,Either deals damage or heals.,none
Prismatic Laser,Psychic,special,160,100,10,none,The user shoots powerful lasers using the power of a prism. The user can't move on the next turn.,none
Protect,Normal,status,none,none,10,TM25,"Protects the user, but may fail if used consecutively.",none
Psybeam,Psychic,special,65,100,20,none,May confuse opponent.,10
Psych Up,Normal,status,none,none,10,none,Copies the opponent's stat changes.,none
Psychic,Psychic,special,90,100,10,none,May lower opponent's Special Defense.,10
Psychic Fangs,Psychic,physical,85,100,10,none,The user bites the target with its psychic capabilities. This can also destroy Light Screen and Reflect.,none
Psychic Terrain,Psychic,status,none,none,10,TM91,Prevents priority moves from being used for 5 turns.,none
Psycho Boost,Psychic,special,140,90,5,none,Sharply lowers user's Special Attack.,100
Psycho Cut,Psychic,physical,70,100,20,TM69,High critical hit ratio.,none
Psycho Shift,Psychic,status,none,100,10,none,Transfers user's status condition to the opponent.,none
Psyshock,Psychic,special,80,100,10,none,"Inflicts damage based on the target's Defense, not Special Defense.",none
Psystrike,Psychic,special,100,100,10,none,"Inflicts damage based on the target's Defense, not Special Defense.",none
Psywave,Psychic,special,none,100,15,none,Inflicts damage 50-150% of user's level.,none
Pulverizing Pancake,Normal,physical,210,none,1,none,Snorlax-exclusive Normal type Z-Move.,none
Punishment,Dark,physical,none,100,5,none,Power increases when opponent's stats have been raised.,none
Purify,Poison,status,none,none,20,none,"The user heals the target's status condition. If the move succeeds, it also restores the user's own HP.",none
Pursuit,Dark,physical,40,100,20,none,Double power if the opponent is switching out.,none
Pyro Ball,Fire,physical,120,90,5,none,May burn opponent.,10
Quash,Dark,status,none,100,15,none,Makes the target act last this turn.,none
Quick Attack,Normal,physical,40,100,30,none,User attacks first.,none
Quick Guard,Fighting,status,none,none,15,none,Protects the user's team from high-priority moves.,none
Quiver Dance,Bug,status,none,none,20,none,"Raises user's Special Attack, Special Defense and Speed.",none
Rage,Normal,physical,20,100,20,none,Raises user's Attack when hit.,none
Rage Powder,Bug,status,none,none,20,none,"Forces attacks to hit user, not team-mates.",none
Rain Dance,Water,status,none,none,5,TM33,Makes it rain for 5 turns.,none
Rapid Spin,Normal,physical,50,100,40,none,Raises user's Speed and removes entry hazards and trap move effects.,100
Razor Leaf,Grass,physical,55,95,25,none,High critical hit ratio.,none
Razor Shell,Water,physical,75,95,10,TM83,May lower opponent's Defense.,50
Razor Wind,Normal,special,80,100,10,none,"Charges on first turn, attacks on second. High critical hit ratio.",none
Recover,Normal,status,none,none,10,none,User recovers half its max HP.,none
Recycle,Normal,status,none,none,10,none,User's used hold item is restored.,none
Reflect,Psychic,status,none,none,20,TM18,Halves damage from Physical attacks for 5 turns.,none
Reflect Type,Normal,status,none,none,15,none,User becomes the target's type.,none
Refresh,Normal,status,none,none,20,none,"Cures paralysis, poison, and burns.",none
Relic Song,Normal,special,75,100,10,none,May put the target to sleep.,10
Rest,Psychic,status,none,none,10,TM21,"User sleeps for 2 turns, but user is fully healed.",none
Retaliate,Normal,physical,70,100,5,TM79,Inflicts double damage if a teammate fainted on the last turn.,none
Return,Normal,physical,none,100,20,none,Power increases with higher Friendship.,none
Revelation Dance,Normal,special,90,100,15,none,Type changes based on Oricorio's form.,none
Revenge,Fighting,physical,60,100,10,TM42,Power increases if user was hit first.,none
Reversal,Fighting,physical,none,100,15,none,"The lower the user's HP, the higher the power.",none
Rising Voltage,Electric,special,70,100,20,none,Power doubles on Electric Terrain.,none
Roar,Normal,status,none,none,20,none,"In battles, the opponent switches. In the wild, the Pokémon runs.",none
Roar of Time,Dragon,special,150,90,5,none,User must recharge next turn.,none
Rock Blast,Rock,physical,25,90,10,TM54,Hits 2-5 times in one turn.,none
Rock Climb,Normal,physical,90,85,20,none,May confuse opponent.,20
Rock Polish,Rock,status,none,none,20,none,Sharply raises user's Speed.,none
Rock Slide,Rock,physical,75,90,10,TM22,May cause flinching.,30
Rock Smash,Fighting,physical,40,100,15,none,May lower opponent's Defense.,50
Rock Throw,Rock,physical,50,90,15,none,none,none
Rock Tomb,Rock,physical,60,95,15,TM48,Lowers opponent's Speed.,100
Rock Wrecker,Rock,physical,150,90,5,none,User must recharge next turn.,none
Role Play,Psychic,status,none,none,10,none,User copies the opponent's Ability.,none
Rolling Kick,Fighting,physical,60,85,15,none,May cause flinching.,30
Rollout,Rock,physical,30,90,20,none,Doubles in power each turn for 5 turns.,none
Roost,Flying,status,none,none,10,none,User recovers half of its max HP and loses the Flying type temporarily.,none
Rototiller,Ground,status,none,none,10,none,Raises Attack and Special Attack of Grass-types.,100
Round,Normal,special,60,100,15,TM76,Power increases if teammates use it in the same turn.,none
Sacred Fire,Fire,physical,100,95,5,none,May burn opponent.,50
Sacred Sword,Fighting,physical,90,100,15,none,Ignores opponent's stat changes.,none
Safeguard,Normal,status,none,none,25,TM19,The user's party is protected from status conditions.,none
Sand Attack,Ground,status,none,100,15,none,Lowers opponent's Accuracy.,none
Sand Tomb,Ground,physical,35,85,15,TM49,"Traps opponent, damaging them for 4-5 turns.",100
Sandstorm,Rock,status,none,none,10,TM32,Creates a sandstorm for 5 turns.,none
Sappy Seed,Grass,physical,90,100,15,none,Drains HP from opponent each turn.,100
Savage Spin-Out,Bug,none,none,none,1,none,Bug type Z-Move.,none
Scald,Water,special,80,100,15,none,May burn opponent.,30
Scale Shot,Dragon,physical,25,90,20,none,Hits 2-5 times in one turn. Boosts user's Speed but lowers its Defense.,none
Scary Face,Normal,status,none,100,10,TM26,Sharply lowers opponent's Speed.,none
Scorching Sands,Ground,special,70,100,10,none,May burn the target.,none
Scratch,Normal,physical,40,100,35,none,none,none
Screech,Normal,status,none,85,40,TM16,Sharply lowers opponent's Defense.,none
Searing Shot,Fire,special,100,100,5,none,May burn opponent.,30
Searing Sunraze Smash,Steel,physical,200,none,1,none,Solgaleo-exclusive Z-Move.,none
Secret Power,Normal,physical,70,100,20,none,Effects of the attack vary with the location.,30
Secret Sword,Fighting,special,85,100,10,none,"Inflicts damage based on the target's Defense, not Special Defense.",none
Seed Bomb,Grass,physical,80,100,15,none,none,none
Seed Flare,Grass,special,120,85,5,none,May lower opponent's Special Defense.,40
Seismic Toss,Fighting,physical,none,100,20,none,Inflicts damage equal to user's level.,none
Self-Destruct,Normal,physical,200,100,5,TM20,User faints.,none
Shadow Ball,Ghost,special,80,100,15,none,May lower opponent's Special Defense.,20
Shadow Bone,Ghost,physical,85,100,10,none,May lower opponent's Defense.,20
Shadow Claw,Ghost,physical,70,100,15,TM65,High critical hit ratio.,none
Shadow Force,Ghost,physical,120,100,5,none,"Disappears on first turn, attacks on second. Can strike through Protect/Detect.",none
Shadow Punch,Ghost,physical,60,∞,20,none,Ignores Accuracy and Evasiveness.,none
Shadow Sneak,Ghost,physical,40,100,30,none,User attacks first.,none
Sharpen,Normal,status,none,none,30,none,Raises user's Attack.,none
Shattered Psyche,Psychic,none,none,none,1,none,Psychic type Z-Move.,none
Sheer Cold,Ice,special,none,30,5,none,"One-Hit-KO, if it hits.",none
Shell Side Arm,Poison,special,90,100,10,none,"May poison opponent. Inflicts either Special or Physical damage, whichever is better.",none
Shell Smash,Normal,status,none,none,15,none,"Sharply raises user's Attack, Special Attack and Speed but lowers Defense and Special Defense.",none
Shell Trap,Fire,special,150,100,5,none,Deals more damage to opponent if hit by a Physical move.,none
Shift Gear,Steel,status,none,none,10,none,Raises user's Attack and sharply raises Speed.,none
Shock Wave,Electric,special,60,∞,20,none,Ignores Accuracy and Evasiveness.,none
Shore Up,Ground,status,none,none,10,none,The user regains up to half of its max HP. It restores more HP in a sandstorm.,none
Signal Beam,Bug,special,75,100,15,none,May confuse opponent.,10
Silver Wind,Bug,special,60,100,5,none,May raise all stats of user at once.,10
Simple Beam,Normal,status,none,100,15,none,Changes target's ability to Simple.,none
Sing,Normal,status,none,55,15,none,Puts opponent to sleep.,none
Sinister Arrow Raid,Ghost,physical,180,none,1,none,Decidueye-exclusive Z-Move.,none
Sizzly Slide,Fire,physical,90,100,15,none,Burns the opponent.,100
Sketch,Normal,status,none,none,1,none,Permanently copies the opponent's last move.,none
Skill Swap,Psychic,status,none,none,10,none,The user swaps Abilities with the opponent.,none
Skitter Smack,Bug,physical,70,90,10,none,Lowers opponent's Sp. Attack.,none
Skull Bash,Normal,physical,130,100,10,none,"Raises Defense on first turn, attacks on second.",100
Sky Attack,Flying,physical,140,90,5,none,"Charges on first turn, attacks on second. May cause flinching. High critical hit ratio.",30
Sky Drop,Flying,physical,60,100,10,none,"Takes opponent into the air on first turn, drops them on second turn.",none
Sky Uppercut,Fighting,physical,85,90,15,none,"Hits the opponent, even during Fly.",none
Slack Off,Normal,status,none,none,10,none,User recovers half its max HP.,none
Slam,Normal,physical,80,75,20,none,none,none
Slash,Normal,physical,70,100,20,none,High critical hit ratio.,none
Sleep Powder,Grass,status,none,75,15,none,Puts opponent to sleep.,none
Sleep Talk,Normal,status,none,none,10,none,User performs one of its own moves while sleeping.,none
Sludge,Poison,special,65,100,20,none,May poison opponent.,30
Sludge Bomb,Poison,special,90,100,10,none,May poison opponent.,30
Sludge Wave,Poison,special,95,100,10,none,May poison opponent.,10
Smack Down,Rock,physical,50,100,15,none,Makes Flying-type Pokémon vulnerable to Ground moves.,100
Smart Strike,Steel,physical,70,none,10,TM96,The user stabs the target with a sharp horn. This attack never misses.,none
Smelling Salts,Normal,physical,70,100,10,none,"Power doubles if opponent is paralyzed, but cures it.",none
Smog,Poison,special,30,70,20,none,May poison opponent.,40
Smokescreen,Normal,status,none,100,20,none,Lowers opponent's Accuracy.,none
Snap Trap,Grass,physical,35,100,15,none,"Traps opponent, damaging them for 4-5 turns.",100
Snarl,Dark,special,55,95,15,TM85,Lowers opponent's Special Attack.,100
Snatch,Dark,status,none,none,10,none,Steals the effects of the opponent's next move.,none
Snipe Shot,Water,special,80,100,15,none,Ignores moves and abilities that draw in moves. High critical hit ratio.,none
Snore,Normal,special,50,100,15,TM24,Can only be used if asleep. May cause flinching.,30
Soak,Water,status,none,100,20,none,Changes the target's type to water.,none
Soft-Boiled,Normal,status,none,none,10,none,User recovers half its max HP.,none
Solar Beam,Grass,special,120,100,10,TM11,"Charges on first turn, attacks on second.",none
Solar Blade,Grass,physical,125,100,10,TM12,"Charges on first turn, attacks on second.",none
Sonic Boom,Normal,special,none,90,20,none,Always inflicts 20 HP.,none
Soul-Stealing 7-Star Strike,Ghost,physical,195,none,1,none,Marshadow-exclusive Z-Move.,none
Spacial Rend,Dragon,special,100,95,5,none,High critical hit ratio.,none
Spark,Electric,physical,65,100,20,none,May paralyze opponent.,30
Sparkling Aria,Water,special,90,100,10,none,Heals the burns of its target.,none
Sparkly Swirl,Fairy,special,90,100,15,none,Cures all status problems in the party Pokémon.,none
Spectral Thief,Ghost,physical,90,100,10,none,"The user hides in the target's shadow, steals the target's stat boosts, and then attacks.",none
Speed Swap,Psychic,status,none,none,10,TM62,The user exchanges Speed stats with the target.,none
Spider Web,Bug,status,none,none,10,none,Opponent cannot escape/switch.,none
Spike Cannon,Normal,physical,20,100,15,none,Hits 2-5 times in one turn.,none
Spikes,Ground,status,none,none,20,none,Hurts opponents when they switch into battle.,none
Spiky Shield,Grass,status,none,none,10,none,Protects the user and inflicts damage on contact.,none
Spirit Break,Fairy,physical,75,100,15,none,Lowers opponent's Special Attack.,100
Spirit Shackle,Ghost,physical,80,100,10,none,Prevents the opponent from switching out.,none
Spit Up,Normal,special,none,100,10,none,Power depends on how many times the user performed Stockpile.,none
Spite,Ghost,status,none,100,10,none,The opponent's last move loses 2-5 PP.,none
Splash,Normal,status,none,none,40,none,Doesn't do ANYTHING.,none
Splintered Stormshards,Rock,physical,190,none,1,none,Lycanroc-exclusive Z-Move.,none
Splishy Splash,Water,special,90,100,15,none,May paralyze opponent.,30
Spore,Grass,status,none,100,15,none,Puts opponent to sleep.,none
Spotlight,Normal,status,none,none,15,none,The user shines a spotlight on the target so that only the target will be attacked during the turn.,none
Stealth Rock,Rock,status,none,none,20,none,Damages opponent switching into battle.,none
Steam Eruption,Water,special,110,95,5,none,May burn opponent.,30
Steamroller,Bug,physical,65,100,20,none,May cause flinching.,30
Steel Beam,Steel,special,140,95,5,none,User loses 50% of its HP.,none
Steel Roller,Steel,physical,130,100,5,none,Fails if no Terrain in effect.,none
Steel Wing,Steel,physical,70,90,25,TM30,May raise user's Defense.,10
Sticky Web,Bug,status,none,none,20,none,Lowers opponent's Speed when switching into battle.,none
Stockpile,Normal,status,none,none,20,none,Stores energy for use with Spit Up and Swallow.,none
Stoked Sparksurfer,Electric,special,175,none,1,none,Alolan Raichu-exclusive Electric type Z-Move.,100
Stomp,Normal,physical,65,100,20,none,May cause flinching.,30
Stomping Tantrum,Ground,physical,75,100,10,TM98,"Driven by frustration, the user attacks the target. If the user's previous move has failed, the power of this move doubles.",none
Stone Edge,Rock,physical,100,80,5,none,High critical hit ratio.,none
Stored Power,Psychic,special,20,100,10,none,Power increases when user's stats have been raised.,none
Storm Throw,Fighting,physical,60,100,10,none,Always results in a critical hit.,100
Strange Steam,Fairy,special,90,95,10,none,May confuse opponent.,20
Strength,Normal,physical,80,100,15,none,none,none
Strength Sap,Grass,status,none,100,10,none,The user restores its HP by the same amount as the target's Attack stat. It also lowers the target's Attack stat.,100
String Shot,Bug,status,none,95,40,none,Sharply lowers opponent's Speed.,none
Struggle,Normal,physical,50,none,none,none,Only usable when all PP are gone. Hurts the user.,none
Struggle Bug,Bug,special,50,100,20,none,Lowers opponent's Special Attack.,100
Stuff Cheeks,Normal,status,none,none,10,none,"The user eats its held Berry, then sharply raises its Defense stat.",100
Stun Spore,Grass,status,none,75,30,none,Paralyzes opponent.,none
Submission,Fighting,physical,80,80,20,none,User receives recoil damage.,none
Substitute,Normal,status,none,none,10,none,Uses HP to creates a decoy that takes hits.,none
Subzero Slammer,Ice,none,none,none,1,none,Ice type Z-Move.,none
Sucker Punch,Dark,physical,70,100,5,none,"User attacks first, but only works if opponent is readying an attack.",none
Sunny Day,Fire,status,none,none,5,TM34,Makes it sunny for 5 turns.,none
Sunsteel Strike,Steel,physical,100,100,5,none,Ignores the target's ability.,none
Super Fang,Normal,physical,none,90,10,none,Always takes off half of the opponent's HP.,none
Superpower,Fighting,physical,120,100,5,none,Lowers user's Attack and Defense.,100
Supersonic,Normal,status,none,55,20,none,Confuses opponent.,none
Supersonic Skystrike,Flying,none,none,none,1,none,Flying type Z-Move.,none
Surf,Water,special,90,100,15,none,Hits all adjacent Pokémon.,none
Surging Strikes,Water,physical,25,100,5,none,Always results in a critical hit and ignores stat changes.,none
Swagger,Normal,status,none,85,15,none,"Opponent becomes confused, but its Attack is sharply raised.",none
Swallow,Normal,status,none,none,10,none,"The more times the user has performed Stockpile, the more HP is recovered.",none
Sweet Kiss,Fairy,status,none,75,10,none,Confuses opponent.,none
Sweet Scent,Normal,status,none,100,20,none,Lowers opponent's Evasiveness.,none
Swift,Normal,special,60,∞,20,TM40,Ignores Accuracy and Evasiveness.,none
Switcheroo,Dark,status,none,100,10,none,Swaps held items with the opponent.,none
Swords Dance,Normal,status,none,none,20,none,Sharply raises user's Attack.,none
Synchronoise,Psychic,special,120,100,10,none,Hits any Pokémon that shares a type with the user.,none
Synthesis,Grass,status,none,none,5,none,User recovers HP. Amount varies with the weather.,none
Tackle,Normal,physical,40,100,35,none,none,none
Tail Glow,Bug,status,none,none,20,none,Drastically raises user's Special Attack.,none
Tail Slap,Normal,physical,25,85,10,TM84,Hits 2-5 times in one turn.,none
Tail Whip,Normal,status,none,100,30,none,Lowers opponent's Defense.,none
Tailwind,Flying,status,none,none,15,none,Doubles Speed for 4 turns.,none
Take Down,Normal,physical,90,85,20,none,User receives recoil damage.,none
Tar Shot,Rock,status,none,100,15,none,Lowers the opponent's Speed and makes them weaker to Fire-type moves.,100
Taunt,Dark,status,none,100,20,none,Opponent can only use moves that attack.,none
Tearful Look,Normal,status,none,none,20,none,The user gets teary eyed to make the target lose its combative spirit. This lowers the target's Attack and Sp. Atk stats.,100
Teatime,Normal,status,none,none,10,none,Forces all Pokémon on the field to eat their berries.,none
Techno Blast,Normal,special,120,100,5,none,Type depends on the Drive being held.,none
Tectonic Rage,Ground,none,none,none,1,none,Ground type Z-Move.,none
Teeter Dance,Normal,status,none,100,20,none,Confuses all Pokémon.,none
Telekinesis,Psychic,status,none,none,15,none,"Ignores opponent's Evasiveness for three turns, add Ground immunity.",none
Teleport,Psychic,status,none,none,20,none,Allows user to flee wild battles; also warps player to last PokéCenter.,none
Terrain Pulse,Normal,special,50,100,10,none,Type and power change depending on the Terrain in effect.,none
Thief,Dark,physical,60,100,25,TM23,Also steals opponent's held item.,none
Thousand Arrows,Ground,physical,90,100,10,none,Makes Flying-type Pokémon vulnerable to Ground moves.,none
Thousand Waves,Ground,physical,90,100,10,none,Opponent cannot flee or switch.,none
Thrash,Normal,physical,120,100,10,none,User attacks for 2-3 turns but then becomes confused.,none
Throat Chop,Dark,physical,80,100,15,none,Prevents use of sound moves for two turns.,100
Thunder,Electric,special,110,70,10,none,May paralyze opponent.,30
Thunder Cage,Electric,special,80,90,15,none,"Deals damage and traps opponent, damaging them for 4-5 turns.",none
Thunder Fang,Electric,physical,65,95,15,TM66,May cause flinching and/or paralyze opponent.,10
Thunder Punch,Electric,physical,75,100,15,TM05,May paralyze opponent.,10
Thunder Shock,Electric,special,40,100,30,none,May paralyze opponent.,10
Thunder Wave,Electric,status,none,90,20,TM14,Paralyzes opponent.,none
Thunderbolt,Electric,special,90,100,15,none,May paralyze opponent.,10
Thunderous Kick,Fighting,physical,90,100,10,none,Lowers opponent's Defense.,100
Tickle,Normal,status,none,100,20,none,Lowers opponent's Attack and Defense.,none
Topsy-Turvy,Dark,status,none,none,20,none,Reverses stat changes of opponent.,none
Torment,Dark,status,none,100,15,none,Opponent cannot use the same move in a row.,none
Toxic,Poison,status,none,90,10,none,Badly poisons opponent.,none
Toxic Spikes,Poison,status,none,none,20,none,Poisons opponents when they switch into battle.,none
Toxic Thread,Poison,status,none,100,20,none,Lowers target's Speed.,100
Transform,Normal,status,none,none,10,none,User takes on the form and attacks of the opponent.,none
Tri Attack,Normal,special,80,100,10,none,"May paralyze, burn or freeze opponent.",20
Trick,Psychic,status,none,100,10,none,Swaps held items with the opponent.,none
Trick Room,Psychic,status,none,none,5,TM70,Slower Pokémon move first in the turn for 5 turns.,none
Trick-or-Treat,Ghost,status,none,100,20,none,Adds Ghost type to opponent.,none
Triple Axel,Ice,physical,20,90,10,none,Attacks thrice with more power each time.,none
Triple Kick,Fighting,physical,10,90,10,none,Hits thrice in one turn at increasing power.,none
Trop Kick,Grass,physical,70,100,15,none,Lowers opponent's Attack.,100
Trump Card,Normal,special,none,∞,5,none,"The lower the PP, the higher the power.",none
Twineedle,Bug,physical,25,100,20,none,Hits twice in one turn. May poison opponent.,20
Twinkle Tackle,Fairy,none,none,none,1,none,Fairy type Z-Move.,none
Twister,Dragon,special,40,100,20,none,May cause flinching. Hits Pokémon using Fly/Bounce with double power.,20
U-turn,Bug,physical,70,100,20,TM56,User switches out immediately after attacking.,none
Uproar,Normal,special,90,100,10,none,User attacks for 3 turns and prevents sleep.,none
V-create,Fire,physical,180,95,5,none,"Lowers user's Defense, Special Defense and Speed.",100
Vacuum Wave,Fighting,special,40,100,30,none,User attacks first.,none
Veevee Volley,Normal,physical,none,∞,20,none,Power increases when player's bond is stronger.,none
Venom Drench,Poison,status,none,100,20,none,Lowers poisoned opponent's Special Attack and Speed.,100
Venoshock,Poison,special,65,100,10,TM74,Inflicts double damage if the target is poisoned.,none
Vine Whip,Grass,physical,45,100,25,none,none,none
Vise Grip,Normal,physical,55,100,30,none,none,none
Vital Throw,Fighting,physical,70,∞,10,none,"User attacks last, but ignores Accuracy and Evasiveness.",none
Volt Switch,Electric,special,70,100,20,TM80,User must switch out after attacking.,none
Volt Tackle,Electric,physical,120,100,15,none,User receives recoil damage. May paralyze opponent.,10
Wake-Up Slap,Fighting,physical,70,100,10,none,"Power doubles if opponent is asleep, but wakes it up.",none
Water Gun,Water,special,40,100,25,none,none,none
Water Pledge,Water,special,80,100,10,none,Added effects appear if preceded by Fire Pledge or succeeded by Grass Pledge.,none
Water Pulse,Water,special,60,100,20,none,May confuse opponent.,20
Water Shuriken,Water,special,15,100,20,none,Hits 2-5 times in one turn.,none
Water Sport,Water,status,none,none,15,none,Weakens the power of Fire-type moves.,none
Water Spout,Water,special,150,100,5,none,"The higher the user's HP, the higher the damage caused.",none
Waterfall,Water,physical,80,100,15,none,May cause flinching.,20
Weather Ball,Normal,special,50,100,10,TM46,Move's power and type changes with the weather.,none
Whirlpool,Water,special,35,85,15,TM36,"Traps opponent, damaging them for 4-5 turns.",100
Whirlwind,Normal,status,none,none,20,none,"In battles, the opponent switches. In the wild, the Pokémon runs.",none
Wicked Blow,Dark,physical,80,100,5,none,Always results in a critical hit and ignores stat changes.,none
Wide Guard,Rock,status,none,none,10,none,Protects the user's team from multi-target attacks.,none
Wild Charge,Electric,physical,90,100,15,none,User receives recoil damage.,none
Will-O-Wisp,Fire,status,none,85,15,TM38,Burns opponent.,none
Wing Attack,Flying,physical,60,100,35,none,none,none
Wish,Normal,status,none,none,10,none,The user recovers HP in the following turn.,none
Withdraw,Water,status,none,none,40,none,Raises user's Defense.,none
Wonder Room,Psychic,status,none,none,10,TM71,Swaps every Pokémon's Defense and Special Defense for 5 turns.,none
Wood Hammer,Grass,physical,120,100,15,none,User receives recoil damage.,none
Work Up,Normal,status,none,none,30,none,Raises user's Attack and Special Attack.,none
Worry Seed,Grass,status,none,100,10,none,Changes the opponent's Ability to Insomnia.,none
Wrap,Normal,physical,15,90,20,none,"Traps opponent, damaging them for 4-5 turns.",100
Wring Out,Normal,special,none,100,5,none,"The higher the opponent's HP, the higher the damage.",none
X-Scissor,Bug,physical,80,100,15,none,none,none
Yawn,Normal,status,none,none,10,none,Puts opponent to sleep in the next turn.,none
Zap Cannon,Electric,special,120,50,5,none,Paralyzes opponent.,100
Zen Headbutt,Psychic,physical,80,90,15,none,May cause flinching.,20
Zing Zap,Electric,physical,80,100,10,none,May cause flinching.,30
Zippy Zap,Electric,physical,50,100,15,none,Always results in a critical hit.,100
