Dex,Name,Type,Abilities,HP,A,D,SA,SD,SP,Strong Against,Weak Against,Resistant To,Vulnerable To,base stat total,base stat avg,moves
#150,Mewtwo,['psychic'],"['Pressure', 'Unnerve']",106,110,90,154,90,130,"['fighting', 'poison']","['steel', 'dark', 'psychic']","['fighting', 'psychic']","['bug', 'ghost', 'dark']",680,113,"['Confusion', 'Disable', 'Laser Focus', 'Life Dew', 'Swift', 'Ancient Power', 'Psycho Cut', 'Safeguard', 'Amnesia', 'Aura Sphere', 'Psychic', 'Guard Swap', 'Power Swap', 'Mist', 'Psystrike', 'Recover', 'Future Sight', 'Expanding Force', 'Mega Punch', 'Mega Kick', 'Pay Day', 'Fire Punch', 'Ice Punch', 'Thunder Punch', 'Hyper Beam', 'Giga Impact', 'Solar Beam', 'Thunder Wave', 'Light Screen', 'Reflect', 'Self-Destruct', 'Rest', 'Rock Slide', 'Snore', 'Protect', 'Icy Wind', 'Sandstorm', 'Rain Dance', 'Sunny Day', 'Hail', 'Will-O-Wisp', 'Facade', 'Brick Break', 'Dive', 'Rock Tomb', 'Fling', 'Speed Swap', 'Drain Punch', 'Avalanche', 'Trick Room', 'Wonder Room', 'Magic Room', 'Low Sweep', 'Round', 'Bulldoze', 'Psychic Terrain', 'Brutal Swing', 'Body Slam', 'Flamethrower', 'Ice Beam', 'Blizzard', 'Low Kick', 'Thunderbolt', 'Thunder', 'Earthquake', 'Agility', 'Metronome', 'Fire Blast', 'Tri Attack', 'Substitute', 'Psyshock', 'Endure', 'Sleep Talk', 'Iron Tail', 'Shadow Ball', 'Taunt', 'Trick', 'Skill Swap', 'Bulk Up', 'Calm Mind', 'Poison Jab', 'Focus Blast', 'Energy Ball', 'Nasty Plot', 'Zen Headbutt', 'Stone Edge', 'Grass Knot', 'Electro Ball', 'Foul Play', 'Stored Power', 'Ally Switch', 'Hurricane', 'Confuse Ray', 'Psywave', 'Teleport', 'Psybeam', 'Barrier', 'Headbutt', 'Seismic Toss', 'Toxic', 'Dream Eater']"
#243,Raikou,['electric'],"['Pressure', 'Inner Focus']",90,85,75,115,100,115,"['flying', 'water']","['ground', 'grass', 'electric', 'dragon']","['flying', 'steel', 'electric']",['ground'],580,96,"['Charge', 'Extreme Speed', 'Leer', 'Quick Attack', 'Thunder Shock', 'Spark', 'Bite', 'Calm Mind', 'Roar', 'Thunder Fang', 'Howl', 'Crunch', 'Extrasensory', 'Discharge', 'Reflect', 'Rain Dance', 'Thunder', 'Zap Cannon', 'Rising Voltage', 'Hyper Beam', 'Giga Impact', 'Thunder Wave', 'Dig', 'Light Screen', 'Rest', 'Snore', 'Protect', 'Sandstorm', 'Sunny Day', 'Facade', 'Swift', 'Helping Hand', 'Weather Ball', 'Round', 'Volt Switch', 'Bulldoze', 'Snarl', 'Electric Terrain', 'Eerie Impulse', 'Body Slam', 'Thunderbolt', 'Agility', 'Substitute', 'Endure', 'Sleep Talk', 'Iron Tail', 'Shadow Ball', 'Aura Sphere', 'Iron Head', 'Scald', 'Wild Charge', 'Throat Chop', 'Laser Focus', 'Magnet Rise', 'Shock Wave', 'Signal Beam', 'Toxic', 'Hidden Power', 'Frustration', 'Return', 'Double Team', 'Charge Beam', 'Quash', 'Psych Up', 'Swagger', 'Confide', 'Curse', 'Detect', 'Double-Edge', 'Mimic', 'Natural Gift', 'Headbutt', 'Mud-Slap', 'Flash', 'Rock Smash', 'Secret Power', 'Cut', 'Strength']"
#244,Entei,['fire'],"['Pressure', 'Inner Focus']",115,115,85,90,75,100,"['bug', 'steel', 'grass', 'ice']","['rock', 'fire', 'water', 'dragon']","['bug', 'steel', 'fire', 'grass', 'ice']","['ground', 'rock', 'water']",580,96,"['Ember', 'Extreme Speed', 'Leer', 'Sacred Fire', 'Smokescreen', 'Stomp', 'Flame Wheel', 'Bite', 'Calm Mind', 'Roar', 'Fire Fang', 'Scary Face', 'Crunch', 'Extrasensory', 'Lava Plume', 'Swagger', 'Sunny Day', 'Fire Blast', 'Eruption', 'Scorching Sands', 'Hyper Beam', 'Giga Impact', 'Solar Beam', 'Fire Spin', 'Dig', 'Reflect', 'Rest', 'Snore', 'Protect', 'Sandstorm', 'Rain Dance', 'Will-O-Wisp', 'Facade', 'Swift', 'Helping Hand', 'Weather Ball', 'Round', 'Bulldoze', 'Snarl', 'Stomping Tantrum', 'Body Slam', 'Flamethrower', 'Agility', 'Substitute', 'Reversal', 'Endure', 'Sleep Talk', 'Iron Tail', 'Shadow Ball', 'Heat Wave', 'Overheat', 'Flare Blitz', 'Iron Head', 'Stone Edge', 'Laser Focus', 'Toxic', 'Hidden Power', 'Frustration', 'Return', 'Double Team', 'Flame Charge', 'Quash', 'Psych Up', 'Confide', 'Curse', 'Detect', 'Double-Edge', 'Mimic', 'Natural Gift', 'Headbutt', 'Mud-Slap', 'Crush Claw', 'Howl', 'Flash', 'Incinerate', 'Rock Smash', 'Secret Power', 'Cut', 'Strength']"
#245,Suicune,['water'],"['Pressure', 'Inner Focus']",100,75,115,90,115,85,"['ground', 'rock', 'fire']","['water', 'grass', 'dragon']","['steel', 'fire', 'water', 'ice']","['grass', 'electric']",580,96,"['Extreme Speed', 'Gust', 'Leer', 'Mist', 'Sheer Cold', 'Water Gun', 'Water Pulse', 'Bite', 'Calm Mind', 'Roar', 'Ice Fang', 'Tailwind', 'Crunch', 'Extrasensory', 'Surf', 'Mirror Coat', 'Rain Dance', 'Hydro Pump', 'Blizzard', 'Hyper Beam', 'Giga Impact', 'Dig', 'Reflect', 'Rest', 'Snore', 'Protect', 'Icy Wind', 'Sandstorm', 'Sunny Day', 'Hail', 'Whirlpool', 'Facade', 'Swift', 'Helping Hand', 'Dive', 'Weather Ball', 'Brine', 'Avalanche', 'Round', 'Bulldoze', 'Snarl', 'Air Slash', 'Body Slam', 'Ice Beam', 'Agility', 'Waterfall', 'Substitute', 'Endure', 'Sleep Talk', 'Iron Tail', 'Shadow Ball', 'Iron Head', 'Scald', 'Liquidation', 'Bubble Beam', 'Aurora Beam', 'Laser Focus', 'Signal Beam', 'Toxic', 'Hidden Power', 'Frustration', 'Return', 'Double Team', 'Quash', 'Psych Up', 'Swagger', 'Confide', 'Curse', 'Detect', 'Double-Edge', 'Mimic', 'Natural Gift', 'Headbutt', 'Mud-Slap', 'Ominous Wind', 'Aqua Ring', 'Rock Smash', 'Secret Power', 'Cut']"
#249,Lugia,"['psychic', 'flying']","['Pressure', 'Multiscale']",106,90,130,90,154,110,"['fighting', 'poison', 'bug', 'grass']","['steel', 'dark', 'psychic', 'rock', 'electric']","['fighting', 'psychic', 'ground', 'grass']","['ghost', 'dark', 'rock', 'electric', 'ice']",680,113,"['Ancient Power', 'Dragon Rush', 'Gust', 'Weather Ball', 'Whirlwind', 'Mist', 'Safeguard', 'Calm Mind', 'Extrasensory', 'Recover', 'Aeroblast', 'Rain Dance', 'Hydro Pump', 'Future Sight', 'Sky Attack', 'Dual Wingbeat', 'Scale Shot', 'Fly', 'Hyper Beam', 'Giga Impact', 'Thunder Wave', 'Light Screen', 'Reflect', 'Rest', 'Snore', 'Protect', 'Icy Wind', 'Giga Drain', 'Steel Wing', 'Sandstorm', 'Sunny Day', 'Hail', 'Whirlpool', 'Facade', 'Swift', 'Helping Hand', 'Imprison', 'Dive', 'Brine', 'Avalanche', 'Wonder Room', 'Round', 'Bulldoze', 'Air Slash', 'Body Slam', 'Surf', 'Ice Beam', 'Blizzard', 'Thunderbolt', 'Thunder', 'Earthquake', 'Psychic', 'Waterfall', 'Substitute', 'Psyshock', 'Endure', 'Sleep Talk', 'Iron Tail', 'Shadow Ball', 'Trick', 'Skill Swap', 'Hyper Voice', 'Dragon Pulse', 'Earth Power', 'Zen Headbutt', 'Iron Head', 'Hurricane', 'Punishment', 'Natural Gift', 'Aqua Tail', 'Defog', 'Laser Focus', 'Shock Wave', 'Signal Beam', 'Tailwind', 'Telekinesis', 'Water Pulse', 'Roar', 'Toxic', 'Hidden Power', 'Roost', 'Frustration', 'Return', 'Double Team', 'Aerial Ace', 'Echoed Voice', 'Charge Beam', 'Sky Drop', 'Psych Up', 'Dragon Tail', 'Dream Eater', 'Swagger', 'Confide', 'Curse', 'Detect', 'Dragon Breath', 'Nightmare', 'Zap Cannon', 'Double-Edge', 'Mimic', 'Air Cutter', 'Headbutt', 'Mud-Slap', 'Ominous Wind', 'Twister', 'Flash', 'Rock Smash', 'Secret Power', 'Strength']"
#250,Ho-Oh,"['fire', 'flying']","['Pressure', 'Regenerator']",106,130,90,110,154,90,"['bug', 'grass', 'ice', 'fighting']","['rock', 'fire', 'water', 'dragon', 'electric']","['bug', 'steel', 'fire', 'grass', 'fighting']","['rock', 'water', 'electric']",680,113,"['Ancient Power', 'Gust', 'Weather Ball', 'Whirlwind', 'Life Dew', 'Safeguard', 'Calm Mind', 'Extrasensory', 'Recover', 'Sacred Fire', 'Sunny Day', 'Fire Blast', 'Future Sight', 'Sky Attack', 'Burn Up', 'Dual Wingbeat', 'Scorching Sands', 'Fly', 'Hyper Beam', 'Giga Impact', 'Solar Beam', 'Fire Spin', 'Thunder Wave', 'Light Screen', 'Reflect', 'Rest', 'Snore', 'Protect', 'Giga Drain', 'Steel Wing', 'Sandstorm', 'Rain Dance', 'Will-O-Wisp', 'Facade', 'Swift', 'Helping Hand', 'Imprison', 'Round', 'Bulldoze', 'Mystical Fire', 'Air Slash', 'Flamethrower', 'Thunderbolt', 'Thunder', 'Earthquake', 'Psychic', 'Substitute', 'Endure', 'Sleep Talk', 'Shadow Ball', 'Heat Wave', 'Hyper Voice', 'Overheat', 'Flare Blitz', 'Brave Bird', 'Earth Power', 'Zen Headbutt', 'Iron Head', 'Punishment', 'Natural Gift', 'Defog', 'Laser Focus', 'Shock Wave', 'Signal Beam', 'Tailwind', 'Roar', 'Toxic', 'Hidden Power', 'Roost', 'Frustration', 'Return', 'Double Team', 'Aerial Ace', 'Flame Charge', 'Echoed Voice', 'Charge Beam', 'Sky Drop', 'Psych Up', 'Dream Eater', 'Swagger', 'Confide', 'Curse', 'Detect', 'Dragon Breath', 'Nightmare', 'Zap Cannon', 'Double-Edge', 'Mimic', 'Air Cutter', 'Mud-Slap', 'Ominous Wind', 'Twister', 'Pluck', 'Flash', 'Incinerate', 'Rock Smash', 'Secret Power', 'Strength']"
#252,Treecko,['grass'],"['Overgrow', 'Unburden']",40,45,35,65,55,70,"['ground', 'rock', 'water']","['flying', 'poison', 'bug', 'steel', 'fire', 'grass', 'dragon']","['ground', 'water', 'grass', 'electric']","['flying', 'poison', 'bug', 'fire', 'ice']",310,51,"['Leer', 'Pound', 'Leafage', 'Quick Attack', 'Mega Drain', 'Detect', 'Quick Guard', 'Assurance', 'Giga Drain', 'Slam', 'Double Team', 'Energy Ball', 'Screech', 'Endeavor', 'Leaf Storm', 'Absorb', 'Double Kick', 'Dragon Breath', 'Leech Seed', 'Night Slash', 'Slash', 'Synthesis', 'Worry Seed', 'Grassy Glide', 'Mega Punch', 'Mega Kick', 'Thunder Punch', 'Magical Leaf', 'Solar Beam', 'Dig', 'Safeguard', 'Rest', 'Rock Slide', 'Snore', 'Protect', 'Attract', 'Sunny Day', 'Facade', 'Swift', 'Brick Break', 'Rock Tomb', 'Bullet Seed', 'Fling', 'Drain Punch', 'Round', 'Acrobatics', 'Grassy Terrain', 'Swords Dance', 'Body Slam', 'Low Kick', 'Agility', 'Substitute', 'Endure', 'Sleep Talk', 'Iron Tail', 'Crunch', 'Seed Bomb', 'Grass Knot', 'Work Up', 'Pursuit', 'Crush Claw', 'Grass Whistle', 'Mud Sport', 'Natural Gift', 'Razor Wind', 'Focus Punch', 'Grass Pledge', 'Toxic', 'Hidden Power', 'Frustration', 'Return', 'Aerial Ace', 'Swagger', 'Nature Power', 'Confide', 'Counter', 'Double-Edge', 'Dynamic Punch', 'Mimic', 'Seismic Toss', 'Captivate', 'Fury Cutter', 'Headbutt', 'Mud-Slap', 'Flash', 'Power-Up Punch', 'Rock Smash', 'Secret Power', 'Cut', 'Strength']"
#253,Grovyle,['grass'],"['Overgrow', 'Unburden']",50,65,45,85,65,95,"['ground', 'rock', 'water']","['flying', 'poison', 'bug', 'steel', 'fire', 'grass', 'dragon']","['ground', 'water', 'grass', 'electric']","['flying', 'poison', 'bug', 'fire', 'ice']",405,67,"['Energy Ball', 'False Swipe', 'Fury Cutter', 'Leafage', 'Leer', 'Pound', 'Quick Attack', 'X-Scissor', 'Mega Drain', 'Detect', 'Quick Guard', 'Assurance', 'Giga Drain', 'Slam', 'Double Team', 'Leaf Blade', 'Screech', 'Endeavor', 'Leaf Storm', 'Grassy Glide', 'Mega Punch', 'Mega Kick', 'Thunder Punch', 'Magical Leaf', 'Solar Beam', 'Solar Blade', 'Dig', 'Safeguard', 'Rest', 'Rock Slide', 'Snore', 'Protect', 'Attract', 'Sunny Day', 'Facade', 'Swift', 'Brick Break', 'Rock Tomb', 'Bullet Seed', 'Fling', 'Drain Punch', 'Low Sweep', 'Round', 'Acrobatics', 'Grassy Terrain', 'Swords Dance', 'Body Slam', 'Low Kick', 'Agility', 'Substitute', 'Endure', 'Sleep Talk', 'Iron Tail', 'Crunch', 'Seed Bomb', 'Grass Knot', 'Work Up', 'Absorb', 'Pursuit', 'Crush Claw', 'Double Kick', 'Dragon Breath', 'Grass Whistle', 'Leech Seed', 'Mud Sport', 'Natural Gift', 'Razor Wind', 'Synthesis', 'Worry Seed', 'Focus Punch', 'Grass Pledge', 'Toxic', 'Hidden Power', 'Frustration', 'Return', 'Aerial Ace', 'Swagger', 'Nature Power', 'Confide', 'Counter', 'Double-Edge', 'Dynamic Punch', 'Mimic', 'Seismic Toss', 'Captivate', 'Headbutt', 'Mud-Slap', 'Flash', 'Power-Up Punch', 'Rock Smash', 'Secret Power', 'Cut', 'Strength']"
#254,Sceptile,['grass'],"['Overgrow', 'Unburden']",70,85,65,105,85,120,"['ground', 'rock', 'water']","['flying', 'poison', 'bug', 'steel', 'fire', 'grass', 'dragon']","['ground', 'water', 'grass', 'electric']","['flying', 'poison', 'bug', 'fire', 'ice']",530,88,"['Dual Chop', 'Energy Ball', 'False Swipe', 'Fury Cutter', 'Leafage', 'Leer', 'Pound', 'Quick Attack', 'X-Scissor', 'Mega Drain', 'Detect', 'Quick Guard', 'Assurance', 'Giga Drain', 'Slam', 'Double Team', 'Leaf Blade', 'Screech', 'Endeavor', 'Leaf Storm', 'Grassy Glide', 'Scale Shot', 'Mega Punch', 'Mega Kick', 'Thunder Punch', 'Hyper Beam', 'Giga Impact', 'Magical Leaf', 'Solar Beam', 'Solar Blade', 'Dig', 'Safeguard', 'Rest', 'Rock Slide', 'Snore', 'Protect', 'Attract', 'Sunny Day', 'Facade', 'Swift', 'Brick Break', 'Rock Tomb', 'Bullet Seed', 'Fling', 'Drain Punch', 'Cross Poison', 'Low Sweep', 'Round', 'Acrobatics', 'Bulldoze', 'Grassy Terrain', 'Brutal Swing', 'Breaking Swipe', 'Swords Dance', 'Body Slam', 'Low Kick', 'Earthquake', 'Agility', 'Substitute', 'Outrage', 'Endure', 'Sleep Talk', 'Iron Tail', 'Crunch', 'Dragon Claw', 'Dragon Dance', 'Seed Bomb', 'Dragon Pulse', 'Focus Blast', 'Grass Knot', 'Work Up', 'Throat Chop', 'Absorb', 'Night Slash', 'Pursuit', 'Crush Claw', 'Double Kick', 'Dragon Breath', 'Grass Whistle', 'Leech Seed', 'Mud Sport', 'Natural Gift', 'Razor Wind', 'Synthesis', 'Worry Seed', 'Focus Punch', 'Frenzy Plant', 'Grass Pledge', 'Laser Focus', 'Roar', 'Toxic', 'Hidden Power', 'Frustration', 'Return', 'Aerial Ace', 'Swagger', 'Nature Power', 'Confide', 'Counter', 'Double-Edge', 'Dynamic Punch', 'Mimic', 'Seismic Toss', 'Captivate', 'Headbutt', 'Mud-Slap', 'Flash', 'Hone Claws', 'Power-Up Punch', 'Rock Smash', 'Secret Power', 'Cut', 'Strength']"
#255,Torchic,['fire'],"['Blaze', 'Speed Boost']",45,60,40,70,50,45,"['bug', 'steel', 'grass', 'ice']","['rock', 'fire', 'water', 'dragon']","['bug', 'steel', 'fire', 'grass', 'ice']","['ground', 'rock', 'water']",310,51,"['Growl', 'Scratch', 'Ember', 'Quick Attack', 'Flame Charge', 'Detect', 'Sand Attack', 'Aerial Ace', 'Slash', 'Bounce', 'Focus Energy', 'Flamethrower', 'Feather Dance', 'Reversal', 'Flare Blitz', 'Counter', 'Crush Claw', 'Curse', 'Feint', 'Last Resort', 'Night Slash', 'Peck', 'Mega Punch', 'Mega Kick', 'Fire Spin', 'Dig', 'Rest', 'Rock Slide', 'Snore', 'Protect', 'Attract', 'Sunny Day', 'Will-O-Wisp', 'Facade', 'Helping Hand', 'Rock Tomb', 'Assurance', 'Shadow Claw', 'Round', 'Swords Dance', 'Body Slam', 'Low Kick', 'Agility', 'Fire Blast', 'Substitute', 'Endure', 'Sleep Talk', 'Baton Pass', 'Heat Wave', 'Overheat', 'Work Up', 'Flame Burst', 'Mirror Move', 'Smelling Salts', 'Defog', 'Fire Pledge', 'Toxic', 'Hidden Power', 'Frustration', 'Return', 'Double Team', 'Echoed Voice', 'Swagger', 'Confide', 'Double-Edge', 'Mimic', 'Seismic Toss', 'Captivate', 'Natural Gift', 'Headbutt', 'Mud-Slap', 'Swift', 'Hone Claws', 'Incinerate', 'Rock Smash', 'Secret Power', 'Cut', 'Strength']"
#256,Combusken,"['fire', 'fighting']","['Blaze', 'Speed Boost']",60,85,60,85,60,55,"['steel', 'grass', 'ice', 'normal', 'dark']","['fire', 'water', 'dragon', 'flying', 'poison', 'psychic', 'ghost', 'fairy']","['bug', 'steel', 'fire', 'grass', 'ice', 'ghost']","['ground', 'water', 'flying', 'psychic', 'fairy']",405,67,"['Double Kick', 'Ember', 'Feather Dance', 'Flamethrower', 'Growl', 'Quick Attack', 'Scratch', 'Flame Charge', 'Detect', 'Sand Attack', 'Aerial Ace', 'Slash', 'Bounce', 'Focus Energy', 'Blaze Kick', 'Bulk Up', 'Reversal', 'Flare Blitz', 'Coaching', 'Mega Punch', 'Mega Kick', 'Fire Punch', 'Thunder Punch', 'Fire Spin', 'Dig', 'Rest', 'Rock Slide', 'Snore', 'Protect', 'Attract', 'Sunny Day', 'Will-O-Wisp', 'Facade', 'Swift', 'Helping Hand', 'Revenge', 'Brick Break', 'Rock Tomb', 'Assurance', 'Fling', 'Shadow Claw', 'Low Sweep', 'Round', 'Swords Dance', 'Body Slam', 'Low Kick', 'Agility', 'Fire Blast', 'Substitute', 'Endure', 'Sleep Talk', 'Baton Pass', 'Heat Wave', 'Overheat', 'Poison Jab', 'Focus Blast', 'Work Up', 'Peck', 'Mirror Move', 'Sky Uppercut', 'Counter', 'Crush Claw', 'Curse', 'Feint', 'Flame Burst', 'Last Resort', 'Night Slash', 'Smelling Salts', 'Defog', 'Dual Chop', 'Fire Pledge', 'Focus Punch', 'Toxic', 'Hidden Power', 'Frustration', 'Return', 'Double Team', 'Echoed Voice', 'Swagger', 'Confide', 'Double-Edge', 'Dynamic Punch', 'Mimic', 'Seismic Toss', 'Captivate', 'Natural Gift', 'Fury Cutter', 'Headbutt', 'Mud-Slap', 'Vacuum Wave', 'Hone Claws', 'Incinerate', 'Power-Up Punch', 'Rock Smash', 'Secret Power', 'Cut', 'Strength']"
#257,Blaziken,"['fire', 'fighting']","['Blaze', 'Speed Boost']",80,120,70,110,70,80,"['steel', 'grass', 'ice', 'normal', 'dark']","['fire', 'water', 'dragon', 'flying', 'poison', 'psychic', 'ghost', 'fairy']","['bug', 'steel', 'fire', 'grass', 'ice', 'ghost']","['ground', 'water', 'flying', 'psychic', 'fairy']",530,88,"['Brave Bird', 'Double Kick', 'Ember', 'Feather Dance', 'Fire Punch', 'Flamethrower', 'Growl', 'Quick Attack', 'Scratch', 'Flame Charge', 'Detect', 'Sand Attack', 'Aerial Ace', 'Slash', 'Bounce', 'Focus Energy', 'Blaze Kick', 'Bulk Up', 'Reversal', 'Flare Blitz', 'Coaching', 'Scorching Sands', 'Mega Punch', 'Mega Kick', 'Thunder Punch', 'Hyper Beam', 'Giga Impact', 'Solar Beam', 'Fire Spin', 'Dig', 'Rest', 'Rock Slide', 'Snore', 'Protect', 'Attract', 'Sunny Day', 'Will-O-Wisp', 'Facade', 'Swift', 'Helping Hand', 'Revenge', 'Brick Break', 'Rock Tomb', 'U-turn', 'Assurance', 'Fling', 'Shadow Claw', 'Low Sweep', 'Round', 'Acrobatics', 'Bulldoze', 'Swords Dance', 'Body Slam', 'Low Kick', 'Earthquake', 'Agility', 'Fire Blast', 'Substitute', 'Endure', 'Sleep Talk', 'Baton Pass', 'Heat Wave', 'Superpower', 'Overheat', 'Close Combat', 'Aura Sphere', 'Poison Jab', 'Focus Blast', 'Stone Edge', 'Work Up', 'Heat Crash', 'High Jump Kick', 'Peck', 'Sky Uppercut', 'Counter', 'Crush Claw', 'Curse', 'Feint', 'Flame Burst', 'Last Resort', 'Night Slash', 'Smelling Salts', 'Blast Burn', 'Defog', 'Dual Chop', 'Fire Pledge', 'Focus Punch', 'Knock Off', 'Laser Focus', 'Role Play', 'Mirror Move', 'Roar', 'Toxic', 'Hidden Power', 'Frustration', 'Return', 'Double Team', 'Echoed Voice', 'Swagger', 'Confide', 'Double-Edge', 'Dynamic Punch', 'Mimic', 'Seismic Toss', 'Captivate', 'Natural Gift', 'Fury Cutter', 'Headbutt', 'Mud-Slap', 'Vacuum Wave', 'Hone Claws', 'Incinerate', 'Power-Up Punch', 'Rock Smash', 'Secret Power', 'Cut', 'Strength']"
#258,Mudkip,['water'],"['Torrent', 'Damp']",50,70,50,50,50,40,"['ground', 'rock', 'fire']","['water', 'grass', 'dragon']","['steel', 'fire', 'water', 'ice']","['grass', 'electric']",310,51,"['Growl', 'Tackle', 'Water Gun', 'Rock Smash', 'Rock Throw', 'Protect', 'Supersonic', 'Water Pulse', 'Rock Slide', 'Take Down', 'Amnesia', 'Surf', 'Screech', 'Endeavor', 'Hydro Pump', 'Ancient Power', 'Bite', 'Counter', 'Curse', 'Double-Edge', 'Mirror Coat', 'Mud-Slap', 'Sludge', 'Stomp', 'Wide Guard', 'Yawn', 'Dig', 'Rest', 'Snore', 'Icy Wind', 'Attract', 'Rain Dance', 'Hail', 'Whirlpool', 'Facade', 'Dive', 'Rock Tomb', 'Avalanche', 'Round', 'Body Slam', 'Ice Beam', 'Blizzard', 'Low Kick', 'Waterfall', 'Substitute', 'Endure', 'Sleep Talk', 'Iron Tail', 'Uproar', 'Superpower', 'Earth Power', 'Sludge Wave', 'Scald', 'Work Up', 'Foresight', 'Bide', 'Mud Sport', 'Barrier', 'Ice Ball', 'Mud Bomb', 'Refresh', 'Aqua Tail', 'Water Pledge', 'Toxic', 'Hidden Power', 'Frustration', 'Return', 'Double Team', 'Echoed Voice', 'Swagger', 'Confide', 'Defense Curl', 'Mimic', 'Captivate', 'Natural Gift', 'Headbutt', 'Rollout', 'Secret Power', 'Strength']"
#259,Marshtomp,"['water', 'ground']","['Torrent', 'Damp']",70,85,70,60,70,50,"['ground', 'rock', 'fire', 'poison', 'steel', 'electric']","['water', 'grass', 'dragon', 'flying', 'bug']","['steel', 'fire', 'ice', 'poison', 'rock']","['grass', 'ice']",405,67,"['Earthquake', 'Growl', 'Mud Shot', 'Rock Smash', 'Surf', 'Tackle', 'Water Gun', 'Rock Throw', 'Protect', 'Supersonic', 'Water Pulse', 'Rock Slide', 'Take Down', 'Amnesia', 'Muddy Water', 'Screech', 'Endeavor', 'Hydro Pump', 'Mega Punch', 'Mega Kick', 'Ice Punch', 'Dig', 'Rest', 'Snore', 'Icy Wind', 'Attract', 'Rain Dance', 'Hail', 'Whirlpool', 'Facade', 'Brick Break', 'Dive', 'Rock Tomb', 'Sand Tomb', 'Fling', 'Avalanche', 'Round', 'Bulldoze', 'Body Slam', 'Ice Beam', 'Blizzard', 'Low Kick', 'Waterfall', 'Substitute', 'Endure', 'Sleep Talk', 'Iron Tail', 'Uproar', 'Superpower', 'Earth Power', 'Stealth Rock', 'Sludge Wave', 'Scald', 'Work Up', 'Mud-Slap', 'Foresight', 'Bide', 'Mud Bomb', 'Ancient Power', 'Barrier', 'Bite', 'Counter', 'Curse', 'Double-Edge', 'Ice Ball', 'Mirror Coat', 'Refresh', 'Sludge', 'Stomp', 'Wide Guard', 'Yawn', 'Aqua Tail', 'Water Pledge', 'Mud Sport', 'Toxic', 'Hidden Power', 'Frustration', 'Return', 'Double Team', 'Echoed Voice', 'Swagger', 'Confide', 'Defense Curl', 'Dynamic Punch', 'Mimic', 'Seismic Toss', 'Captivate', 'Natural Gift', 'Headbutt', 'Rollout', 'Power-Up Punch', 'Secret Power', 'Strength']"
#260,Swampert,"['water', 'ground']","['Torrent', 'Damp']",100,110,90,85,90,60,"['ground', 'rock', 'fire', 'poison', 'steel', 'electric']","['water', 'grass', 'dragon', 'flying', 'bug']","['steel', 'fire', 'ice', 'poison', 'rock']","['grass', 'ice']",535,89,"['Earthquake', 'Growl', 'Hammer Arm', 'Mud Shot', 'Rock Smash', 'Surf', 'Tackle', 'Water Gun', 'Rock Throw', 'Protect', 'Supersonic', 'Water Pulse', 'Rock Slide', 'Take Down', 'Amnesia', 'Muddy Water', 'Screech', 'Endeavor', 'Hydro Pump', 'Flip Turn', 'Mega Punch', 'Mega Kick', 'Ice Punch', 'Hyper Beam', 'Giga Impact', 'Dig', 'Rest', 'Snore', 'Icy Wind', 'Attract', 'Rain Dance', 'Hail', 'Whirlpool', 'Facade', 'Brick Break', 'Dive', 'Rock Tomb', 'Sand Tomb', 'Fling', 'Avalanche', 'Round', 'Bulldoze', 'Stomping Tantrum', 'Body Slam', 'Ice Beam', 'Blizzard', 'Low Kick', 'Waterfall', 'Substitute', 'Outrage', 'Endure', 'Sleep Talk', 'Iron Tail', 'Uproar', 'Superpower', 'Bulk Up', 'Focus Blast', 'Earth Power', 'Stone Edge', 'Stealth Rock', 'Sludge Wave', 'Scald', 'Work Up', 'Darkest Lariat', 'High Horsepower', 'Liquidation', 'Body Press', 'Mud-Slap', 'Foresight', 'Bide', 'Mud Bomb', 'Ancient Power', 'Barrier', 'Bite', 'Counter', 'Curse', 'Double-Edge', 'Ice Ball', 'Mirror Coat', 'Refresh', 'Sludge', 'Stomp', 'Wide Guard', 'Yawn', 'Aqua Tail', 'Focus Punch', 'Hydro Cannon', 'Water Pledge', 'Mud Sport', 'Roar', 'Toxic', 'Hidden Power', 'Frustration', 'Return', 'Double Team', 'Echoed Voice', 'Swagger', 'Confide', 'Defense Curl', 'Dynamic Punch', 'Mimic', 'Seismic Toss', 'Captivate', 'Natural Gift', 'Headbutt', 'Rollout', 'Power-Up Punch', 'Secret Power', 'Strength']"
#380,Latias,"['dragon', 'psychic']",['Levitate'],80,80,90,110,130,110,"['dragon', 'fighting', 'poison']","['steel', 'fairy', 'dark', 'psychic']","['fire', 'water', 'grass', 'electric', 'fighting', 'psychic']","['ice', 'dragon', 'fairy', 'bug', 'ghost', 'dark']",600,100,"['Charm', 'Stored Power', 'Helping Hand', 'Recover', 'Confusion', 'Tailwind', 'Dragon Breath', 'Wish', 'Mist Ball', 'Zen Headbutt', 'Dragon Pulse', 'Heal Pulse', 'Reflect Type', 'Psychic', 'Guard Split', 'Healing Wish', 'Psycho Shift', 'Dual Wingbeat', 'Scale Shot', 'Fly', 'Hyper Beam', 'Giga Impact', 'Solar Beam', 'Thunder Wave', 'Light Screen', 'Reflect', 'Safeguard', 'Rest', 'Snore', 'Protect', 'Icy Wind', 'Steel Wing', 'Attract', 'Sandstorm', 'Rain Dance', 'Sunny Day', 'Whirlpool', 'Facade', 'Swift', 'Dive', 'Shadow Claw', 'Psycho Cut', 'Magic Room', 'Round', 'Retaliate', 'Bulldoze', 'Mystical Fire', 'Air Slash', 'Breaking Swipe', 'Body Slam', 'Surf', 'Ice Beam', 'Thunderbolt', 'Thunder', 'Earthquake', 'Agility', 'Waterfall', 'Tri Attack', 'Substitute', 'Outrage', 'Psyshock', 'Endure', 'Sleep Talk', 'Baton Pass', 'Shadow Ball', 'Future Sight', 'Trick', 'Dragon Claw', 'Calm Mind', 'Dragon Dance', 'Aura Sphere', 'Energy Ball', 'Grass Knot', 'Ally Switch', 'Psywave', 'Water Sport', 'Refresh', 'Covet', 'Defog', 'Draco Meteor', 'Laser Focus', 'Last Resort', 'Magic Coat', 'Role Play', 'Shock Wave', 'Telekinesis', 'Water Pulse', 'Roar', 'Toxic', 'Hidden Power', 'Roost', 'Frustration', 'Return', 'Double Team', 'Aerial Ace', 'Charge Beam', 'Psych Up', 'Dream Eater', 'Swagger', 'Confide', 'Double-Edge', 'Mimic', 'Captivate', 'Natural Gift', 'Fury Cutter', 'Mud-Slap', 'Sucker Punch', 'Twister', 'Flash', 'Hone Claws', 'Secret Power', 'Cut']"
#381,Latios,"['dragon', 'psychic']",['Levitate'],80,90,80,130,110,110,"['dragon', 'fighting', 'poison']","['steel', 'fairy', 'dark', 'psychic']","['fire', 'water', 'grass', 'electric', 'fighting', 'psychic']","['ice', 'dragon', 'fairy', 'bug', 'ghost', 'dark']",600,100,"['Dragon Dance', 'Stored Power', 'Helping Hand', 'Recover', 'Confusion', 'Tailwind', 'Dragon Breath', 'Ally Switch', 'Luster Purge', 'Zen Headbutt', 'Dragon Pulse', 'Heal Pulse', 'Simple Beam', 'Psychic', 'Power Split', 'Memento', 'Psycho Shift', 'Dual Wingbeat', 'Scale Shot', 'Fly', 'Hyper Beam', 'Giga Impact', 'Solar Beam', 'Thunder Wave', 'Light Screen', 'Reflect', 'Safeguard', 'Rest', 'Snore', 'Protect', 'Icy Wind', 'Steel Wing', 'Attract', 'Sandstorm', 'Rain Dance', 'Sunny Day', 'Whirlpool', 'Facade', 'Swift', 'Dive', 'Shadow Claw', 'Psycho Cut', 'Wonder Room', 'Round', 'Retaliate', 'Bulldoze', 'Mystical Fire', 'Air Slash', 'Breaking Swipe', 'Body Slam', 'Surf', 'Ice Beam', 'Thunderbolt', 'Thunder', 'Earthquake', 'Agility', 'Waterfall', 'Tri Attack', 'Substitute', 'Outrage', 'Psyshock', 'Endure', 'Sleep Talk', 'Baton Pass', 'Shadow Ball', 'Future Sight', 'Trick', 'Dragon Claw', 'Calm Mind', 'Aura Sphere', 'Energy Ball', 'Grass Knot', 'Heal Block', 'Psywave', 'Refresh', 'Telekinesis', 'Defog', 'Draco Meteor', 'Laser Focus', 'Last Resort', 'Magic Coat', 'Shock Wave', 'Water Pulse', 'Roar', 'Toxic', 'Hidden Power', 'Roost', 'Frustration', 'Return', 'Double Team', 'Aerial Ace', 'Charge Beam', 'Psych Up', 'Dream Eater', 'Swagger', 'Confide', 'Double-Edge', 'Mimic', 'Captivate', 'Natural Gift', 'Fury Cutter', 'Mud-Slap', 'Twister', 'Flash', 'Hone Claws', 'Secret Power', 'Cut']"
#382,Kyogre,['water'],['Drizzle'],100,100,90,150,140,90,"['ground', 'rock', 'fire']","['water', 'grass', 'dragon']","['steel', 'fire', 'water', 'ice']","['grass', 'electric']",670,111,"['Ancient Power', 'Body Slam', 'Scary Face', 'Water Pulse', 'Aqua Tail', 'Calm Mind', 'Muddy Water', 'Ice Beam', 'Sheer Cold', 'Aqua Ring', 'Origin Pulse', 'Hydro Pump', 'Double-Edge', 'Water Spout', 'Hyper Beam', 'Giga Impact', 'Thunder Wave', 'Safeguard', 'Rest', 'Rock Slide', 'Snore', 'Protect', 'Icy Wind', 'Rain Dance', 'Hail', 'Whirlpool', 'Facade', 'Brick Break', 'Dive', 'Rock Tomb', 'Brine', 'Avalanche', 'Round', 'Bulldoze', 'Surf', 'Blizzard', 'Thunderbolt', 'Thunder', 'Earthquake', 'Waterfall', 'Substitute', 'Endure', 'Sleep Talk', 'Uproar', 'Iron Head', 'Heavy Slam', 'Scald', 'Liquidation', 'Block', 'Shock Wave', 'Signal Beam', 'Roar', 'Toxic', 'Hidden Power', 'Frustration', 'Return', 'Double Team', 'Psych Up', 'Swagger', 'Confide', 'Defense Curl', 'Mimic', 'Natural Gift', 'Headbutt', 'Mud-Slap', 'Swift', 'Rock Smash', 'Secret Power', 'Strength']"
#383,Groudon,['ground'],['Drought'],100,150,140,100,90,90,"['poison', 'rock', 'steel', 'fire', 'electric']","['flying', 'bug', 'grass']","['poison', 'rock', 'electric']","['water', 'ice', 'grass']",670,111,"['Ancient Power', 'Lava Plume', 'Mud Shot', 'Scary Face', 'Earth Power', 'Bulk Up', 'Earthquake', 'Hammer Arm', 'Fissure', 'Rest', 'Precipice Blades', 'Fire Blast', 'Solar Beam', 'Eruption', 'Scorching Sands', 'Mega Punch', 'Mega Kick', 'Fire Punch', 'Thunder Punch', 'Hyper Beam', 'Giga Impact', 'Thunder Wave', 'Dig', 'Safeguard', 'Rock Slide', 'Snore', 'Protect', 'Sandstorm', 'Sunny Day', 'Facade', 'Brick Break', 'Rock Tomb', 'Fling', 'Shadow Claw', 'Round', 'Bulldoze', 'Brutal Swing', 'Stomping Tantrum', 'Swords Dance', 'Body Slam', 'Flamethrower', 'Thunderbolt', 'Thunder', 'Substitute', 'Endure', 'Sleep Talk', 'Iron Tail', 'Uproar', 'Overheat', 'Dragon Claw', 'Dragon Pulse', 'Focus Blast', 'Iron Head', 'Stone Edge', 'Stealth Rock', 'Heavy Slam', 'Heat Crash', 'High Horsepower', 'Block', 'Shock Wave', 'Roar', 'Toxic', 'Hidden Power', 'Frustration', 'Smack Down', 'Return', 'Double Team', 'Aerial Ace', 'Rock Polish', 'Psych Up', 'Dragon Tail', 'Swagger', 'Confide', 'Counter', 'Defense Curl', 'Double-Edge', 'Dynamic Punch', 'Mimic', 'Seismic Toss', 'Slash', 'Natural Gift', 'Fury Cutter', 'Headbutt', 'Mud-Slap', 'Rollout', 'Swift', 'Hone Claws', 'Incinerate', 'Power-Up Punch', 'Rock Smash', 'Secret Power', 'Cut', 'Strength']"
#384,Rayquaza,"['dragon', 'flying']",['Air Lock'],105,150,90,150,90,95,"['dragon', 'fighting', 'bug', 'grass']","['steel', 'fairy', 'rock', 'electric']","['fire', 'water', 'grass', 'fighting', 'ground', 'bug']","['ice', 'dragon', 'fairy', 'rock']",680,113,"['Air Slash', 'Ancient Power', 'Dragon Ascent', 'Scary Face', 'Twister', 'Crunch', 'Dragon Dance', 'Extreme Speed', 'Dragon Pulse', 'Hyper Voice', 'Rest', 'Fly', 'Hurricane', 'Outrage', 'Hyper Beam', 'Meteor Beam', 'Scale Shot', 'Giga Impact', 'Solar Beam', 'Thunder Wave', 'Rock Slide', 'Snore', 'Protect', 'Icy Wind', 'Sandstorm', 'Rain Dance', 'Sunny Day', 'Whirlpool', 'Facade', 'Swift', 'Brick Break', 'Dive', 'Rock Tomb', 'Fling', 'Avalanche', 'Shadow Claw', 'Round', 'Bulldoze', 'Brutal Swing', 'Breaking Swipe', 'Swords Dance', 'Body Slam', 'Flamethrower', 'Hydro Pump', 'Surf', 'Ice Beam', 'Blizzard', 'Thunderbolt', 'Thunder', 'Earthquake', 'Fire Blast', 'Waterfall', 'Substitute', 'Endure', 'Sleep Talk', 'Iron Tail', 'Uproar', 'Overheat', 'Cosmic Power', 'Dragon Claw', 'Bulk Up', 'Gyro Ball', 'Focus Blast', 'Energy Ball', 'Earth Power', 'Iron Head', 'Stone Edge', 'Aqua Tail', 'Bind', 'Defog', 'Draco Meteor', 'Shock Wave', 'Tailwind', 'Water Pulse', 'Roar', 'Toxic', 'Hidden Power', 'Frustration', 'Return', 'Double Team', 'Aerial Ace', 'Echoed Voice', 'Sky Drop', 'Psych Up', 'Dragon Tail', 'Swagger', 'Confide', 'Double-Edge', 'Mimic', 'Natural Gift', 'Fury Cutter', 'Headbutt', 'Mud-Slap', 'Hone Claws', 'Incinerate', 'Rock Smash', 'Secret Power', 'Strength']"
#480,Uxie,['psychic'],['Levitate'],75,75,130,75,130,95,"['fighting', 'poison']","['steel', 'dark', 'psychic']","['fighting', 'psychic']","['bug', 'ghost', 'dark']",580,96,"['Confusion', 'Rest', 'Swift', 'Endure', 'Psybeam', 'Imprison', 'Extrasensory', 'Amnesia', 'Psychic', 'Yawn', 'Future Sight', 'Flail', 'Memento', 'Expanding Force', 'Fire Punch', 'Ice Punch', 'Thunder Punch', 'Hyper Beam', 'Giga Impact', 'Solar Beam', 'Thunder Wave', 'Light Screen', 'Reflect', 'Safeguard', 'Snore', 'Protect', 'Giga Drain', 'Sandstorm', 'Rain Dance', 'Sunny Day', 'Facade', 'Helping Hand', 'U-turn', 'Fling', 'Drain Punch', 'Psycho Cut', 'Trick Room', 'Wonder Room', 'Magic Room', 'Round', 'Acrobatics', 'Draining Kiss', 'Thunderbolt', 'Thunder', 'Metronome', 'Tri Attack', 'Substitute', 'Psyshock', 'Sleep Talk', 'Baton Pass', 'Encore', 'Iron Tail', 'Shadow Ball', 'Trick', 'Skill Swap', 'Calm Mind', 'Energy Ball', 'Nasty Plot', 'Zen Headbutt', 'Stealth Rock', 'Grass Knot', 'Foul Play', 'Stored Power', 'Ally Switch', 'Play Rough', 'Dazzling Gleam', 'Natural Gift', 'Heal Bell', 'Knock Off', 'Laser Focus', 'Magic Coat', 'Recycle', 'Role Play', 'Shock Wave', 'Signal Beam', 'Telekinesis', 'Water Pulse', 'Toxic', 'Hidden Power', 'Frustration', 'Return', 'Double Team', 'Charge Beam', 'Psych Up', 'Dream Eater', 'Swagger', 'Confide', 'Headbutt', 'Mud-Slap', 'Flash', 'Power-Up Punch', 'Secret Power']"
#481,Mesprit,['psychic'],['Levitate'],80,105,105,105,105,80,"['fighting', 'poison']","['steel', 'dark', 'psychic']","['fighting', 'psychic']","['bug', 'ghost', 'dark']",580,96,"['Confusion', 'Rest', 'Swift', 'Protect', 'Psybeam', 'Imprison', 'Extrasensory', 'Charm', 'Psychic', 'Flatter', 'Future Sight', 'Copycat', 'Healing Wish', 'Expanding Force', 'Fire Punch', 'Ice Punch', 'Thunder Punch', 'Hyper Beam', 'Giga Impact', 'Thunder Wave', 'Light Screen', 'Reflect', 'Safeguard', 'Snore', 'Sandstorm', 'Rain Dance', 'Sunny Day', 'Facade', 'Helping Hand', 'U-turn', 'Fling', 'Drain Punch', 'Psycho Cut', 'Trick Room', 'Wonder Room', 'Magic Room', 'Round', 'Acrobatics', 'Draining Kiss', 'Ice Beam', 'Blizzard', 'Thunderbolt', 'Thunder', 'Metronome', 'Tri Attack', 'Substitute', 'Psyshock', 'Endure', 'Sleep Talk', 'Baton Pass', 'Encore', 'Iron Tail', 'Shadow Ball', 'Trick', 'Skill Swap', 'Calm Mind', 'Energy Ball', 'Nasty Plot', 'Zen Headbutt', 'Stealth Rock', 'Grass Knot', 'Stored Power', 'Ally Switch', 'Play Rough', 'Dazzling Gleam', 'Natural Gift', 'Lucky Chant', 'Knock Off', 'Laser Focus', 'Magic Coat', 'Recycle', 'Role Play', 'Shock Wave', 'Signal Beam', 'Telekinesis', 'Water Pulse', 'Toxic', 'Hidden Power', 'Frustration', 'Return', 'Double Team', 'Charge Beam', 'Psych Up', 'Dream Eater', 'Swagger', 'Confide', 'Headbutt', 'Mud-Slap', 'Flash', 'Power-Up Punch', 'Secret Power']"
#482,Azelf,['psychic'],['Levitate'],75,125,70,125,70,115,"['fighting', 'poison']","['steel', 'dark', 'psychic']","['fighting', 'psychic']","['bug', 'ghost', 'dark']",580,96,"['Confusion', 'Rest', 'Swift', 'Detect', 'Psybeam', 'Imprison', 'Extrasensory', 'Nasty Plot', 'Psychic', 'Uproar', 'Future Sight', 'Last Resort', 'Explosion', 'Expanding Force', 'Fire Punch', 'Ice Punch', 'Thunder Punch', 'Hyper Beam', 'Giga Impact', 'Thunder Wave', 'Light Screen', 'Reflect', 'Safeguard', 'Self-Destruct', 'Snore', 'Protect', 'Sandstorm', 'Rain Dance', 'Sunny Day', 'Facade', 'Helping Hand', 'U-turn', 'Payback', 'Assurance', 'Fling', 'Drain Punch', 'Psycho Cut', 'Trick Room', 'Wonder Room', 'Magic Room', 'Round', 'Acrobatics', 'Draining Kiss', 'Flamethrower', 'Thunderbolt', 'Thunder', 'Metronome', 'Fire Blast', 'Tri Attack', 'Substitute', 'Psyshock', 'Endure', 'Sleep Talk', 'Baton Pass', 'Encore', 'Iron Tail', 'Shadow Ball', 'Taunt', 'Trick', 'Skill Swap', 'Calm Mind', 'Energy Ball', 'Zen Headbutt', 'Stealth Rock', 'Grass Knot', 'Stored Power', 'Ally Switch', 'Play Rough', 'Dazzling Gleam', 'Natural Gift', 'Knock Off', 'Laser Focus', 'Magic Coat', 'Recycle', 'Role Play', 'Shock Wave', 'Signal Beam', 'Telekinesis', 'Water Pulse', 'Toxic', 'Hidden Power', 'Frustration', 'Return', 'Double Team', 'Torment', 'Charge Beam', 'Psych Up', 'Dream Eater', 'Swagger', 'Confide', 'Headbutt', 'Mud-Slap', 'Flash', 'Incinerate', 'Power-Up Punch', 'Secret Power']"
#483,Dialga,"['steel', 'dragon']","['Pressure', 'Telepathy']",100,120,120,150,100,90,"['rock', 'ice', 'dragon']","['steel', 'fire', 'water', 'electric']","['normal', 'flying', 'poison', 'rock', 'bug', 'steel', 'grass', 'psychic', 'dragon', 'fire', 'water', 'electric']","['fighting', 'ground', 'fire', 'dragon']",680,113,"['Metal Claw', 'Scary Face', 'Dragon Breath', 'Ancient Power', 'Slash', 'Flash Cannon', 'Dragon Claw', 'Aura Sphere', 'Power Gem', 'Metal Burst', 'Earth Power', 'Iron Tail', 'Roar of Time', 'Scale Shot', 'Hyper Beam', 'Giga Impact', 'Thunder Wave', 'Safeguard', 'Rest', 'Rock Slide', 'Snore', 'Protect', 'Sandstorm', 'Rain Dance', 'Sunny Day', 'Facade', 'Swift', 'Brick Break', 'Rock Tomb', 'Shadow Claw', 'Trick Room', 'Round', 'Bulldoze', 'Stomping Tantrum', 'Breaking Swipe', 'Body Slam', 'Flamethrower', 'Ice Beam', 'Blizzard', 'Thunderbolt', 'Thunder', 'Earthquake', 'Fire Blast', 'Substitute', 'Outrage', 'Endure', 'Sleep Talk', 'Hyper Voice', 'Overheat', 'Iron Defense', 'Bulk Up', 'Dragon Pulse', 'Iron Head', 'Stone Edge', 'Stealth Rock', 'Heavy Slam', 'Body Press', 'Draco Meteor', 'Gravity', 'Magnet Rise', 'Shock Wave', 'Roar', 'Toxic', 'Hidden Power', 'Frustration', 'Return', 'Double Team', 'Aerial Ace', 'Echoed Voice', 'Psych Up', 'Dragon Tail', 'Swagger', 'Confide', 'Heal Block', 'Natural Gift', 'Fury Cutter', 'Headbutt', 'Mud-Slap', 'Twister', 'Flash', 'Hone Claws', 'Incinerate', 'Rock Smash', 'Secret Power', 'Cut', 'Strength']"
#484,Palkia,"['water', 'dragon']","['Pressure', 'Telepathy']",90,120,100,150,120,100,"['ground', 'rock', 'fire']","['water', 'grass', 'steel', 'fairy']","['steel', 'fire', 'water', 'grass']","['grass', 'dragon', 'fairy']",680,113,"['Scary Face', 'Water Pulse', 'Dragon Breath', 'Ancient Power', 'Slash', 'Aqua Ring', 'Dragon Claw', 'Aura Sphere', 'Power Gem', 'Aqua Tail', 'Earth Power', 'Spacial Rend', 'Hydro Pump', 'Dual Wingbeat', 'Scale Shot', 'Hyper Beam', 'Giga Impact', 'Thunder Wave', 'Safeguard', 'Rest', 'Rock Slide', 'Snore', 'Protect', 'Sandstorm', 'Rain Dance', 'Sunny Day', 'Hail', 'Whirlpool', 'Facade', 'Swift', 'Brick Break', 'Dive', 'Rock Tomb', 'Brine', 'Fling', 'Avalanche', 'Shadow Claw', 'Trick Room', 'Round', 'Bulldoze', 'Stomping Tantrum', 'Breaking Swipe', 'Body Slam', 'Flamethrower', 'Surf', 'Ice Beam', 'Blizzard', 'Thunderbolt', 'Thunder', 'Earthquake', 'Fire Blast', 'Substitute', 'Outrage', 'Endure', 'Sleep Talk', 'Hyper Voice', 'Bulk Up', 'Dragon Pulse', 'Focus Blast', 'Stone Edge', 'Heavy Slam', 'Liquidation', 'Body Press', 'Draco Meteor', 'Focus Punch', 'Gravity', 'Shock Wave', 'Roar', 'Toxic', 'Hidden Power', 'Frustration', 'Return', 'Double Team', 'Aerial Ace', 'Echoed Voice', 'Psych Up', 'Dragon Tail', 'Swagger', 'Confide', 'Heal Block', 'Natural Gift', 'Fury Cutter', 'Headbutt', 'Mud-Slap', 'Twister', 'Hone Claws', 'Incinerate', 'Rock Smash', 'Secret Power', 'Cut', 'Strength']"
#485,Heatran,"['fire', 'steel']","['Flash Fire', 'Flame Body']",91,90,106,130,106,77,"['bug', 'grass', 'ice', 'fairy']","['fire', 'water', 'dragon', 'electric']","['bug', 'steel', 'grass', 'ice', 'normal', 'flying', 'poison', 'psychic', 'dragon', 'fairy']","['ground', 'water', 'fighting']",600,100,"['Fire Spin', 'Leer', 'Metal Claw', 'Ancient Power', 'Fire Fang', 'Scary Face', 'Iron Head', 'Crunch', 'Lava Plume', 'Metal Sound', 'Earth Power', 'Heat Wave', 'Stone Edge', 'Magma Storm', 'Burning Jealousy', 'Scorching Sands', 'Steel Roller', 'Hyper Beam', 'Giga Impact', 'Solar Beam', 'Dig', 'Self-Destruct', 'Rest', 'Rock Slide', 'Snore', 'Protect', 'Attract', 'Sunny Day', 'Will-O-Wisp', 'Facade', 'Rock Tomb', 'Payback', 'Round', 'Bulldoze', 'Stomping Tantrum', 'Body Slam', 'Flamethrower', 'Earthquake', 'Fire Blast', 'Substitute', 'Endure', 'Sleep Talk', 'Uproar', 'Taunt', 'Overheat', 'Iron Defense', 'Dark Pulse', 'Dragon Pulse', 'Flash Cannon', 'Stealth Rock', 'Heavy Slam', 'Heat Crash', 'Body Press', 'Bug Bite', 'Roar', 'Toxic', 'Hidden Power', 'Frustration', 'Return', 'Double Team', 'Torment', 'Flame Charge', 'Explosion', 'Swagger', 'Nature Power', 'Confide', 'Captivate', 'Natural Gift', 'Headbutt', 'Mud-Slap', 'Incinerate', 'Rock Smash', 'Secret Power', 'Strength']"
#486,Regigigas,['normal'],['Slow Start'],110,160,110,80,110,100,[],"['rock', 'ghost', 'steel']",['ghost'],['fighting'],670,111,"['Confuse Ray', 'Pound', 'Payback', 'Revenge', 'Stomp', 'Protect', 'Knock Off', 'Mega Punch', 'Body Press', 'Wide Guard', 'Zen Headbutt', 'Heavy Slam', 'Hammer Arm', 'Giga Impact', 'Crush Grip', 'Terrain Pulse', 'Mega Kick', 'Fire Punch', 'Ice Punch', 'Thunder Punch', 'Hyper Beam', 'Thunder Wave', 'Safeguard', 'Rest', 'Rock Slide', 'Snore', 'Icy Wind', 'Rain Dance', 'Sunny Day', 'Facade', 'Brick Break', 'Rock Tomb', 'Fling', 'Drain Punch', 'Avalanche', 'Round', 'Retaliate', 'Bulldoze', 'Stomping Tantrum', 'Body Slam', 'Thunderbolt', 'Thunder', 'Earthquake', 'Substitute', 'Endure', 'Sleep Talk', 'Superpower', 'Focus Blast', 'Earth Power', 'Iron Head', 'Stone Edge', 'Heat Crash', 'Darkest Lariat', 'High Horsepower', 'Dizzy Punch', 'Foresight', 'Block', 'Focus Punch', 'Gravity', 'Shock Wave', 'Toxic', 'Hidden Power', 'Frustration', 'Smack Down', 'Return', 'Double Team', 'Aerial Ace', 'Rock Polish', 'Psych Up', 'Swagger', 'Nature Power', 'Confide', 'Natural Gift', 'Ancient Power', 'Headbutt', 'Mud-Slap', 'Power-Up Punch', 'Rock Smash', 'Secret Power', 'Strength']"
#487,Giratina,"['ghost', 'dragon']","['Pressure', 'Telepathy']",150,100,120,100,120,90,"['ghost', 'psychic', 'dragon']","['normal', 'dark', 'steel', 'fairy']","['normal', 'fighting', 'poison', 'bug', 'fire', 'water', 'grass', 'electric']","['ghost', 'dark', 'ice', 'dragon', 'fairy']",680,113,"['Defog', 'Shadow Sneak', 'Dragon Breath', 'Ancient Power', 'Hex', 'Slash', 'Scary Face', 'Shadow Claw', 'Pain Split', 'Aura Sphere', 'Dragon Claw', 'Earth Power', 'Shadow Force', 'Destiny Bond', 'Dual Wingbeat', 'Poltergeist', 'Fly', 'Hyper Beam', 'Giga Impact', 'Thunder Wave', 'Safeguard', 'Rest', 'Snore', 'Protect', 'Icy Wind', 'Steel Wing', 'Rain Dance', 'Sunny Day', 'Will-O-Wisp', 'Facade', 'Swift', 'Payback', 'Round', 'Bulldoze', 'Phantom Force', 'Brutal Swing', 'Breaking Swipe', 'Body Slam', 'Thunderbolt', 'Thunder', 'Earthquake', 'Psychic', 'Substitute', 'Outrage', 'Endure', 'Sleep Talk', 'Iron Tail', 'Shadow Ball', 'Hyper Voice', 'Calm Mind', 'Dark Pulse', 'Dragon Pulse', 'Energy Ball', 'Iron Head', 'Stone Edge', 'Ominous Wind', 'Aqua Tail', 'Draco Meteor', 'Gravity', 'Shock Wave', 'Spite', 'Telekinesis', 'Magic Coat', 'Tailwind', 'Roar', 'Toxic', 'Hidden Power', 'Frustration', 'Return', 'Double Team', 'Aerial Ace', 'Echoed Voice', 'Charge Beam', 'Psych Up', 'Dragon Tail', 'Dream Eater', 'Swagger', 'Confide', 'Heal Block', 'Natural Gift', 'Silver Wind', 'Air Cutter', 'Fury Cutter', 'Headbutt', 'Mud-Slap', 'Twister', 'Hone Claws', 'Rock Smash', 'Secret Power', 'Cut', 'Strength']"
#488,Cresselia,['psychic'],['Levitate'],120,70,120,75,130,85,"['fighting', 'poison']","['steel', 'dark', 'psychic']","['fighting', 'psychic']","['bug', 'ghost', 'dark']",600,100,"['Confusion', 'Double Team', 'Mist', 'Aurora Beam', 'Psybeam', 'Psycho Shift', 'Slash', 'Psycho Cut', 'Moonlight', 'Safeguard', 'Psychic', 'Moonblast', 'Future Sight', 'Lunar Dance', 'Expanding Force', 'Hyper Beam', 'Giga Impact', 'Solar Beam', 'Thunder Wave', 'Light Screen', 'Reflect', 'Rest', 'Snore', 'Protect', 'Icy Wind', 'Attract', 'Rain Dance', 'Sunny Day', 'Facade', 'Swift', 'Helping Hand', 'Power Swap', 'Guard Swap', 'Trick Room', 'Magic Room', 'Round', 'Body Slam', 'Ice Beam', 'Substitute', 'Psyshock', 'Endure', 'Sleep Talk', 'Shadow Ball', 'Trick', 'Skill Swap', 'Calm Mind', 'Energy Ball', 'Zen Headbutt', 'Grass Knot', 'Stored Power', 'Ally Switch', 'Gravity', 'Magic Coat', 'Recycle', 'Signal Beam', 'Telekinesis', 'Toxic', 'Hidden Power', 'Frustration', 'Return', 'Charge Beam', 'Psych Up', 'Dream Eater', 'Swagger', 'Confide', 'Captivate', 'Natural Gift', 'Fury Cutter', 'Mud-Slap', 'Flash', 'Secret Power']"
#641,Tornadus,['flying'],"['Prankster', 'Defiant']",79,115,70,125,80,111,"['fighting', 'bug', 'grass']","['rock', 'steel', 'electric']","['fighting', 'ground', 'bug', 'grass']","['rock', 'electric', 'ice']",580,96,"['Astonish', 'Gust', 'Leer', 'Swagger', 'Bite', 'Air Cutter', 'Agility', 'Tailwind', 'Air Slash', 'Crunch', 'Extrasensory', 'Uproar', 'Hammer Arm', 'Rain Dance', 'Hurricane', 'Thrash', 'Lash Out', 'Fly', 'Hyper Beam', 'Giga Impact', 'Rest', 'Thief', 'Snore', 'Protect', 'Scary Face', 'Icy Wind', 'Attract', 'Facade', 'Revenge', 'Brick Break', 'Weather Ball', 'U-turn', 'Payback', 'Assurance', 'Fling', 'Round', 'Acrobatics', 'Brutal Swing', 'Body Slam', 'Psychic', 'Substitute', 'Sludge Bomb', 'Endure', 'Sleep Talk', 'Iron Tail', 'Heat Wave', 'Taunt', 'Superpower', 'Bulk Up', 'Dark Pulse', 'Focus Blast', 'Nasty Plot', 'Grass Knot', 'Sludge Wave', 'Foul Play', 'Defog', 'Knock Off', 'Role Play', 'Toxic', 'Hidden Power', 'Frustration', 'Smack Down', 'Return', 'Double Team', 'Aerial Ace', 'Torment', 'Sky Drop', 'Embargo', 'Confide', 'Incinerate', 'Rock Smash', 'Secret Power', 'Strength']"
#642,Thundurus,"['electric', 'flying']","['Prankster', 'Defiant']",79,115,70,125,80,111,"['flying', 'water', 'fighting', 'bug']","['ground', 'electric', 'dragon', 'rock', 'steel']","['flying', 'steel', 'fighting', 'bug', 'grass']","['rock', 'ice']",580,96,"['Astonish', 'Thunder Shock', 'Leer', 'Swagger', 'Bite', 'Shock Wave', 'Agility', 'Charge', 'Volt Switch', 'Crunch', 'Discharge', 'Uproar', 'Hammer Arm', 'Rain Dance', 'Thunder', 'Thrash', 'Lash Out', 'Rising Voltage', 'Thunder Punch', 'Fly', 'Hyper Beam', 'Giga Impact', 'Thunder Wave', 'Rest', 'Thief', 'Snore', 'Protect', 'Scary Face', 'Attract', 'Facade', 'Revenge', 'Brick Break', 'Weather Ball', 'U-turn', 'Payback', 'Assurance', 'Fling', 'Round', 'Electroweb', 'Eerie Impulse', 'Smart Strike', 'Brutal Swing', 'Body Slam', 'Thunderbolt', 'Psychic', 'Substitute', 'Sludge Bomb', 'Endure', 'Sleep Talk', 'Iron Tail', 'Taunt', 'Superpower', 'Bulk Up', 'Dark Pulse', 'Focus Blast', 'Nasty Plot', 'Flash Cannon', 'Grass Knot', 'Sludge Wave', 'Electro Ball', 'Foul Play', 'Wild Charge', 'Heal Block', 'Defog', 'Knock Off', 'Role Play', 'Toxic', 'Hidden Power', 'Frustration', 'Smack Down', 'Return', 'Double Team', 'Torment', 'Charge Beam', 'Sky Drop', 'Embargo', 'Confide', 'Incinerate', 'Rock Smash', 'Secret Power', 'Strength']"
#643,Reshiram,"['dragon', 'fire']",['Turboblaze'],100,120,100,150,120,90,"['bug', 'grass', 'ice']","['fairy', 'rock', 'fire', 'water']","['fire', 'grass', 'electric', 'bug', 'steel']","['dragon', 'fairy', 'ground', 'rock']",680,113,"['Ancient Power', 'Dragon Breath', 'Fire Fang', 'Noble Roar', 'Slash', 'Crunch', 'Extrasensory', 'Dragon Pulse', 'Flamethrower', 'Fusion Flare', 'Hyper Voice', 'Fire Blast', 'Imprison', 'Outrage', 'Blue Flare', 'Dual Wingbeat', 'Scale Shot', 'Scorching Sands', 'Fly', 'Hyper Beam', 'Giga Impact', 'Solar Beam', 'Light Screen', 'Reflect', 'Safeguard', 'Rest', 'Rock Slide', 'Snore', 'Protect', 'Steel Wing', 'Rain Dance', 'Sunny Day', 'Will-O-Wisp', 'Facade', 'Swift', 'Helping Hand', 'Weather Ball', 'Rock Tomb', 'Payback', 'Fling', 'Shadow Claw', 'Round', 'Mystical Fire', 'Brutal Swing', 'Breaking Swipe', 'Psychic', 'Substitute', 'Endure', 'Sleep Talk', 'Shadow Ball', 'Heat Wave', 'Overheat', 'Dragon Claw', 'Dragon Dance', 'Flare Blitz', 'Focus Blast', 'Earth Power', 'Zen Headbutt', 'Stone Edge', 'Heat Crash', 'Body Press', 'Dragon Rage', 'Defog', 'Draco Meteor', 'Laser Focus', 'Tailwind', 'Toxic', 'Hidden Power', 'Roost', 'Frustration', 'Return', 'Double Team', 'Flame Charge', 'Echoed Voice', 'Dragon Tail', 'Swagger', 'Confide', 'Hone Claws', 'Incinerate', 'Rock Smash', 'Secret Power', 'Cut', 'Strength']"
#644,Zekrom,"['dragon', 'electric']",['Teravolt'],100,150,120,120,100,90,"['flying', 'water']","['steel', 'fairy', 'ground', 'grass', 'electric']","['fire', 'water', 'grass', 'electric', 'flying', 'steel']","['ice', 'dragon', 'fairy', 'ground']",680,113,"['Ancient Power', 'Dragon Breath', 'Noble Roar', 'Thunder Fang', 'Slash', 'Crunch', 'Zen Headbutt', 'Dragon Claw', 'Thunderbolt', 'Fusion Bolt', 'Hyper Voice', 'Thunder', 'Imprison', 'Outrage', 'Bolt Strike', 'Dual Wingbeat', 'Rising Voltage', 'Scale Shot', 'Thunder Punch', 'Fly', 'Hyper Beam', 'Giga Impact', 'Thunder Wave', 'Light Screen', 'Reflect', 'Safeguard', 'Rest', 'Rock Slide', 'Snore', 'Protect', 'Steel Wing', 'Rain Dance', 'Facade', 'Swift', 'Helping Hand', 'Weather Ball', 'Rock Tomb', 'Payback', 'Fling', 'Shadow Claw', 'Round', 'Volt Switch', 'Brutal Swing', 'Breaking Swipe', 'Psychic', 'Substitute', 'Endure', 'Sleep Talk', 'Shadow Ball', 'Dragon Dance', 'Dragon Pulse', 'Focus Blast', 'Earth Power', 'Flash Cannon', 'Stone Edge', 'Electro Ball', 'Wild Charge', 'Body Press', 'Dragon Rage', 'Defog', 'Draco Meteor', 'Laser Focus', 'Magnet Rise', 'Shock Wave', 'Signal Beam', 'Tailwind', 'Toxic', 'Hidden Power', 'Roost', 'Frustration', 'Return', 'Double Team', 'Echoed Voice', 'Charge Beam', 'Dragon Tail', 'Swagger', 'Confide', 'Flash', 'Hone Claws', 'Rock Smash', 'Secret Power', 'Cut', 'Strength']"
#645,Landorus,"['ground', 'flying']","['Sand Force', 'Sheer Force']",89,125,90,115,80,101,"['poison', 'steel', 'fire', 'fighting', 'grass']","['flying', 'grass', 'steel']","['poison', 'electric', 'fighting', 'ground', 'bug']","['water', 'ice', 'electric']",600,100,"['Rock Throw', 'Sand Tomb', 'Leer', 'Block', 'Bulldoze', 'Rock Tomb', 'Swords Dance', 'Imprison', 'Rock Slide', 'Earth Power', 'Extrasensory', 'Stone Edge', 'Hammer Arm', 'Sandstorm', 'Earthquake', 'Outrage', 'Fissure', 'Fly', 'Hyper Beam', 'Giga Impact', 'Dig', 'Self-Destruct', 'Rest', 'Snore', 'Protect', 'Scary Face', 'Attract', 'Facade', 'Brick Break', 'Weather Ball', 'Mud Shot', 'U-turn', 'Payback', 'Fling', 'Round', 'Brutal Swing', 'Body Slam', 'Psychic', 'Substitute', 'Sludge Bomb', 'Endure', 'Sleep Talk', 'Iron Tail', 'Superpower', 'Bulk Up', 'Calm Mind', 'Focus Blast', 'Stealth Rock', 'Grass Knot', 'Sludge Wave', 'Punishment', 'Defog', 'Gravity', 'Knock Off', 'Role Play', 'Toxic', 'Hidden Power', 'Frustration', 'Smack Down', 'Return', 'Double Team', 'Explosion', 'Rock Polish', 'Swagger', 'Confide', 'Rock Smash', 'Secret Power', 'Strength']"
#646,Kyurem,"['dragon', 'ice']",['Pressure'],125,130,90,130,90,95,"['dragon', 'flying', 'ground', 'grass']","['steel', 'fairy', 'fire', 'water', 'ice']","['water', 'grass', 'electric']","['dragon', 'fairy', 'fighting', 'rock', 'steel']",660,110,"['Ancient Power', 'Dragon Breath', 'Freeze-Dry', 'Noble Roar', 'Slash', 'Endeavor', 'Dragon Pulse', 'Ice Beam', 'Hyper Voice', 'Scary Face', 'Blizzard', 'Imprison', 'Outrage', 'Glaciate', 'Sheer Cold', 'Fusion Bolt', 'Freeze Shock', 'Fusion Flare', 'Ice Burn', 'Dual Wingbeat', 'Scale Shot', 'Fly', 'Hyper Beam', 'Giga Impact', 'Light Screen', 'Reflect', 'Safeguard', 'Rest', 'Rock Slide', 'Snore', 'Protect', 'Icy Wind', 'Steel Wing', 'Rain Dance', 'Sunny Day', 'Hail', 'Facade', 'Swift', 'Helping Hand', 'Weather Ball', 'Rock Tomb', 'Icicle Spear', 'Payback', 'Fling', 'Shadow Claw', 'Round', 'Brutal Swing', 'Breaking Swipe', 'Psychic', 'Substitute', 'Endure', 'Sleep Talk', 'Shadow Ball', 'Dragon Claw', 'Dragon Dance', 'Focus Blast', 'Earth Power', 'Zen Headbutt', 'Flash Cannon', 'Iron Head', 'Stone Edge', 'Body Press', 'Dragon Rage', 'Draco Meteor', 'Laser Focus', 'Signal Beam', 'Toxic', 'Hidden Power', 'Roost', 'Frustration', 'Return', 'Double Team', 'Echoed Voice', 'Dragon Tail', 'Swagger', 'Confide', 'Hone Claws', 'Rock Smash', 'Secret Power', 'Cut', 'Strength']"
#647,Keldeo,"['water', 'fighting']",['Justified'],91,72,90,129,90,108,"['ground', 'rock', 'fire', 'normal', 'steel', 'ice', 'dark']","['water', 'grass', 'dragon', 'flying', 'poison', 'psychic', 'bug', 'ghost', 'fairy']","['steel', 'fire', 'water', 'ice', 'rock', 'bug', 'ghost']","['grass', 'electric', 'flying', 'psychic', 'fairy']",580,96,"['Aqua Jet', 'Helping Hand', 'Leer', 'Secret Sword', 'Work Up', 'Bubble Beam', 'Quick Guard', 'Double Kick', 'Retaliate', 'Aqua Tail', 'Take Down', 'Sacred Sword', 'Swords Dance', 'Hydro Pump', 'Close Combat', 'Coaching', 'Flip Turn', 'Hyper Beam', 'Giga Impact', 'Reflect', 'Safeguard', 'Rest', 'Snore', 'Protect', 'Icy Wind', 'Rain Dance', 'Sunny Day', 'Hail', 'Facade', 'Swift', 'Revenge', 'Brick Break', 'Bounce', 'Round', 'False Swipe', 'Air Slash', 'Smart Strike', 'Surf', 'Low Kick', 'Substitute', 'Reversal', 'Endure', 'Sleep Talk', 'Megahorn', 'Taunt', 'Superpower', 'Muddy Water', 'Calm Mind', 'Aura Sphere', 'Poison Jab', 'X-Scissor', 'Focus Blast', 'Stone Edge', 'Scald', 'Liquidation', 'Covet', 'Endeavor', 'Last Resort', 'Water Pulse', 'Roar', 'Toxic', 'Hidden Power', 'Frustration', 'Return', 'Double Team', 'Aerial Ace', 'Psych Up', 'Swagger', 'Confide', 'Rock Smash', 'Secret Power', 'Cut', 'Strength']"
#716,Xerneas,['fairy'],['Fairy Aura'],126,131,95,131,98,99,"['fighting', 'dragon', 'dark']","['poison', 'steel', 'fire']","['fighting', 'bug', 'dragon', 'dark']","['poison', 'steel']",680,113,"['Gravity', 'Tackle', 'Light Screen', 'Aurora Beam', 'Nature Power', 'Night Slash', 'Aromatherapy', 'Psych Up', 'Horn Leech', 'Misty Terrain', 'Ingrain', 'Take Down', 'Geomancy', 'Moonblast', 'Heal Pulse', 'Megahorn', 'Close Combat', 'Outrage', 'Giga Impact', 'Misty Explosion', 'Terrain Pulse', 'Hyper Beam', 'Thunder Wave', 'Reflect', 'Rest', 'Rock Slide', 'Snore', 'Protect', 'Rain Dance', 'Sunny Day', 'Hail', 'Facade', 'Swift', 'Wonder Room', 'Round', 'Draining Kiss', 'Smart Strike', 'Body Slam', 'Thunderbolt', 'Thunder', 'Psychic', 'Substitute', 'Psyshock', 'Endure', 'Sleep Talk', 'Hyper Voice', 'Calm Mind', 'Focus Blast', 'Zen Headbutt', 'Flash Cannon', 'Grass Knot', 'Play Rough', 'Dazzling Gleam', 'Block', 'Defog', 'Endeavor', 'Laser Focus', 'Roar', 'Toxic', 'Hidden Power', 'Frustration', 'Return', 'Double Team', 'Echoed Voice', 'Swagger', 'Confide', 'Flash', 'Secret Power', 'Cut']"
#717,Yveltal,"['dark', 'flying']",['Dark Aura'],126,131,95,131,98,99,"['ghost', 'psychic', 'bug', 'grass']","['dark', 'fairy', 'rock', 'steel', 'electric']","['ghost', 'psychic', 'dark', 'ground', 'grass']","['fairy', 'rock', 'electric', 'ice']",680,113,"['Double Team', 'Gust', 'Taunt', 'Snarl', 'Disable', 'Sucker Punch', 'Tailwind', 'Roost', 'Air Slash', 'Dark Pulse', 'Psychic', 'Oblivion Wing', 'Phantom Force', 'Foul Play', 'Dragon Rush', 'Hurricane', 'Focus Blast', 'Sky Attack', 'Hyper Beam', 'Dual Wingbeat', 'Lash Out', 'Fly', 'Giga Impact', 'Rest', 'Rock Slide', 'Thief', 'Snore', 'Protect', 'Steel Wing', 'Rain Dance', 'Sunny Day', 'Facade', 'Swift', 'U-turn', 'Payback', 'Shadow Claw', 'Round', 'Acrobatics', 'Body Slam', 'Substitute', 'Endure', 'Sleep Talk', 'Shadow Ball', 'Heat Wave', 'Hyper Voice', 'Dragon Claw', 'Zen Headbutt', 'Razor Wind', 'Block', 'Defog', 'Knock Off', 'Laser Focus', 'Toxic', 'Hidden Power', 'Frustration', 'Return', 'Aerial Ace', 'Torment', 'Sky Drop', 'Embargo', 'Dream Eater', 'Swagger', 'Confide', 'Hone Claws', 'Secret Power', 'Cut']"
#718,Zygarde,"['dragon', 'ground']",['Aura Break'],108,100,121,81,95,95,"['dragon', 'poison', 'rock', 'fire', 'electric']","['fairy', 'flying', 'bug', 'grass']","['fire', 'grass', 'electric', 'poison', 'rock']","['ice', 'dragon', 'fairy', 'grass']",600,100,"['Bind', 'Bite', 'Bulldoze', 'Core Enforcer', 'Dragon Breath', 'Thousand Arrows', 'Thousand Waves', 'Haze', 'Dig', 'Safeguard', 'Crunch', 'Dragon Pulse', ""Land's Wrath"", 'Glare', 'Sandstorm', 'Coil', 'Earthquake', 'Outrage', 'Scale Shot', 'Scorching Sands', 'Skitter Smack', 'Hyper Beam', 'Giga Impact', 'Rest', 'Rock Slide', 'Snore', 'Protect', 'Sunny Day', 'Facade', 'Swift', 'Brick Break', 'Payback', 'Round', 'Retaliate', 'Stomping Tantrum', 'Breaking Swipe', 'Body Slam', 'Substitute', 'Reversal', 'Endure', 'Sleep Talk', 'Iron Tail', 'Superpower', 'Hyper Voice', 'Dragon Dance', 'Focus Blast', 'Earth Power', 'Zen Headbutt', 'Stone Edge', 'Grass Knot', 'Sludge Wave', 'High Horsepower', 'Camouflage', 'Block', 'Draco Meteor', 'Pain Split', 'Shock Wave', 'Spite', 'Toxic', 'Hidden Power', 'Frustration', 'Return', 'Double Team', 'Dragon Tail', 'Swagger', 'Confide', 'Extreme Speed', 'Rock Smash', 'Secret Power', 'Strength']"
#722,Rowlet,"['grass', 'flying']","['Overgrow', 'Long Reach']",68,55,55,50,50,42,"['ground', 'water', 'fighting', 'grass']","['flying', 'poison', 'steel', 'fire', 'grass', 'dragon', 'electric']","['ground', 'water', 'grass', 'fighting']","['flying', 'poison', 'fire', 'ice', 'rock']",320,53,"['Leafage', 'Growl', 'Tackle', 'Astonish', 'Peck', 'Shadow Sneak', 'Razor Leaf', 'Synthesis', 'Pluck', 'Nasty Plot', 'Sucker Punch', 'Leaf Blade', 'Feather Dance', 'Brave Bird', 'Confuse Ray', 'Defog', 'Double Team', 'Knock Off', 'Dual Wingbeat', 'Grassy Glide', 'Solar Beam', 'Light Screen', 'Safeguard', 'Rest', 'Snore', 'Protect', 'Giga Drain', 'Steel Wing', 'Attract', 'Sunny Day', 'Facade', 'Swift', 'Shadow Claw', 'Round', 'False Swipe', 'Swords Dance', 'Substitute', 'Endure', 'Sleep Talk', 'Baton Pass', 'Seed Bomb', 'Energy Ball', 'Grass Knot', 'Work Up', 'Ominous Wind', 'Foresight', 'Fury Attack', 'Curse', 'Haze', 'Covet', 'Grass Pledge', 'Sky Attack', 'Worry Seed', 'Toxic', 'Hidden Power', 'Roost', 'Frustration', 'Return', 'Echoed Voice', 'Swagger', 'Nature Power', 'Confide']"
#723,Dartrix,"['grass', 'flying']","['Overgrow', 'Long Reach']",78,75,75,70,70,52,"['ground', 'water', 'fighting', 'grass']","['flying', 'poison', 'steel', 'fire', 'grass', 'dragon', 'electric']","['ground', 'water', 'grass', 'fighting']","['flying', 'poison', 'fire', 'ice', 'rock']",420,70,"['Astonish', 'Growl', 'Leafage', 'Tackle', 'Peck', 'Shadow Sneak', 'Razor Leaf', 'Synthesis', 'Pluck', 'Nasty Plot', 'Sucker Punch', 'Leaf Blade', 'Feather Dance', 'Brave Bird', 'Confuse Ray', 'Defog', 'Double Team', 'Knock Off', 'Dual Wingbeat', 'Grassy Glide', 'Solar Beam', 'Light Screen', 'Safeguard', 'Rest', 'Snore', 'Protect', 'Giga Drain', 'Steel Wing', 'Attract', 'Sunny Day', 'Facade', 'Swift', 'Shadow Claw', 'Round', 'False Swipe', 'Swords Dance', 'Substitute', 'Endure', 'Sleep Talk', 'Baton Pass', 'Seed Bomb', 'Energy Ball', 'Grass Knot', 'Work Up', 'Ominous Wind', 'Foresight', 'Fury Attack', 'Curse', 'Haze', 'Covet', 'Grass Pledge', 'Sky Attack', 'Worry Seed', 'Toxic', 'Hidden Power', 'Roost', 'Frustration', 'Return', 'Echoed Voice', 'Swagger', 'Nature Power', 'Confide']"
#724,Decidueye,"['grass', 'ghost']","['Overgrow', 'Long Reach']",78,107,75,100,100,70,"['ground', 'rock', 'water', 'ghost', 'psychic']","['flying', 'poison', 'bug', 'steel', 'fire', 'grass', 'dragon', 'normal', 'dark']","['ground', 'water', 'grass', 'electric', 'normal', 'fighting', 'bug']","['flying', 'bug', 'fire', 'ice', 'ghost', 'dark']",530,88,"['Astonish', 'Growl', 'Leaf Storm', 'Leafage', 'Phantom Force', 'Spirit Shackle', 'Spite', 'Tackle', 'U-turn', 'Peck', 'Shadow Sneak', 'Razor Leaf', 'Synthesis', 'Pluck', 'Nasty Plot', 'Sucker Punch', 'Leaf Blade', 'Feather Dance', 'Brave Bird', 'Confuse Ray', 'Defog', 'Double Team', 'Knock Off', 'Dual Wingbeat', 'Grassy Glide', 'Poltergeist', 'Skitter Smack', 'Hyper Beam', 'Giga Impact', 'Solar Beam', 'Solar Blade', 'Light Screen', 'Safeguard', 'Rest', 'Snore', 'Protect', 'Giga Drain', 'Steel Wing', 'Attract', 'Sunny Day', 'Facade', 'Swift', 'Imprison', 'Shadow Claw', 'Psycho Cut', 'Low Sweep', 'Round', 'Hex', 'Acrobatics', 'False Swipe', 'Air Slash', 'Swords Dance', 'Substitute', 'Endure', 'Sleep Talk', 'Baton Pass', 'Shadow Ball', 'Seed Bomb', 'Energy Ball', 'Grass Knot', 'Work Up', 'Hurricane', 'Ominous Wind', 'Foresight', 'Fury Attack', 'Curse', 'Haze', 'Covet', 'Frenzy Plant', 'Grass Pledge', 'Laser Focus', 'Sky Attack', 'Tailwind', 'Worry Seed', 'Toxic', 'Hidden Power', 'Roost', 'Frustration', 'Smack Down', 'Return', 'Echoed Voice', 'Swagger', 'Nature Power', 'Confide']"
#725,Litten,['fire'],"['Blaze', 'Intimidate']",45,65,40,60,40,70,"['bug', 'steel', 'grass', 'ice']","['rock', 'fire', 'water', 'dragon']","['bug', 'steel', 'fire', 'grass', 'ice']","['ground', 'rock', 'water']",320,53,"['Ember', 'Growl', 'Scratch', 'Lick', 'Roar', 'Fury Swipes', 'Bite', 'Double Kick', 'Fire Fang', 'Scary Face', 'Swagger', 'Flamethrower', 'Thrash', 'Flare Blitz', 'Fake Out', 'Parting Shot', 'Power Trip', 'Pay Day', 'Fire Spin', 'Rest', 'Snore', 'Protect', 'Attract', 'Sunny Day', 'Will-O-Wisp', 'Facade', 'Revenge', 'U-turn', 'Shadow Claw', 'Round', 'Acrobatics', 'Swords Dance', 'Body Slam', 'Fire Blast', 'Leech Life', 'Substitute', 'Outrage', 'Endure', 'Sleep Talk', 'Crunch', 'Heat Wave', 'Taunt', 'Overheat', 'Bulk Up', 'Nasty Plot', 'Work Up', 'Leer', 'Covet', 'Endeavor', 'Fire Pledge', 'Toxic', 'Hidden Power', 'Frustration', 'Return', 'Double Team', 'Torment', 'Flame Charge', 'Confide']"
#726,Torracat,['fire'],"['Blaze', 'Intimidate']",65,85,50,80,50,90,"['bug', 'steel', 'grass', 'ice']","['rock', 'fire', 'water', 'dragon']","['bug', 'steel', 'fire', 'grass', 'ice']","['ground', 'rock', 'water']",420,70,"['Ember', 'Growl', 'Lick', 'Scratch', 'Roar', 'Fury Swipes', 'Bite', 'Double Kick', 'Fire Fang', 'Scary Face', 'Swagger', 'Flamethrower', 'Thrash', 'Flare Blitz', 'Fake Out', 'Parting Shot', 'Power Trip', 'Pay Day', 'Fire Spin', 'Rest', 'Snore', 'Protect', 'Attract', 'Sunny Day', 'Will-O-Wisp', 'Facade', 'Revenge', 'U-turn', 'Shadow Claw', 'Round', 'Acrobatics', 'Swords Dance', 'Body Slam', 'Fire Blast', 'Leech Life', 'Substitute', 'Outrage', 'Endure', 'Sleep Talk', 'Crunch', 'Heat Wave', 'Taunt', 'Overheat', 'Bulk Up', 'Nasty Plot', 'Work Up', 'Leer', 'Covet', 'Dual Chop', 'Endeavor', 'Fire Pledge', 'Toxic', 'Hidden Power', 'Frustration', 'Return', 'Double Team', 'Torment', 'Flame Charge', 'Confide']"
#727,Incineroar,"['fire', 'dark']","['Blaze', 'Intimidate']",95,115,90,80,90,60,"['bug', 'steel', 'grass', 'ice', 'ghost', 'psychic']","['rock', 'fire', 'water', 'dragon', 'fighting', 'dark', 'fairy']","['steel', 'fire', 'grass', 'ice', 'ghost', 'psychic', 'dark']","['ground', 'rock', 'water', 'fighting', 'fairy']",530,88,"['Bulk Up', 'Cross Chop', 'Darkest Lariat', 'Ember', 'Growl', 'Lick', 'Scratch', 'Throat Chop', 'Roar', 'Fury Swipes', 'Bite', 'Double Kick', 'Fire Fang', 'Scary Face', 'Swagger', 'Flamethrower', 'Thrash', 'Flare Blitz', 'Fake Out', 'Parting Shot', 'Power Trip', 'Burning Jealousy', 'Lash Out', 'Scorching Sands', 'Mega Punch', 'Mega Kick', 'Pay Day', 'Fire Punch', 'Thunder Punch', 'Hyper Beam', 'Giga Impact', 'Fire Spin', 'Rest', 'Snore', 'Protect', 'Attract', 'Sunny Day', 'Will-O-Wisp', 'Facade', 'Revenge', 'Brick Break', 'U-turn', 'Assurance', 'Fling', 'Drain Punch', 'Shadow Claw', 'Low Sweep', 'Round', 'Acrobatics', 'Bulldoze', 'Snarl', 'Brutal Swing', 'Stomping Tantrum', 'Swords Dance', 'Body Slam', 'Low Kick', 'Earthquake', 'Fire Blast', 'Leech Life', 'Substitute', 'Reversal', 'Outrage', 'Endure', 'Sleep Talk', 'Crunch', 'Heat Wave', 'Taunt', 'Superpower', 'Blaze Kick', 'Overheat', 'Close Combat', 'Dark Pulse', 'Focus Blast', 'Nasty Plot', 'Iron Head', 'Work Up', 'Heat Crash', 'Leer', 'Bind', 'Blast Burn', 'Covet', 'Dual Chop', 'Endeavor', 'Fire Pledge', 'Focus Punch', 'Knock Off', 'Snatch', 'Toxic', 'Hidden Power', 'Frustration', 'Return', 'Double Team', 'Torment', 'Flame Charge', 'Quash', 'Embargo', 'Confide']"
#728,Popplio,['water'],"['Torrent', 'Liquid Voice']",50,54,54,66,56,40,"['ground', 'rock', 'fire']","['water', 'grass', 'dragon']","['steel', 'fire', 'water', 'ice']","['grass', 'electric']",320,53,"['Water Gun', 'Growl', 'Pound', 'Disarming Voice', 'Aqua Jet', 'Baby-Doll Eyes', 'Icy Wind', 'Sing', 'Bubble Beam', 'Encore', 'Misty Terrain', 'Hyper Voice', 'Moonblast', 'Hydro Pump', 'Aqua Ring', 'Life Dew', 'Perish Song', 'Flip Turn', 'Triple Axel', 'Rest', 'Snore', 'Protect', 'Charm', 'Attract', 'Rain Dance', 'Hail', 'Whirlpool', 'Facade', 'Helping Hand', 'Dive', 'Brine', 'Wonder Room', 'Round', 'Acrobatics', 'Draining Kiss', 'Surf', 'Ice Beam', 'Blizzard', 'Waterfall', 'Amnesia', 'Substitute', 'Endure', 'Sleep Talk', 'Iron Tail', 'Uproar', 'Scald', 'Work Up', 'Play Rough', 'Double Slap', 'Captivate', 'Aromatic Mist', 'Aqua Tail', 'Covet', 'Water Pledge', 'Water Pulse', 'Toxic', 'Hidden Power', 'Frustration', 'Return', 'Double Team', 'Echoed Voice', 'Swagger', 'Confide']"
#729,Brionne,['water'],"['Torrent', 'Liquid Voice']",60,69,69,91,81,50,"['ground', 'rock', 'fire']","['water', 'grass', 'dragon']","['steel', 'fire', 'water', 'ice']","['grass', 'electric']",420,70,"['Disarming Voice', 'Growl', 'Pound', 'Water Gun', 'Aqua Jet', 'Baby-Doll Eyes', 'Icy Wind', 'Sing', 'Bubble Beam', 'Encore', 'Misty Terrain', 'Hyper Voice', 'Moonblast', 'Hydro Pump', 'Aqua Ring', 'Life Dew', 'Perish Song', 'Flip Turn', 'Triple Axel', 'Rest', 'Snore', 'Protect', 'Charm', 'Attract', 'Rain Dance', 'Hail', 'Whirlpool', 'Facade', 'Helping Hand', 'Dive', 'Brine', 'Wonder Room', 'Round', 'Acrobatics', 'Draining Kiss', 'Surf', 'Ice Beam', 'Blizzard', 'Waterfall', 'Amnesia', 'Substitute', 'Endure', 'Sleep Talk', 'Iron Tail', 'Uproar', 'Scald', 'Work Up', 'Play Rough', 'Double Slap', 'Captivate', 'Aromatic Mist', 'Aqua Tail', 'Covet', 'Water Pledge', 'Water Pulse', 'Toxic', 'Hidden Power', 'Frustration', 'Return', 'Double Team', 'Echoed Voice', 'Swagger', 'Confide']"
#730,Primarina,"['water', 'fairy']","['Torrent', 'Liquid Voice']",80,74,74,126,116,60,"['ground', 'rock', 'fighting', 'dark']","['water', 'grass', 'poison', 'steel']","['fire', 'water', 'ice', 'fighting', 'bug', 'dragon', 'dark']","['grass', 'electric', 'poison']",530,88,"['Disarming Voice', 'Growl', 'Pound', 'Sparkling Aria', 'Water Gun', 'Aqua Jet', 'Baby-Doll Eyes', 'Icy Wind', 'Sing', 'Bubble Beam', 'Encore', 'Misty Terrain', 'Hyper Voice', 'Moonblast', 'Hydro Pump', 'Aqua Ring', 'Life Dew', 'Perish Song', 'Flip Turn', 'Misty Explosion', 'Triple Axel', 'Hyper Beam', 'Giga Impact', 'Light Screen', 'Reflect', 'Rest', 'Snore', 'Protect', 'Charm', 'Attract', 'Rain Dance', 'Hail', 'Whirlpool', 'Facade', 'Helping Hand', 'Dive', 'Weather Ball', 'Brine', 'Wonder Room', 'Round', 'Acrobatics', 'Draining Kiss', 'Surf', 'Ice Beam', 'Blizzard', 'Psychic', 'Waterfall', 'Amnesia', 'Substitute', 'Endure', 'Sleep Talk', 'Iron Tail', 'Shadow Ball', 'Uproar', 'Calm Mind', 'Energy Ball', 'Stored Power', 'Scald', 'Work Up', 'Play Rough', 'Dazzling Gleam', 'Liquidation', 'Double Slap', 'Captivate', 'Aromatic Mist', 'Aqua Tail', 'Covet', 'Hydro Cannon', 'Magic Coat', 'Water Pledge', 'Water Pulse', 'Toxic', 'Hidden Power', 'Frustration', 'Return', 'Double Team', 'Echoed Voice', 'Psych Up', 'Swagger', 'Confide']"
#785,Tapu Koko,"['electric', 'fairy']","['Electric Surge', 'Telepathy']",70,115,85,95,75,130,"['flying', 'water', 'fighting', 'dark']","['ground', 'grass', 'electric', 'poison', 'steel', 'fire']","['flying', 'electric', 'fighting', 'bug', 'dragon', 'dark']","['ground', 'poison']",570,95,"['Quick Attack', 'Thunder Shock', 'Withdraw', 'Fairy Wind', 'False Swipe', 'Spark', 'Shock Wave', 'Charge', 'Agility', 'Screech', 'Discharge', 'Mean Look', ""Nature's Madness"", 'Wild Charge', 'Brave Bird', 'Power Swap', 'Electric Terrain', 'Thunder Punch', 'Fly', 'Hyper Beam', 'Giga Impact', 'Thunder Wave', 'Light Screen', 'Reflect', 'Safeguard', 'Rest', 'Thief', 'Snore', 'Protect', 'Steel Wing', 'Rain Dance', 'Facade', 'Swift', 'U-turn', 'Assurance', 'Round', 'Acrobatics', 'Volt Switch', 'Electroweb', 'Eerie Impulse', 'Thunderbolt', 'Thunder', 'Substitute', 'Endure', 'Sleep Talk', 'Taunt', 'Hyper Voice', 'Iron Defense', 'Calm Mind', 'Iron Head', 'Grass Knot', 'Electro Ball', 'Stored Power', 'Work Up', 'Dazzling Gleam', 'Mirror Move', 'Defog', 'Sky Attack', 'Telekinesis', 'Roar', 'Toxic', 'Hidden Power', 'Roost', 'Frustration', 'Return', 'Double Team', 'Aerial Ace', 'Torment', 'Echoed Voice', 'Sky Drop', 'Psych Up', 'Swagger', 'Nature Power', 'Confide']"
#786,Tapu Lele,"['psychic', 'fairy']","['Psychic Surge', 'Telepathy']",70,85,75,130,115,95,"['fighting', 'dragon']","['steel', 'psychic', 'fire']","['fighting', 'psychic', 'dragon']","['ghost', 'poison', 'steel']",570,95,"['Astonish', 'Confusion', 'Withdraw', 'Aromatherapy', 'Draining Kiss', 'Psybeam', 'Flatter', 'Aromatic Mist', 'Sweet Scent', 'Extrasensory', 'Psyshock', 'Mean Look', ""Nature's Madness"", 'Moonblast', 'Tickle', 'Skill Swap', 'Psychic Terrain', 'Hyper Beam', 'Giga Impact', 'Light Screen', 'Reflect', 'Safeguard', 'Rest', 'Thief', 'Snore', 'Protect', 'Charm', 'Sunny Day', 'Facade', 'Fling', 'Power Swap', 'Guard Swap', 'Speed Swap', 'Psycho Cut', 'Wonder Room', 'Magic Room', 'Round', 'Thunderbolt', 'Thunder', 'Psychic', 'Substitute', 'Endure', 'Sleep Talk', 'Shadow Ball', 'Future Sight', 'Taunt', 'Iron Defense', 'Calm Mind', 'Focus Blast', 'Energy Ball', 'Grass Knot', 'Stored Power', 'Ally Switch', 'Play Rough', 'Dazzling Gleam', 'Psywave', 'Gravity', 'Magic Coat', 'Telekinesis', 'Toxic', 'Hidden Power', 'Frustration', 'Return', 'Double Team', 'Torment', 'Echoed Voice', 'Charge Beam', 'Psych Up', 'Swagger', 'Nature Power', 'Confide']"
#787,Tapu Bulu,"['grass', 'fairy']","['Grassy Surge', 'Telepathy']",70,130,115,85,95,75,"['ground', 'rock', 'water', 'fighting', 'dark']","['flying', 'poison', 'bug', 'steel', 'fire', 'grass']","['ground', 'water', 'grass', 'electric', 'fighting', 'dragon', 'dark']","['flying', 'poison', 'fire', 'ice', 'steel']",570,95,"['Leafage', 'Rock Smash', 'Withdraw', 'Disable', 'Leech Seed', 'Mega Drain', 'Whirlwind', 'Horn Attack', 'Scary Face', 'Horn Leech', 'Zen Headbutt', 'Mean Look', ""Nature's Madness"", 'Wood Hammer', 'Megahorn', 'Skull Bash', 'Grassy Terrain', 'Mega Punch', 'Hyper Beam', 'Giga Impact', 'Solar Beam', 'Light Screen', 'Reflect', 'Safeguard', 'Rest', 'Rock Slide', 'Snore', 'Protect', 'Giga Drain', 'Sunny Day', 'Facade', 'Revenge', 'Brick Break', 'Rock Tomb', 'Bullet Seed', 'Payback', 'Fling', 'Power Swap', 'Guard Swap', 'Round', 'Snarl', 'False Swipe', 'Smart Strike', 'Brutal Swing', 'Swords Dance', 'Substitute', 'Endure', 'Sleep Talk', 'Taunt', 'Superpower', 'Iron Defense', 'Bulk Up', 'Calm Mind', 'Close Combat', 'Seed Bomb', 'Focus Blast', 'Energy Ball', 'Stone Edge', 'Grass Knot', 'Stored Power', 'Work Up', 'Dazzling Gleam', 'Darkest Lariat', 'High Horsepower', 'Rototiller', 'Dual Chop', 'Focus Punch', 'Synthesis', 'Telekinesis', 'Worry Seed', 'Roar', 'Toxic', 'Hidden Power', 'Frustration', 'Return', 'Torment', 'Echoed Voice', 'Psych Up', 'Swagger', 'Nature Power', 'Confide']"
#788,Tapu Fini,"['water', 'fairy']","['Misty Surge', 'Telepathy']",70,75,115,95,130,85,"['ground', 'rock', 'fighting', 'dark']","['water', 'grass', 'poison', 'steel']","['fire', 'water', 'ice', 'fighting', 'bug', 'dragon', 'dark']","['grass', 'electric', 'poison']",570,95,"['Disarming Voice', 'Water Gun', 'Withdraw', 'Haze', 'Mist', 'Aqua Ring', 'Water Pulse', 'Brine', 'Defog', 'Heal Pulse', 'Surf', 'Muddy Water', 'Mean Look', ""Nature's Madness"", 'Moonblast', 'Hydro Pump', 'Soak', 'Misty Terrain', 'Ice Punch', 'Hyper Beam', 'Giga Impact', 'Light Screen', 'Reflect', 'Safeguard', 'Rest', 'Snore', 'Protect', 'Icy Wind', 'Rain Dance', 'Whirlpool', 'Facade', 'Dive', 'Fling', 'Guard Swap', 'Wonder Room', 'Magic Room', 'Round', 'Draining Kiss', 'Smart Strike', 'Ice Beam', 'Blizzard', 'Waterfall', 'Substitute', 'Endure', 'Sleep Talk', 'Shadow Ball', 'Taunt', 'Trick', 'Iron Defense', 'Calm Mind', 'Grass Knot', 'Stored Power', 'Scald', 'Play Rough', 'Dazzling Gleam', 'Refresh', 'Gravity', 'Knock Off', 'Magic Coat', 'Telekinesis', 'Toxic', 'Hidden Power', 'Frustration', 'Return', 'Double Team', 'Torment', 'Echoed Voice', 'Psych Up', 'Swagger', 'Nature Power', 'Confide']"
#789,Cosmog,['psychic'],['Unaware'],43,29,31,29,31,37,"['fighting', 'poison']","['steel', 'dark', 'psychic']","['fighting', 'psychic']","['bug', 'ghost', 'dark']",200,33,"['Splash', 'Teleport']"
#790,Cosmoem,['psychic'],['Sturdy'],43,29,131,29,131,37,"['fighting', 'poison']","['steel', 'dark', 'psychic']","['fighting', 'psychic']","['bug', 'ghost', 'dark']",400,66,"['Cosmic Power', 'Teleport', 'Splash']"
#791,Solgaleo,"['psychic', 'steel']",['Full Metal Body'],137,137,107,113,89,97,"['fighting', 'poison', 'rock', 'ice', 'fairy']","['steel', 'dark', 'psychic', 'fire', 'water', 'electric']","['psychic', 'normal', 'flying', 'poison', 'rock', 'steel', 'grass', 'ice', 'dragon', 'fairy']","['ghost', 'dark', 'ground', 'fire']",680,113,"['Sunsteel Strike', 'Cosmic Power', 'Metal Claw', 'Noble Roar', 'Teleport', 'Iron Head', 'Metal Sound', 'Zen Headbutt', 'Flash Cannon', 'Morning Sun', 'Crunch', 'Metal Burst', 'Wild Charge', 'Solar Beam', 'Flare Blitz', 'Wide Guard', 'Giga Impact', 'Expanding Force', 'Meteor Beam', 'Steel Roller', 'Hyper Beam', 'Fire Spin', 'Thunder Wave', 'Light Screen', 'Reflect', 'Safeguard', 'Rest', 'Rock Slide', 'Snore', 'Protect', 'Scary Face', 'Sunny Day', 'Facade', 'Swift', 'Helping Hand', 'Rock Tomb', 'Trick Room', 'Round', 'Bulldoze', 'Snarl', 'Mystical Fire', 'Flamethrower', 'Thunderbolt', 'Thunder', 'Earthquake', 'Psychic', 'Agility', 'Fire Blast', 'Substitute', 'Outrage', 'Psyshock', 'Endure', 'Sleep Talk', 'Iron Tail', 'Future Sight', 'Superpower', 'Hyper Voice', 'Iron Defense', 'Calm Mind', 'Gyro Ball', 'Close Combat', 'Focus Blast', 'Stone Edge', 'Heavy Slam', 'Work Up', 'Heat Crash', 'Psychic Fangs', 'Wake-Up Slap', 'Endeavor', 'Knock Off', 'Last Resort', 'Shock Wave', 'Splash', 'Roar', 'Toxic', 'Hidden Power', 'Frustration', 'Return', 'Double Team', 'Flame Charge', 'Psych Up', 'Swagger', 'Confide']"
#792,Lunala,"['psychic', 'ghost']",['Shadow Shield'],137,113,89,137,107,97,"['fighting', 'poison', 'ghost']","['steel', 'dark', 'normal']","['fighting', 'psychic', 'normal', 'poison']","['ghost', 'dark']",680,113,"['Moongeist Beam', 'Confusion', 'Cosmic Power', 'Hypnosis', 'Teleport', 'Night Shade', 'Confuse Ray', 'Air Slash', 'Shadow Ball', 'Moonlight', 'Night Daze', 'Magic Coat', 'Moonblast', 'Phantom Force', 'Dream Eater', 'Wide Guard', 'Hyper Beam', 'Dual Wingbeat', 'Expanding Force', 'Meteor Beam', 'Poltergeist', 'Fly', 'Giga Impact', 'Solar Beam', 'Thunder Wave', 'Light Screen', 'Reflect', 'Safeguard', 'Rest', 'Snore', 'Protect', 'Scary Face', 'Icy Wind', 'Sunny Day', 'Will-O-Wisp', 'Facade', 'Swift', 'Helping Hand', 'Shadow Claw', 'Psycho Cut', 'Trick Room', 'Wonder Room', 'Magic Room', 'Round', 'Hex', 'Acrobatics', 'Ice Beam', 'Blizzard', 'Thunderbolt', 'Thunder', 'Psychic', 'Agility', 'Substitute', 'Psyshock', 'Endure', 'Sleep Talk', 'Future Sight', 'Heat Wave', 'Trick', 'Calm Mind', 'Focus Blast', 'Work Up', 'Dazzling Gleam', 'Defog', 'Shock Wave', 'Signal Beam', 'Sky Attack', 'Spite', 'Tailwind', 'Telekinesis', 'Splash', 'Roar', 'Toxic', 'Hidden Power', 'Roost', 'Frustration', 'Return', 'Double Team', 'Aerial Ace', 'Charge Beam', 'Sky Drop', 'Psych Up', 'Swagger', 'Confide']"
#793,Nihilego,"['rock', 'poison']",['Beast Boost'],109,53,47,127,131,103,"['flying', 'bug', 'fire', 'ice', 'grass', 'fairy']","['fighting', 'ground', 'steel', 'poison', 'rock', 'ghost']","['normal', 'flying', 'poison', 'fire', 'grass', 'fairy', 'bug']","['ground', 'steel', 'water', 'grass', 'psychic']",570,95,"['Pound', 'Wrap', 'Acid', 'Tickle', 'Acid Spray', 'Clear Smog', 'Guard Split', 'Power Split', 'Venoshock', 'Headbutt', 'Toxic Spikes', 'Venom Drench', 'Power Gem', 'Stealth Rock', 'Mirror Coat', 'Wonder Room', 'Head Smash', 'Corrosive Gas', 'Meteor Beam', 'Thunder Wave', 'Light Screen', 'Safeguard', 'Rest', 'Rock Slide', 'Snore', 'Protect', 'Sandstorm', 'Facade', 'Rock Tomb', 'Trick Room', 'Cross Poison', 'Round', 'Hex', 'Brutal Swing', 'Body Slam', 'Thunderbolt', 'Thunder', 'Psychic', 'Substitute', 'Sludge Bomb', 'Psyshock', 'Endure', 'Sleep Talk', 'Poison Jab', 'Zen Headbutt', 'Gunk Shot', 'Iron Head', 'Grass Knot', 'Sludge Wave', 'Foul Play', 'Ally Switch', 'Dazzling Gleam', 'Constrict', 'Psywave', 'Bind', 'Knock Off', 'Magic Coat', 'Pain Split', 'Role Play', 'Spite', 'Telekinesis', 'Worry Seed', 'Toxic', 'Hidden Power', 'Frustration', 'Return', 'Double Team', 'Reflect', 'Echoed Voice', 'Charge Beam', 'Swagger', 'Confide']"
#794,Buzzwole,"['bug', 'fighting']",['Beast Boost'],107,139,139,53,53,79,"['grass', 'dark', 'normal', 'rock', 'ice']","['fighting', 'flying', 'poison', 'ghost', 'fire', 'fairy', 'bug']","['fighting', 'ground', 'grass', 'bug', 'ghost']","['flying', 'fire', 'psychic', 'fairy']",570,95,"['Harden', 'Power-Up Punch', 'Taunt', 'Fell Stinger', 'Vital Throw', 'Bulk Up', 'Endure', 'Reversal', 'Mega Punch', 'Lunge', 'Focus Energy', 'Dynamic Punch', 'Counter', 'Hammer Arm', 'Superpower', 'Focus Punch', 'Coaching', 'Dual Wingbeat', 'Ice Punch', 'Thunder Punch', 'Giga Impact', 'Rest', 'Rock Slide', 'Snore', 'Protect', 'Facade', 'Revenge', 'Brick Break', 'Rock Tomb', 'Bounce', 'Payback', 'Fling', 'Drain Punch', 'Low Sweep', 'Round', 'Bulldoze', 'False Swipe', 'Stomping Tantrum', 'Body Slam', 'Earthquake', 'Leech Life', 'Substitute', 'Outrage', 'Sleep Talk', 'Gyro Ball', 'Close Combat', 'Poison Jab', 'Iron Head', 'Stone Edge', 'Work Up', 'Darkest Lariat', 'High Horsepower', 'Comet Punch', 'Bug Bite', 'Dual Chop', 'Endeavor', 'Toxic', 'Hidden Power', 'Roost', 'Frustration', 'Smack Down', 'Return', 'Double Team', 'Swagger', 'Confide']"
#795,Pheromosa,"['bug', 'fighting']",['Beast Boost'],71,137,37,137,37,151,"['grass', 'dark', 'normal', 'rock', 'ice']","['fighting', 'flying', 'poison', 'ghost', 'fire', 'fairy', 'bug']","['fighting', 'ground', 'grass', 'bug', 'ghost']","['flying', 'fire', 'psychic', 'fairy']",570,95,"['Feint', 'Rapid Spin', 'Leer', 'Quick Guard', 'Bug Bite', 'Low Kick', 'Double Kick', 'Triple Kick', 'Stomp', 'Agility', 'Lunge', 'Bounce', 'Speed Swap', 'Bug Buzz', 'Quiver Dance', 'High Jump Kick', 'Coaching', 'Skitter Smack', 'Triple Axel', 'Hyper Beam', 'Giga Impact', 'Rest', 'Snore', 'Protect', 'Icy Wind', 'Facade', 'Swift', 'Brick Break', 'U-turn', 'Assurance', 'Fling', 'Low Sweep', 'Round', 'Electroweb', 'False Swipe', 'Ice Beam', 'Blizzard', 'Substitute', 'Outrage', 'Endure', 'Sleep Talk', 'Taunt', 'Close Combat', 'Poison Jab', 'Focus Blast', 'Foul Play', 'Drill Run', 'Throat Chop', 'Silver Wind', 'Jump Kick', 'Me First', 'Block', 'Laser Focus', 'Shock Wave', 'Signal Beam', 'Snatch', 'Toxic', 'Hidden Power', 'Roost', 'Frustration', 'Return', 'Double Team', 'Torment', 'Echoed Voice', 'Swagger', 'Confide']"
#796,Xurkitree,['electric'],['Beast Boost'],83,89,71,173,71,83,"['flying', 'water']","['ground', 'grass', 'electric', 'dragon']","['flying', 'steel', 'electric']",['ground'],570,95,"['Thunder Shock', 'Wrap', 'Charge', 'Thunder Wave', 'Ingrain', 'Spark', 'Shock Wave', 'Hypnosis', 'Eerie Impulse', 'Thunder Punch', 'Discharge', 'Magnet Rise', 'Thunderbolt', 'Electric Terrain', 'Power Whip', 'Zap Cannon', 'Rising Voltage', 'Hyper Beam', 'Giga Impact', 'Solar Beam', 'Light Screen', 'Reflect', 'Rest', 'Snore', 'Protect', 'Rain Dance', 'Sunny Day', 'Facade', 'Fling', 'Round', 'Volt Switch', 'Electroweb', 'Brutal Swing', 'Thunder', 'Substitute', 'Endure', 'Sleep Talk', 'Calm Mind', 'Energy Ball', 'Grass Knot', 'Electro Ball', 'Wild Charge', 'Dazzling Gleam', 'Tail Glow', 'Signal Beam', 'Ion Deluge', 'Bind', 'Gravity', 'Magic Coat', 'Toxic', 'Hidden Power', 'Frustration', 'Return', 'Double Team', 'Charge Beam', 'Swagger', 'Nature Power', 'Confide']"
#797,Celesteela,"['steel', 'flying']",['Beast Boost'],97,101,103,107,101,61,"['ice', 'fairy', 'fighting', 'bug', 'grass']","['steel', 'fire', 'water', 'electric']","['normal', 'flying', 'poison', 'bug', 'steel', 'grass', 'psychic', 'dragon', 'fairy', 'ground']","['ground', 'fire', 'electric']",570,95,"['Absorb', 'Tackle', 'Harden', 'Wide Guard', 'Mega Drain', 'Smack Down', 'Ingrain', 'Autotomize', 'Giga Drain', 'Flash Cannon', 'Metal Sound', 'Iron Defense', 'Leech Seed', 'Heavy Slam', 'Double-Edge', 'Skull Bash', 'Meteor Beam', 'Steel Roller', 'Fly', 'Hyper Beam', 'Giga Impact', 'Solar Beam', 'Self-Destruct', 'Rest', 'Rock Slide', 'Snore', 'Protect', 'Facade', 'Round', 'Acrobatics', 'Bulldoze', 'Air Slash', 'Smart Strike', 'Brutal Swing', 'Stomping Tantrum', 'Body Slam', 'Flamethrower', 'Earthquake', 'Fire Blast', 'Substitute', 'Endure', 'Sleep Talk', 'Megahorn', 'Superpower', 'Gyro Ball', 'Seed Bomb', 'Energy Ball', 'Zen Headbutt', 'Iron Head', 'Stone Edge', 'Grass Knot', 'Block', 'Gravity', 'Magnet Rise', 'Shock Wave', 'Toxic', 'Hidden Power', 'Frustration', 'Return', 'Double Team', 'Flame Charge', 'Explosion', 'Swagger', 'Confide']"
#798,Kartana,"['grass', 'steel']",['Beast Boost'],59,181,131,59,31,109,"['ground', 'rock', 'ice', 'fairy']","['flying', 'poison', 'bug', 'steel', 'fire', 'grass', 'dragon', 'electric']","['water', 'grass', 'electric', 'normal', 'poison', 'rock', 'steel', 'psychic', 'dragon', 'fairy']","['poison', 'fire', 'fighting']",570,95,"['Fury Cutter', 'Vacuum Wave', 'Razor Leaf', 'False Swipe', 'Cut', 'Air Cutter', 'Aerial Ace', 'Detect', 'Night Slash', 'Synthesis', 'Laser Focus', 'Defog', 'Leaf Blade', 'Sacred Sword', 'Swords Dance', 'Guillotine', 'Giga Impact', 'Solar Blade', 'Screech', 'Rest', 'Snore', 'Protect', 'Giga Drain', 'Brick Break', 'Psycho Cut', 'Round', 'Air Slash', 'Smart Strike', 'Substitute', 'Endure', 'Sleep Talk', 'Iron Defense', 'Calm Mind', 'X-Scissor', 'Knock Off', 'Last Resort', 'Tailwind', 'Toxic', 'Hidden Power', 'Frustration', 'Return', 'Double Team', 'Swagger', 'Confide']"
#799,Guzzlord,"['dark', 'dragon']",['Beast Boost'],223,101,53,97,53,43,"['ghost', 'psychic', 'dragon']","['fighting', 'dark', 'fairy', 'steel']","['ghost', 'psychic', 'dark', 'fire', 'water', 'grass', 'electric']","['fighting', 'bug', 'fairy', 'ice', 'dragon']",570,95,"['Bite', 'Dragon Tail', 'Stockpile', 'Swallow', 'Knock Off', 'Stomp', 'Stomping Tantrum', 'Wide Guard', 'Crunch', 'Body Slam', 'Gastro Acid', 'Hammer Arm', 'Heavy Slam', 'Dragon Rush', 'Belch', 'Thrash', 'Giga Impact', 'Corrosive Gas', 'Lash Out', 'Steel Roller', 'Mega Punch', 'Mega Kick', 'Hyper Beam', 'Rest', 'Rock Slide', 'Thief', 'Snore', 'Protect', 'Facade', 'Brick Break', 'Rock Tomb', 'Payback', 'Fling', 'Drain Punch', 'Shadow Claw', 'Round', 'Bulldoze', 'Snarl', 'Brutal Swing', 'Flamethrower', 'Earthquake', 'Fire Blast', 'Amnesia', 'Substitute', 'Sludge Bomb', 'Outrage', 'Endure', 'Sleep Talk', 'Iron Tail', 'Heat Wave', 'Iron Defense', 'Dragon Claw', 'Gyro Ball', 'Poison Jab', 'Dark Pulse', 'Dragon Pulse', 'Iron Head', 'Stone Edge', 'Sludge Wave', 'Heat Crash', 'High Horsepower', 'Body Press', 'Dragon Rage', 'Steamroller', 'Wring Out', 'Draco Meteor', 'Dual Chop', 'Last Resort', 'Magnet Rise', 'Shock Wave', 'Toxic', 'Hidden Power', 'Frustration', 'Smack Down', 'Return', 'Double Team']"
#800,Necrozma,['psychic'],['Prism Armor'],97,107,101,127,89,79,"['fighting', 'poison']","['steel', 'dark', 'psychic']","['fighting', 'psychic']","['bug', 'ghost', 'dark']",600,100,"['Charge Beam', 'Confusion', 'Gravity', 'Metal Claw', 'Moonlight', 'Morning Sun', 'Stealth Rock', 'Slash', 'Night Slash', 'Psycho Cut', 'Stored Power', 'Rock Blast', 'Iron Defense', 'Power Gem', 'Photon Geyser', 'Autotomize', 'Prismatic Laser', 'Expanding Force', 'Meteor Beam', 'Hyper Beam', 'Giga Impact', 'Solar Beam', 'Thunder Wave', 'Light Screen', 'Reflect', 'Rest', 'Rock Slide', 'Thief', 'Snore', 'Protect', 'Scary Face', 'Facade', 'Brick Break', 'Imprison', 'Rock Tomb', 'Fling', 'Shadow Claw', 'Trick Room', 'Round', 'Bulldoze', 'Smart Strike', 'Brutal Swing', 'Breaking Swipe', 'Swords Dance', 'Earthquake', 'Psychic', 'Substitute', 'Outrage', 'Psyshock', 'Endure', 'Sleep Talk', 'Future Sight', 'Heat Wave', 'Hyper Voice', 'Cosmic Power', 'Calm Mind', 'Dragon Dance', 'Gyro Ball', 'Dark Pulse', 'X-Scissor', 'Dragon Pulse', 'Earth Power', 'Flash Cannon', 'Iron Head', 'Stone Edge', 'Ally Switch', 'Psychic Fangs', 'Mirror Shot', 'Wring Out', 'Knock Off', 'Magnet Rise', 'Recycle', 'Shock Wave', 'Signal Beam', 'Telekinesis', 'Toxic', 'Hidden Power', 'Frustration', 'Return', 'Double Team', 'Aerial Ace', 'Embargo', 'Rock Polish', 'Swagger', 'Confide']"
#803,Poipole,['poison'],['Beast Boost'],67,73,67,73,67,73,"['grass', 'fairy']","['poison', 'ground', 'rock', 'steel', 'ghost']","['fighting', 'poison', 'grass', 'fairy', 'bug']","['ground', 'psychic']",420,70,"['Dragon Pulse', 'Acid', 'Growl', 'Helping Hand', 'Peck', 'Fury Attack', 'Fell Stinger', 'Charm', 'Venoshock', 'Venom Drench', 'Nasty Plot', 'Poison Jab', 'Gastro Acid', 'Toxic', 'Pin Missile', 'Rest', 'Snore', 'Protect', 'Facade', 'Round', 'Substitute', 'Sludge Bomb', 'Endure', 'Sleep Talk', 'Iron Tail', 'Uproar', 'Toxic Spikes', 'Gunk Shot', 'Sludge Wave', 'Covet', 'Signal Beam', 'Snatch', 'Hidden Power', 'Frustration', 'Return', 'Echoed Voice', 'Confide']"
#804,Naganadel,"['poison', 'dragon']",['Beast Boost'],73,73,73,127,73,121,"['grass', 'dragon']","['poison', 'ground', 'rock', 'steel', 'ghost']","['fighting', 'poison', 'grass', 'bug', 'fire', 'water', 'electric']","['ground', 'psychic', 'ice', 'dragon']",540,90,"['Dragon Pulse', 'Acid', 'Air Cutter', 'Air Slash', 'Growl', 'Helping Hand', 'Peck', 'Fury Attack', 'Fell Stinger', 'Charm', 'Venoshock', 'Venom Drench', 'Nasty Plot', 'Poison Jab', 'Gastro Acid', 'Toxic', 'Dragon Rush', 'Dual Wingbeat', 'Scale Shot', 'Fly', 'Pin Missile', 'Hyper Beam', 'Giga Impact', 'Rest', 'Thief', 'Snore', 'Protect', 'Facade', 'Swift', 'U-turn', 'Assurance', 'Shadow Claw', 'Cross Poison', 'Round', 'Hex', 'Acrobatics', 'Snarl', 'Smart Strike', 'Breaking Swipe', 'Flamethrower', 'Thunderbolt', 'Fire Blast', 'Leech Life', 'Substitute', 'Sludge Bomb', 'Spikes', 'Outrage', 'Endure', 'Sleep Talk', 'Iron Tail', 'Uproar', 'Heat Wave', 'Dragon Claw', 'Dragon Dance', 'Toxic Spikes', 'Dark Pulse', 'X-Scissor', 'Gunk Shot', 'Sludge Wave', 'Ally Switch', 'Throat Chop', 'Draco Meteor', 'Laser Focus', 'Shock Wave', 'Signal Beam', 'Sky Attack', 'Snatch', 'Tailwind', 'Covet', 'Hidden Power', 'Frustration', 'Return', 'Double Team', 'Aerial Ace', 'Echoed Voice', 'Sky Drop', 'Dragon Tail', 'Confide']"
#805,Stakataka,"['rock', 'steel']",['Beast Boost'],61,131,211,53,101,13,"['flying', 'bug', 'ice', 'rock', 'fairy']","['fighting', 'ground', 'steel', 'water', 'electric']","['normal', 'flying', 'poison', 'rock', 'bug', 'grass', 'psychic', 'ice', 'dragon', 'fairy']","['fighting', 'ground', 'water', 'grass']",570,95,"['Harden', 'Tackle', 'Rock Throw', 'Protect', 'Stomp', 'Block', 'Rock Slide', 'Wide Guard', 'Autotomize', 'Rock Blast', 'Magnet Rise', 'Iron Defense', 'Iron Head', 'Take Down', 'Stealth Rock', 'Double-Edge', 'Meteor Beam', 'Steel Roller', 'Mega Kick', 'Giga Impact', 'Light Screen', 'Reflect', 'Safeguard', 'Rest', 'Snore', 'Sandstorm', 'Facade', 'Rock Tomb', 'Trick Room', 'Wonder Room', 'Magic Room', 'Round', 'Bulldoze', 'Brutal Swing', 'Stomping Tantrum', 'Body Slam', 'Earthquake', 'Substitute', 'Endure', 'Sleep Talk', 'Superpower', 'Skill Swap', 'Gyro Ball', 'Zen Headbutt', 'Flash Cannon', 'Stone Edge', 'Heavy Slam', 'Ally Switch', 'Heat Crash', 'High Horsepower', 'Body Press', 'Bide', 'Bind', 'Gravity', 'Magic Coat', 'Recycle', 'Role Play', 'Telekinesis', 'Toxic', 'Hidden Power', 'Frustration', 'Smack Down', 'Return', 'Rock Polish', 'Infestation']"
#806,Blacephalon,"['fire', 'ghost']",['Beast Boost'],53,127,53,151,79,107,"['bug', 'steel', 'grass', 'ice', 'ghost', 'psychic']","['rock', 'fire', 'water', 'dragon', 'normal', 'dark']","['bug', 'steel', 'fire', 'grass', 'ice', 'normal', 'fighting', 'poison']","['ground', 'rock', 'water', 'ghost', 'dark']",570,95,"['Astonish', 'Fire Spin', 'Light Screen', 'Ember', 'Night Shade', 'Confuse Ray', 'Magic Coat', 'Incinerate', 'Hypnosis', 'Mystical Fire', 'Shadow Ball', 'Calm Mind', 'Will-O-Wisp', 'Trick', 'Fire Blast', 'Mind Blown', 'Expanding Force', 'Fire Punch', 'Hyper Beam', 'Solar Beam', 'Self-Destruct', 'Rest', 'Thief', 'Snore', 'Protect', 'Sunny Day', 'Facade', 'Rock Blast', 'Payback', 'Fling', 'Shadow Claw', 'Round', 'Flamethrower', 'Psychic', 'Substitute', 'Psyshock', 'Endure', 'Sleep Talk', 'Encore', 'Uproar', 'Heat Wave', 'Taunt', 'Overheat', 'Dark Pulse', 'Zen Headbutt', 'Foul Play', 'Stored Power', 'Flame Burst', 'After You', 'Knock Off', 'Last Resort', 'Pain Split', 'Recycle', 'Spite', 'Toxic', 'Hidden Power', 'Frustration', 'Smack Down', 'Return', 'Double Team', 'Torment', 'Flame Charge', 'Quash', 'Explosion', 'Swagger', 'Confide']"
